"word","wordle_valid"
"aahed","True"
"aalii","True"
"aargh","True"
"aaron","False"
"abaca","True"
"abaci","True"
"aback","True"
"abada","False"
"abaff","False"
"abaft","True"
"abaka","True"
"abama","False"
"abamp","True"
"aband","True"
"abase","True"
"abash","True"
"abask","True"
"abate","True"
"abaue","False"
"abave","False"
"abaze","False"
"abbas","True"
"abbes","True"
"abbey","True"
"abbie","False"
"abbot","True"
"abdal","False"
"abdat","False"
"abdom","False"
"abeam","True"
"abear","True"
"abede","False"
"abele","True"
"abend","False"
"aberr","False"
"abets","True"
"abhor","True"
"abide","True"
"abidi","False"
"abies","True"
"abilo","False"
"abime","False"
"abkar","False"
"abled","True"
"abler","True"
"ables","True"
"ablet","True"
"ablow","True"
"abmho","True"
"abner","False"
"abnet","False"
"abode","True"
"abody","False"
"abohm","True"
"aboil","True"
"aboma","True"
"aboon","True"
"abord","True"
"abort","True"
"abote","False"
"about","True"
"above","True"
"abram","True"
"abray","True"
"abret","False"
"abrim","True"
"abrin","True"
"abris","True"
"abrus","False"
"absee","False"
"absey","True"
"absis","False"
"absit","True"
"abstr","False"
"abuna","True"
"abune","True"
"abura","False"
"abuse","True"
"abush","False"
"abuta","False"
"abuts","True"
"abuzz","True"
"abwab","False"
"abyes","True"
"abysm","True"
"abyss","True"
"acale","False"
"acana","False"
"acapu","False"
"acara","False"
"acari","True"
"acast","False"
"acate","False"
"accel","False"
"accoy","True"
"accra","False"
"accts","False"
"accum","False"
"accur","False"
"accus","False"
"acedy","False"
"acerb","True"
"aceta","True"
"achar","True"
"ached","True"
"achen","False"
"acher","False"
"aches","True"
"achoo","True"
"achor","False"
"acids","True"
"acidy","True"
"acier","False"
"acies","False"
"acing","True"
"acini","True"
"ackee","True"
"acker","True"
"ackey","False"
"aclys","False"
"acmes","True"
"acmic","True"
"acned","True"
"acnes","True"
"acock","True"
"acoin","False"
"acold","True"
"acoma","False"
"acone","False"
"acool","False"
"acorn","True"
"acost","False"
"acoup","False"
"acrab","False"
"acred","True"
"acres","True"
"acrid","True"
"acroa","False"
"acron","False"
"acrux","False"
"acryl","False"
"acted","True"
"actin","True"
"acton","True"
"actor","True"
"actos","False"
"actus","False"
"acuan","False"
"acute","True"
"acyls","True"
"adage","True"
"adagy","False"
"adams","False"
"adapa","False"
"adapt","True"
"adati","False"
"adaty","False"
"adawe","False"
"adawn","False"
"adays","True"
"adcon","False"
"addax","True"
"addda","False"
"added","True"
"adder","True"
"addie","False"
"addio","True"
"addis","False"
"addle","True"
"addnl","False"
"adead","False"
"adeem","True"
"adeep","False"
"adela","False"
"adeps","False"
"adept","True"
"adfix","False"
"adiel","False"
"adieu","True"
"adion","False"
"adios","True"
"adits","True"
"adjag","False"
"adlai","False"
"adlay","False"
"adlet","False"
"adman","True"
"admen","True"
"admin","True"
"admit","True"
"admix","True"
"admov","False"
"admrx","False"
"adnex","False"
"adobe","True"
"adobo","True"
"adolf","False"
"adopt","True"
"adore","True"
"adorn","True"
"adown","True"
"adoxa","False"
"adoxy","False"
"adoze","True"
"adpao","False"
"adrad","True"
"adret","False"
"adrip","False"
"adrop","False"
"adrue","False"
"adsum","True"
"adult","True"
"adunc","True"
"adure","False"
"adusk","False"
"adust","True"
"adyta","True"
"adzer","False"
"adzes","True"
"aecia","True"
"aedes","True"
"aeger","False"
"aegir","False"
"aegis","True"
"aegle","False"
"aeons","True"
"aequi","False"
"aeric","False"
"aerie","True"
"aeron","False"
"aesir","True"
"aesop","False"
"aetat","False"
"aevia","False"
"aevum","False"
"aface","False"
"afara","True"
"afars","True"
"afear","True"
"affix","True"
"afgod","False"
"afifi","False"
"afire","True"
"aflat","False"
"afley","False"
"aflow","False"
"afoam","False"
"afoot","True"
"afore","True"
"afoul","True"
"afray","False"
"afret","False"
"afric","False"
"afrit","True"
"afros","True"
"after","True"
"agada","False"
"agade","False"
"again","True"
"agama","True"
"agami","True"
"agamy","False"
"agape","True"
"agars","True"
"agasp","False"
"agast","True"
"agata","False"
"agate","True"
"agaty","False"
"agave","True"
"agaze","True"
"agena","False"
"agend","False"
"agene","True"
"agent","True"
"agers","True"
"agete","False"
"agger","True"
"aggie","True"
"aggro","True"
"aggry","True"
"aggur","False"
"aghan","False"
"aghas","True"
"agiel","False"
"agile","True"
"aging","True"
"agios","True"
"agism","True"
"agist","True"
"aglee","True"
"aglet","True"
"agley","True"
"aglow","True"
"agmas","True"
"agnat","False"
"agnel","False"
"agnes","False"
"agnus","False"
"agoge","True"
"agoho","False"
"agone","True"
"agons","True"
"agony","True"
"agora","False"
"agrah","False"
"agral","False"
"agree","True"
"agria","True"
"agric","False"
"agrin","True"
"agrom","False"
"agron","False"
"agsam","False"
"agues","True"
"aguey","False"
"agura","False"
"agush","False"
"agust","False"
"ahead","True"
"aheap","True"
"ahems","False"
"ahind","True"
"ahint","True"
"ahmed","False"
"ahmet","False"
"ahold","True"
"aholt","False"
"ahong","False"
"ahsan","False"
"ahull","True"
"ahunt","False"
"ahura","False"
"ahush","False"
"ahwal","False"
"aided","True"
"aider","True"
"aides","True"
"aiery","True"
"aiger","False"
"aigre","False"
"ailed","True"
"ailie","False"
"aillt","False"
"aimak","False"
"aimed","True"
"aimee","False"
"aimer","True"
"ainee","True"
"ainoi","False"
"ainus","False"
"aioli","True"
"airan","False"
"aired","True"
"airer","True"
"airns","True"
"airth","True"
"airts","True"
"aisle","True"
"aitch","True"
"aitis","False"
"aiver","True"
"aiwan","False"
"aizle","True"
"ajaja","False"
"ajari","False"
"ajava","False"
"ajhar","False"
"ajiva","True"
"ajuga","True"
"akala","False"
"akali","False"
"akasa","False"
"akebi","False"
"akees","True"
"akeki","False"
"akela","True"
"akene","True"
"aking","True"
"akkad","False"
"aknee","False"
"aknow","False"
"akpek","False"
"akron","False"
"akule","False"
"akund","False"
"alack","True"
"alada","False"
"alain","False"
"alaki","False"
"alala","False"
"alamo","True"
"aland","True"
"alane","True"
"alang","True"
"alani","False"
"alans","True"
"alant","True"
"alapa","True"
"alarm","True"
"alary","True"
"alate","True"
"alawi","False"
"alban","False"
"albas","True"
"albee","True"
"albin","False"
"album","True"
"albus","False"
"albyn","False"
"alcae","False"
"alces","False"
"alcid","True"
"alcor","False"
"alday","False"
"aldea","True"
"alden","False"
"alder","True"
"aldim","False"
"aldol","True"
"aldus","False"
"aleak","False"
"aleck","True"
"alecs","True"
"alefs","True"
"aleft","True"
"alenu","False"
"aleph","True"
"alert","True"
"aleut","False"
"alfas","True"
"alfet","False"
"alfin","False"
"alfur","False"
"algae","True"
"algal","True"
"algas","True"
"algic","False"
"algid","True"
"algin","True"
"algol","False"
"algor","True"
"algum","True"
"alhet","False"
"alias","True"
"alibi","True"
"alice","False"
"alick","False"
"alida","False"
"alids","False"
"alien","True"
"aliet","False"
"alife","False"
"alifs","True"
"align","True"
"alike","True"
"alima","False"
"aline","True"
"alish","False"
"aliso","False"
"alisp","False"
"alist","True"
"alite","False"
"ality","False"
"alive","True"
"aliya","True"
"alkes","False"
"alkin","False"
"alkyd","True"
"alkyl","True"
"allah","False"
"allan","False"
"allay","True"
"allen","False"
"aller","False"
"alley","True"
"allez","False"
"allie","False"
"allis","True"
"allod","True"
"alloo","False"
"allot","True"
"allow","True"
"alloy","True"
"allyl","True"
"almah","True"
"alman","False"
"almas","True"
"almeh","True"
"almes","True"
"almon","False"
"almud","True"
"almug","True"
"alnus","False"
"alody","False"
"aloed","True"
"aloes","True"
"aloft","True"
"alogy","False"
"aloha","True"
"aloid","False"
"aloin","True"
"alois","False"
"aloma","False"
"alone","True"
"along","True"
"aloof","True"
"alosa","False"
"alose","False"
"aloud","True"
"alout","False"
"alowe","True"
"alpax","False"
"alpen","False"
"alpha","True"
"alpid","False"
"altar","True"
"alter","True"
"altho","True"
"altin","False"
"altos","True"
"altun","False"
"altus","False"
"aluco","False"
"alula","True"
"alums","True"
"alure","True"
"aluta","False"
"alvah","False"
"alvan","False"
"alvar","True"
"alvia","False"
"alvin","False"
"alvus","False"
"alway","True"
"amaas","False"
"amadi","False"
"amaga","False"
"amahs","True"
"amain","True"
"amala","False"
"amalg","False"
"amang","False"
"amani","False"
"amant","False"
"amapa","False"
"amara","False"
"amass","True"
"amate","True"
"amati","False"
"amaut","True"
"amaze","True"
"amban","True"
"ambar","False"
"ambas","False"
"ambay","False"
"amber","True"
"ambit","True"
"amble","True"
"ambon","False"
"ambos","True"
"ambry","True"
"ameba","True"
"ameed","False"
"ameen","False"
"ameer","True"
"amelu","False"
"amend","True"
"amene","True"
"amens","True"
"ament","True"
"amess","False"
"amhar","False"
"amias","True"
"amice","True"
"amici","True"
"amide","True"
"amido","True"
"amids","True"
"amies","True"
"amiga","True"
"amigo","True"
"amine","True"
"amini","False"
"amino","True"
"amins","True"
"amire","False"
"amirs","True"
"amish","False"
"amiss","True"
"amita","False"
"amity","True"
"amlet","False"
"amman","True"
"ammer","False"
"ammos","True"
"amnia","True"
"amnic","True"
"amoke","False"
"amoks","True"
"amole","True"
"among","True"
"amora","False"
"amort","True"
"amour","True"
"amove","True"
"amowt","True"
"amper","False"
"amphi","False"
"ample","True"
"amply","True"
"ampul","True"
"ampyx","False"
"amrit","True"
"amsel","False"
"amuck","True"
"amula","False"
"amuse","True"
"amuze","False"
"amvis","False"
"amylo","False"
"amyls","True"
"amzel","False"
"anabo","False"
"anack","False"
"anama","False"
"anana","True"
"anasa","False"
"ancha","False"
"ancle","True"
"ancon","True"
"ancor","False"
"ancre","False"
"andes","False"
"andia","False"
"andor","False"
"andre","False"
"anear","True"
"anele","True"
"anend","False"
"anent","True"
"angas","True"
"angel","True"
"anger","True"
"angia","False"
"angie","False"
"angka","False"
"angle","True"
"anglo","True"
"angor","False"
"angry","True"
"angst","True"
"angus","False"
"anhyd","False"
"aniba","False"
"anice","False"
"anigh","True"
"anile","True"
"anils","True"
"anima","True"
"anime","True"
"animi","True"
"animo","False"
"anion","True"
"anise","True"
"anita","False"
"anjan","False"
"anjou","False"
"ankee","False"
"anker","True"
"ankhs","True"
"ankle","True"
"ankou","False"
"ankus","True"
"anlas","True"
"anlet","False"
"anlia","False"
"anmia","False"
"annal","True"
"annam","False"
"annas","True"
"annat","True"
"annet","False"
"annex","True"
"annie","False"
"anniv","False"
"annot","False"
"annoy","True"
"annul","True"
"annum","False"
"annus","False"
"anoas","True"
"anode","True"
"anoia","False"
"anoil","False"
"anole","True"
"anoli","False"
"anomy","True"
"anorn","False"
"anour","False"
"anous","False"
"anova","False"
"ansae","True"
"ansar","False"
"ansel","False"
"anser","False"
"antae","True"
"antal","False"
"antar","True"
"antas","True"
"anted","True"
"antes","True"
"antic","True"
"antiq","False"
"antis","True"
"anton","False"
"antra","True"
"antre","True"
"antsy","True"
"antum","False"
"anura","True"
"anury","False"
"anvil","True"
"anzac","False"
"aoife","False"
"aorta","True"
"aotea","False"
"aotes","False"
"aotus","False"
"aouad","False"
"apace","True"
"apaid","True"
"apair","False"
"apama","False"
"apart","True"
"apass","False"
"apast","False"
"apeak","True"
"apeek","True"
"apers","True"
"apert","True"
"aperu","False"
"apery","True"
"aphid","True"
"aphis","True"
"aphra","False"
"apian","True"
"apiin","False"
"apili","False"
"apina","False"
"aping","True"
"apiol","True"
"apios","False"
"apish","True"
"apism","True"
"apium","False"
"apnea","True"
"apoda","False"
"apods","True"
"apoop","True"
"aport","True"
"apout","False"
"appal","True"
"appar","False"
"appay","True"
"appel","True"
"appet","False"
"apple","True"
"apply","True"
"appmt","False"
"appro","True"
"apptd","False"
"appui","True"
"apres","True"
"april","False"
"apron","True"
"apses","True"
"apsid","False"
"apsis","True"
"aptal","False"
"apter","True"
"aptly","True"
"aquae","True"
"aquas","True"
"araba","True"
"arabs","False"
"araby","False"
"araca","False"
"arace","False"
"arach","False"
"arado","False"
"arage","False"
"arain","False"
"arake","False"
"araks","True"
"aramu","False"
"arank","False"
"arara","False"
"araru","False"
"arase","False"
"arati","False"
"araua","False"
"arawa","False"
"arber","False"
"arbor","True"
"arcae","False"
"arced","True"
"arces","False"
"archd","False"
"arche","False"
"archt","False"
"archy","False"
"arcos","True"
"arcus","True"
"ardea","False"
"ardeb","True"
"arder","False"
"ardor","True"
"ardri","True"
"aread","True"
"areae","True"
"areal","True"
"arean","False"
"arear","True"
"areas","True"
"areca","True"
"areek","False"
"areel","False"
"arefy","True"
"areic","True"
"arena","True"
"arend","False"
"areng","False"
"arent","False"
"arere","True"
"arest","False"
"arete","True"
"argal","True"
"argan","True"
"argas","False"
"argel","False"
"argid","False"
"argil","True"
"argin","False"
"argle","True"
"argol","True"
"argon","True"
"argos","False"
"argot","True"
"argue","True"
"argus","True"
"arhar","False"
"arhat","True"
"arian","False"
"arias","True"
"ariel","True"
"aries","False"
"ariki","True"
"arils","True"
"arioi","False"
"arion","False"
"ariot","True"
"arise","True"
"arish","True"
"arist","False"
"arite","False"
"arith","False"
"arius","False"
"arjun","False"
"arkab","False"
"arkie","False"
"arles","True"
"armed","True"
"armer","True"
"armet","True"
"armil","True"
"armit","False"
"armor","True"
"arneb","False"
"arnee","False"
"arnut","True"
"aroar","False"
"arock","False"
"aroid","True"
"aroma","True"
"aroon","False"
"aroph","False"
"arose","True"
"arpen","True"
"arrah","True"
"arras","True"
"arrau","False"
"array","True"
"arret","True"
"arrgt","False"
"arrha","False"
"arrie","False"
"arris","True"
"arrow","True"
"arroz","True"
"arses","True"
"arsis","True"
"arsle","False"
"arson","True"
"arsyl","False"
"artal","True"
"artar","False"
"artel","True"
"arter","False"
"artha","False"
"artic","True"
"artie","False"
"artly","False"
"artou","False"
"artsy","True"
"artus","False"
"aruac","False"
"aruke","False"
"arulo","False"
"arums","True"
"arupa","False"
"arusa","False"
"arval","True"
"arvel","False"
"arvos","True"
"aryan","False"
"aryls","True"
"arzan","False"
"arzun","False"
"asale","False"
"asana","True"
"asaph","False"
"asarh","False"
"ascan","False"
"ascii","False"
"ascon","True"
"ascot","True"
"ascry","False"
"ascus","True"
"asdic","True"
"asgmt","False"
"ashed","True"
"ashen","True"
"asher","False"
"ashes","True"
"ashet","True"
"ashir","False"
"ashot","False"
"ashur","False"
"asian","False"
"aside","True"
"askar","False"
"asked","True"
"asker","True"
"askew","True"
"askip","False"
"askoi","True"
"askos","True"
"aslop","False"
"asoak","False"
"asoka","False"
"aspca","False"
"aspen","True"
"asper","True"
"aspic","True"
"aspis","True"
"assai","True"
"assam","True"
"assay","True"
"asses","True"
"asset","True"
"assis","False"
"assoc","False"
"assot","True"
"astay","False"
"astel","False"
"aster","True"
"astir","True"
"astor","False"
"astre","False"
"astur","False"
"asuri","False"
"asway","True"
"aswim","True"
"asyla","True"
"asyle","False"
"async","False"
"atake","False"
"atame","False"
"atavi","False"
"ataxy","True"
"ateba","False"
"atees","False"
"atelo","False"
"ately","False"
"athar","False"
"athel","False"
"atilt","True"
"atimy","True"
"ating","False"
"atlas","True"
"atlee","False"
"atman","True"
"atmas","True"
"atmid","False"
"atmos","True"
"atnah","False"
"atoke","True"
"atole","False"
"atoll","True"
"atoms","True"
"atomy","True"
"atone","True"
"atony","True"
"atopy","True"
"atour","False"
"atren","False"
"atria","True"
"atrip","True"
"attal","False"
"attar","True"
"atter","False"
"attic","True"
"attid","False"
"attle","False"
"attry","False"
"atule","False"
"atune","False"
"atwin","False"
"atypy","False"
"aubin","False"
"aucan","False"
"aucht","False"
"audad","True"
"audio","True"
"audit","True"
"aueto","False"
"augen","False"
"auger","True"
"auget","False"
"aught","True"
"augur","True"
"aulae","False"
"aulas","True"
"aulic","True"
"auloi","True"
"aulos","True"
"aumil","True"
"aunts","True"
"aunty","True"
"aurae","True"
"aural","True"
"aurar","True"
"auras","True"
"aurei","True"
"aures","True"
"auric","True"
"aurin","False"
"aurir","False"
"auris","True"
"aurum","True"
"auryl","False"
"autem","False"
"autor","False"
"autos","True"
"autre","False"
"auxil","False"
"auxin","True"
"avahi","False"
"avail","True"
"avale","True"
"avant","True"
"avars","False"
"avast","True"
"avell","False"
"avena","False"
"avens","True"
"aveny","False"
"avera","False"
"avern","False"
"avers","True"
"avert","True"
"avery","False"
"avgas","True"
"avian","True"
"avick","False"
"aview","False"
"avile","False"
"avine","True"
"avion","True"
"aviso","True"
"avoid","True"
"avoir","False"
"avoke","False"
"avoue","False"
"avour","False"
"avowe","False"
"avows","True"
"awabi","False"
"awacs","False"
"awaft","False"
"await","True"
"awake","True"
"awald","False"
"awalt","False"
"awane","False"
"award","True"
"aware","True"
"awarn","True"
"awash","True"
"awave","True"
"aways","True"
"awber","False"
"aweek","False"
"aweel","True"
"awest","False"
"aweto","True"
"awful","True"
"awhet","False"
"awhir","False"
"awide","False"
"awing","True"
"awink","False"
"awiwi","False"
"awkly","False"
"awned","True"
"awner","True"
"awoke","True"
"awols","True"
"awork","True"
"axels","True"
"axers","False"
"axial","True"
"axile","True"
"axils","True"
"axine","False"
"axing","True"
"axiom","True"
"axion","True"
"axite","True"
"axled","True"
"axles","True"
"axman","True"
"axmen","True"
"axoid","True"
"axone","True"
"axons","True"
"ayahs","True"
"ayelp","True"
"ayens","False"
"ayins","True"
"aylet","False"
"ayllu","False"
"ayond","False"
"ayont","True"
"ayous","False"
"ayuyu","False"
"azans","True"
"azide","True"
"azido","True"
"azine","True"
"azlon","True"
"azoch","False"
"azofy","False"
"azoic","True"
"azole","True"
"azons","True"
"azote","True"
"azoth","True"
"azoxy","False"
"aztec","False"
"azure","True"
"azury","True"
"azyme","True"
"baaed","True"
"baals","True"
"babai","False"
"babas","True"
"babby","False"
"babel","True"
"babes","True"
"babis","False"
"babka","True"
"bable","False"
"baboo","True"
"babua","False"
"babul","True"
"babus","True"
"bacao","False"
"bacca","True"
"baccy","True"
"bache","False"
"bacin","False"
"bacis","False"
"backs","True"
"backy","False"
"bacon","True"
"badan","False"
"baddy","True"
"badge","True"
"badju","False"
"badly","True"
"badon","False"
"baffs","True"
"baffy","True"
"bafta","False"
"bagdi","False"
"bagel","True"
"bagge","False"
"baggy","True"
"bagie","True"
"bagio","False"
"bagle","False"
"bagne","False"
"bagre","False"
"bahai","False"
"baham","False"
"bahan","False"
"bahar","False"
"bahay","False"
"bahoe","False"
"bahoo","False"
"bahts","True"
"bahur","False"
"bahut","True"
"baign","False"
"baile","False"
"bailo","False"
"bails","True"
"baioc","False"
"bairn","True"
"baith","True"
"baits","True"
"baiza","True"
"baize","True"
"bajan","True"
"bajau","False"
"bajra","True"
"bajri","True"
"bakal","False"
"baked","True"
"baken","True"
"baker","True"
"bakes","True"
"bakie","False"
"bakli","False"
"bakra","True"
"balai","False"
"balak","False"
"balan","False"
"balao","False"
"balas","True"
"balat","False"
"balau","False"
"balds","True"
"baldy","True"
"baled","True"
"balei","False"
"baler","True"
"bales","True"
"balks","True"
"balky","True"
"balli","False"
"ballo","False"
"balls","True"
"bally","True"
"balms","True"
"balmy","True"
"balon","False"
"baloo","True"
"balor","False"
"balow","False"
"balsa","True"
"balti","True"
"balun","True"
"balut","False"
"balza","False"
"bamah","False"
"banak","True"
"banal","True"
"banat","False"
"banba","False"
"banca","False"
"banco","True"
"banda","True"
"bande","False"
"bandh","True"
"bandi","False"
"bando","False"
"bands","True"
"bandy","True"
"baned","True"
"banes","True"
"banff","False"
"banga","False"
"bange","False"
"bangs","True"
"bangy","False"
"bania","True"
"banig","False"
"banjo","True"
"banks","True"
"banky","False"
"banns","True"
"bantu","True"
"banty","True"
"banus","False"
"banya","True"
"barad","False"
"barat","False"
"barba","False"
"barbe","True"
"barbs","True"
"barbu","False"
"barde","True"
"bardo","True"
"bards","True"
"bardy","True"
"bared","True"
"barer","True"
"bares","True"
"baret","False"
"barff","False"
"barfs","True"
"barfy","False"
"barge","True"
"bargh","False"
"baria","False"
"baric","True"
"barid","False"
"barie","False"
"barih","False"
"baris","False"
"barit","False"
"barks","True"
"barky","True"
"barly","False"
"barms","True"
"barmy","True"
"barns","True"
"barny","True"
"baroi","False"
"baron","True"
"barra","True"
"barre","True"
"barry","True"
"barse","False"
"barth","False"
"barye","True"
"basad","False"
"basal","True"
"basan","True"
"basat","False"
"based","True"
"baser","True"
"bases","True"
"basic","True"
"basil","True"
"basin","True"
"basis","True"
"baske","False"
"basks","True"
"bason","True"
"basos","False"
"bassa","False"
"bassi","True"
"basso","True"
"bassy","True"
"basta","True"
"baste","True"
"basti","True"
"basto","True"
"basts","True"
"basyl","False"
"batad","False"
"batak","False"
"batan","False"
"batch","True"
"batea","False"
"bated","True"
"batel","False"
"bater","False"
"bates","True"
"bathe","True"
"baths","True"
"batik","True"
"batis","False"
"baton","True"
"batta","True"
"batts","True"
"battu","True"
"batty","True"
"batwa","False"
"baubo","False"
"bauch","False"
"bauds","True"
"bauge","False"
"bauld","False"
"baulk","True"
"baume","False"
"bauno","False"
"baure","False"
"bauta","False"
"bavin","True"
"bawds","True"
"bawdy","True"
"bawke","False"
"bawls","True"
"bawly","False"
"bawra","False"
"bawty","True"
"bayal","False"
"bayed","True"
"bayok","False"
"bayou","True"
"bazar","True"
"bazoo","True"
"beach","True"
"beads","True"
"beady","True"
"beaks","True"
"beaky","True"
"beala","False"
"beams","True"
"beamy","True"
"beano","True"
"beans","True"
"beant","False"
"beany","True"
"beard","True"
"bearm","False"
"bears","True"
"beast","True"
"beata","False"
"beath","True"
"beati","False"
"beats","True"
"beaus","True"
"beaut","True"
"beaux","True"
"bebar","False"
"bebat","False"
"bebay","False"
"bebed","False"
"bebog","False"
"bebop","True"
"becap","True"
"becco","False"
"beche","False"
"becks","True"
"becky","False"
"becry","False"
"becut","False"
"bedad","True"
"beday","False"
"bedel","True"
"beden","False"
"bedew","True"
"bedim","True"
"bedin","False"
"bedip","False"
"bedog","False"
"bedot","False"
"bedub","False"
"bedur","False"
"bedye","True"
"beech","True"
"beedi","True"
"beefs","True"
"beefy","True"
"beele","False"
"beent","False"
"beeps","True"
"beers","True"
"beery","True"
"beest","False"
"beeth","False"
"beets","True"
"beety","False"
"beeve","False"
"befan","False"
"befit","True"
"befog","True"
"befop","False"
"befur","False"
"begad","True"
"began","True"
"begar","True"
"begat","True"
"begay","False"
"begem","True"
"beget","True"
"begin","True"
"begob","False"
"begod","False"
"begot","True"
"begum","True"
"begun","True"
"begut","False"
"behap","False"
"behav","False"
"behen","False"
"behew","False"
"beice","False"
"beige","True"
"beigy","True"
"beild","False"
"being","True"
"beira","False"
"beisa","False"
"bejan","False"
"bejel","False"
"bejig","False"
"bekah","True"
"bekko","False"
"belah","True"
"belam","False"
"belap","False"
"belar","True"
"belat","False"
"belay","True"
"belch","True"
"belee","True"
"belga","True"
"belie","True"
"belis","False"
"bella","False"
"belle","True"
"belli","False"
"bello","False"
"bells","True"
"belly","True"
"below","True"
"belts","True"
"belue","False"
"belve","False"
"bemad","True"
"beman","False"
"bemar","False"
"bemas","True"
"bemat","False"
"bemba","False"
"bemix","True"
"bemol","False"
"bemud","True"
"benab","False"
"bench","True"
"benda","False"
"bends","True"
"bendy","True"
"benes","True"
"benet","True"
"benic","False"
"benim","False"
"benin","False"
"benjy","False"
"benne","True"
"benni","True"
"benny","True"
"bensh","False"
"bents","True"
"benty","True"
"benzo","False"
"beode","False"
"bepat","True"
"bepaw","False"
"bepen","False"
"bepun","False"
"berat","False"
"beray","True"
"beret","True"
"bergh","False"
"bergs","True"
"bergy","False"
"berme","True"
"berms","True"
"berne","False"
"berob","True"
"beroe","False"
"berri","False"
"berry","True"
"berth","True"
"berun","False"
"beryl","True"
"beryx","False"
"besan","False"
"besee","True"
"beset","True"
"besew","False"
"besin","False"
"besit","True"
"besom","True"
"besot","True"
"bespy","False"
"besra","False"
"bessi","False"
"bessy","False"
"bests","True"
"betag","False"
"betas","True"
"betel","True"
"betes","True"
"beths","True"
"betis","False"
"beton","True"
"betso","False"
"betsy","False"
"betta","True"
"betty","True"
"bevel","True"
"bever","True"
"bevil","False"
"bevor","True"
"bevue","True"
"bevvy","True"
"bewet","True"
"bewig","True"
"bewit","False"
"bewry","False"
"bezan","False"
"bezel","True"
"bezil","True"
"bezzi","False"
"bezzo","False"
"bhaga","False"
"bhalu","False"
"bhang","True"
"bhara","False"
"bhava","False"
"bhili","False"
"bhima","False"
"bhoot","True"
"bhuts","True"
"biabo","False"
"biali","True"
"bialy","True"
"bibbs","True"
"bibby","False"
"bibio","False"
"bible","True"
"bicep","True"
"bices","True"
"bichy","False"
"bidar","False"
"biddy","True"
"bided","True"
"bider","True"
"bides","True"
"bidet","True"
"bidri","False"
"bidry","False"
"bield","True"
"biens","False"
"biers","True"
"bifer","False"
"biffs","True"
"biffy","True"
"bifid","True"
"bigae","True"
"bigam","False"
"bigas","False"
"biggy","True"
"bigha","True"
"bight","True"
"bigly","True"
"bigot","True"
"bihai","False"
"biham","False"
"bijou","True"
"biked","True"
"biker","True"
"bikes","True"
"bikie","True"
"bikol","False"
"bilbi","False"
"bilbo","True"
"bilby","True"
"bilch","False"
"biles","True"
"bilge","True"
"bilgy","True"
"bilic","False"
"bilin","False"
"bilio","False"
"bilks","True"
"billa","False"
"bills","True"
"billy","True"
"bilos","False"
"bilsh","False"
"bimah","True"
"bimas","True"
"bimbo","True"
"binal","True"
"bindi","True"
"binds","True"
"bines","True"
"binge","True"
"bingo","True"
"bingy","True"
"binit","True"
"binna","False"
"binny","False"
"bints","True"
"biome","True"
"biont","True"
"biose","False"
"biota","True"
"biped","True"
"bipod","True"
"birch","True"
"birde","False"
"birds","True"
"birdy","False"
"birks","True"
"birky","False"
"birle","True"
"birls","True"
"birma","False"
"birne","False"
"birny","False"
"biron","False"
"birri","False"
"birrs","True"
"birse","True"
"birsy","True"
"birth","True"
"bises","True"
"biset","False"
"bisie","False"
"bisks","True"
"bisme","False"
"bison","True"
"bisso","False"
"bisti","False"
"bitch","False"
"bited","False"
"biter","True"
"bites","True"
"bitis","False"
"bitsy","True"
"bitte","True"
"bitts","True"
"bitty","True"
"biune","False"
"bivvy","True"
"bixin","False"
"bizel","False"
"bizen","False"
"bizes","True"
"bizet","False"
"blabs","True"
"black","True"
"blade","True"
"blady","True"
"blaff","True"
"blahs","True"
"blain","True"
"blair","False"
"blake","False"
"blame","True"
"blams","True"
"blanc","False"
"bland","True"
"blank","True"
"blare","True"
"blart","True"
"blase","True"
"blash","True"
"blast","True"
"blate","True"
"blats","True"
"blawn","True"
"blaws","True"
"blayk","False"
"blaze","True"
"blazy","False"
"bleak","True"
"blear","True"
"bleat","True"
"blebs","True"
"bleck","False"
"bleed","True"
"bleep","True"
"blend","True"
"blenk","False"
"blens","False"
"blent","True"
"blere","False"
"bless","True"
"blest","True"
"blets","True"
"blibe","False"
"blick","False"
"blier","False"
"blimp","True"
"blimy","True"
"blind","True"
"blini","True"
"blink","True"
"bliny","True"
"blips","True"
"blirt","False"
"bliss","True"
"blist","True"
"blite","True"
"blitz","True"
"blizz","False"
"bloat","True"
"blobs","True"
"block","True"
"blocs","True"
"bloke","True"
"blond","True"
"blood","True"
"bloom","True"
"bloop","True"
"blore","True"
"blote","False"
"blots","True"
"blout","False"
"blown","True"
"blows","True"
"blowy","True"
"blued","True"
"bluer","True"
"blues","True"
"bluet","True"
"bluey","True"
"bluff","True"
"blume","True"
"blunk","True"
"blunt","True"
"blurb","True"
"blurs","True"
"blurt","True"
"blush","True"
"blype","True"
"board","True"
"boars","True"
"boart","True"
"boast","True"
"boats","True"
"bobac","True"
"bobby","True"
"bobet","False"
"bobol","True"
"bocal","False"
"bocca","True"
"bocce","True"
"bocci","True"
"boche","True"
"bocks","True"
"bocoy","False"
"boded","True"
"boden","False"
"boder","False"
"bodes","True"
"bodge","True"
"bodhi","True"
"bodle","True"
"boers","False"
"boffo","True"
"boffs","True"
"bogan","True"
"boget","False"
"bogey","True"
"boggy","True"
"bogie","True"
"bogle","True"
"bogue","True"
"bogum","False"
"bogus","True"
"bohea","True"
"bohor","False"
"boiko","False"
"boils","True"
"boily","False"
"boing","True"
"boise","False"
"boist","False"
"boite","True"
"bokom","False"
"bokos","True"
"bolag","False"
"bolar","True"
"bolas","True"
"boldo","False"
"boldu","False"
"boled","False"
"boles","True"
"bolis","False"
"bolls","True"
"bolly","False"
"bolos","True"
"bolti","False"
"bolts","True"
"bolty","False"
"bolus","True"
"bombe","True"
"bombo","True"
"bombs","True"
"bomos","False"
"bonav","False"
"bonbo","False"
"bonce","True"
"bonds","True"
"boned","True"
"boner","True"
"bones","True"
"boney","True"
"bongo","True"
"bongs","True"
"bonks","True"
"bonne","True"
"bonny","True"
"bonos","False"
"bonum","False"
"bonus","True"
"bonze","True"
"boobs","True"
"booby","True"
"boodh","False"
"boody","True"
"booed","True"
"books","True"
"booky","True"
"booly","False"
"booms","True"
"boomy","True"
"boone","False"
"boong","True"
"boonk","False"
"boons","True"
"boors","True"
"boort","False"
"boose","True"
"boost","True"
"boosy","False"
"booth","True"
"boots","True"
"booty","True"
"booze","True"
"boozy","True"
"borak","True"
"boral","True"
"boran","False"
"boras","True"
"borax","True"
"bored","True"
"boree","True"
"borel","True"
"borer","True"
"bores","True"
"borgh","False"
"boric","True"
"borid","False"
"boris","False"
"borne","True"
"boron","True"
"borts","True"
"borty","True"
"bortz","True"
"boryl","False"
"bosch","False"
"boser","False"
"bosey","False"
"bosks","True"
"bosky","True"
"bosom","True"
"boson","True"
"bossa","False"
"bossy","True"
"bosun","True"
"botan","False"
"botas","True"
"botch","True"
"botel","True"
"bothy","True"
"botry","False"
"botte","True"
"botts","True"
"bottu","False"
"bouch","False"
"boucl","False"
"bouet","False"
"bouge","True"
"bough","True"
"boule","True"
"boult","True"
"bound","True"
"bourd","True"
"bourg","True"
"bourn","True"
"bourr","False"
"bouse","True"
"bousy","True"
"bouto","False"
"bouts","True"
"bovey","False"
"bovid","True"
"bovld","False"
"bowed","True"
"bowel","True"
"bower","True"
"bowet","True"
"bowge","False"
"bowie","True"
"bowla","False"
"bowle","False"
"bowls","True"
"bowly","False"
"bowne","True"
"bowse","True"
"boxed","True"
"boxen","True"
"boxer","True"
"boxes","True"
"boxty","True"
"boyar","True"
"boyau","True"
"boyce","False"
"boyer","False"
"boyla","True"
"boyos","True"
"bozal","False"
"bozos","True"
"bozze","False"
"braca","False"
"brace","True"
"brach","True"
"brack","True"
"bract","True"
"brads","True"
"braes","True"
"bragi","False"
"brags","True"
"brahm","False"
"braid","True"
"brail","True"
"brain","True"
"brake","True"
"braky","True"
"brame","True"
"brand","True"
"brank","True"
"brans","True"
"brant","True"
"brash","True"
"brass","True"
"brast","True"
"brats","True"
"brava","True"
"brave","True"
"bravi","True"
"bravo","True"
"brawl","True"
"brawn","True"
"braws","True"
"braxy","True"
"braye","False"
"brays","True"
"braza","True"
"braze","True"
"bread","True"
"break","True"
"bream","True"
"breba","False"
"breck","False"
"brede","True"
"bredi","False"
"breed","True"
"breek","False"
"brees","True"
"breme","True"
"brens","True"
"brent","True"
"brerd","False"
"brere","True"
"brest","False"
"breth","False"
"brett","False"
"breva","False"
"breve","True"
"brevi","False"
"brews","True"
"brian","False"
"briar","True"
"bribe","True"
"brick","True"
"bride","True"
"brief","True"
"brier","True"
"bries","True"
"brigs","True"
"brike","False"
"brill","True"
"brims","True"
"brine","True"
"bring","True"
"brink","True"
"brins","True"
"briny","True"
"brios","True"
"brisa","False"
"brise","True"
"brisk","True"
"briss","True"
"brist","False"
"brite","False"
"brith","True"
"brits","True"
"britt","True"
"briza","False"
"brizz","False"
"broad","True"
"broch","True"
"brock","True"
"brogh","True"
"broid","False"
"broil","True"
"broke","True"
"broll","False"
"broma","False"
"brome","True"
"bromo","True"
"bronc","True"
"bronk","False"
"bronx","False"
"brood","True"
"brook","True"
"brool","True"
"broom","True"
"broon","False"
"broos","True"
"brose","True"
"brosy","True"
"broth","True"
"brott","False"
"browd","False"
"brown","True"
"brows","True"
"brubu","False"
"bruce","False"
"bruet","False"
"brugh","True"
"bruin","True"
"bruit","True"
"bruja","False"
"brujo","False"
"bruke","False"
"brule","True"
"brume","True"
"brune","False"
"bruno","False"
"brunt","True"
"brush","True"
"brusk","True"
"bruta","False"
"brute","True"
"bruzz","False"
"bryan","False"
"bryce","False"
"bryon","False"
"bryum","False"
"btise","False"
"buaze","True"
"bubal","True"
"bubas","True"
"bubba","True"
"bubby","True"
"bubos","False"
"bucca","False"
"bucco","False"
"buchu","True"
"bucko","True"
"bucks","True"
"bucku","True"
"bucky","False"
"buddh","False"
"buddy","True"
"budge","True"
"budgy","False"
"bueno","False"
"buffa","True"
"buffe","True"
"buffi","True"
"buffo","True"
"buffs","True"
"buffy","True"
"bugan","False"
"buggy","True"
"bught","False"
"bugle","True"
"bugre","False"
"buhls","True"
"buhrs","True"
"buick","False"
"build","True"
"built","True"
"buist","True"
"bukat","False"
"bulak","False"
"bulbs","True"
"bulby","False"
"bulge","True"
"bulgy","True"
"bulks","True"
"bulky","True"
"bulla","True"
"bulls","True"
"bully","True"
"bulse","True"
"bumbo","True"
"bumfs","True"
"bumph","True"
"bumps","True"
"bumpy","True"
"bunce","True"
"bunch","True"
"bunco","True"
"bunda","False"
"bundh","True"
"bunds","True"
"bundt","True"
"bundu","True"
"bundy","True"
"bunga","False"
"bungo","False"
"bungs","True"
"bungy","True"
"bunko","True"
"bunks","True"
"bunns","True"
"bunny","True"
"bunts","True"
"bunty","True"
"bunya","True"
"buoys","True"
"buran","True"
"burao","False"
"buras","True"
"burbs","True"
"burds","True"
"burel","False"
"buret","True"
"burez","False"
"burga","False"
"burge","False"
"burgh","True"
"burgs","True"
"burin","True"
"burka","True"
"burke","True"
"burls","True"
"burly","True"
"burma","False"
"burns","True"
"burnt","True"
"burny","False"
"buroo","True"
"burps","True"
"burro","True"
"burrs","True"
"burry","True"
"bursa","True"
"burse","True"
"burst","True"
"burut","False"
"burys","False"
"busby","True"
"bused","True"
"buses","True"
"bushi","False"
"bushy","True"
"busks","True"
"busky","True"
"bussu","True"
"bussy","False"
"busti","True"
"busto","False"
"busts","True"
"busty","True"
"butat","False"
"butch","True"
"butea","False"
"buteo","True"
"butic","False"
"butin","False"
"butle","True"
"butsu","False"
"butte","True"
"butts","True"
"butty","True"
"butut","True"
"butyl","True"
"butyn","False"
"butyr","False"
"buxom","True"
"buxus","False"
"buyer","True"
"buzzy","True"
"bwana","True"
"byard","False"
"bylaw","True"
"bynin","False"
"byous","False"
"byres","True"
"byrls","True"
"byron","False"
"byrri","False"
"bysen","False"
"byssi","True"
"bytes","True"
"byway","True"
"caaba","False"
"caama","False"
"cabaa","False"
"cabal","True"
"caban","False"
"cabas","True"
"cabby","True"
"cabda","False"
"caber","True"
"cabin","True"
"cabio","False"
"cable","True"
"cabob","True"
"cabot","False"
"cabre","True"
"cacam","False"
"cacan","False"
"cacao","True"
"cacas","True"
"cacei","False"
"cache","True"
"cacks","True"
"cacti","True"
"cacur","False"
"caddo","False"
"caddy","True"
"cadee","True"
"cader","False"
"cades","True"
"cadet","True"
"cadew","False"
"cadge","True"
"cadgy","True"
"cadie","True"
"cadis","True"
"cados","False"
"cadre","True"
"cadua","False"
"cadus","False"
"caeca","True"
"cafes","True"
"caffa","False"
"cafiz","False"
"cafoy","False"
"caged","True"
"cager","True"
"cages","True"
"cagey","True"
"caggy","False"
"cagit","False"
"cagot","True"
"cagui","False"
"cahiz","False"
"cahot","False"
"cahow","True"
"cahuy","False"
"caids","True"
"cains","True"
"caird","True"
"cairn","True"
"cairo","False"
"caite","False"
"cajan","False"
"cajon","True"
"cajou","False"
"cajun","True"
"caked","True"
"caker","False"
"cakes","True"
"cakey","True"
"cakra","False"
"calas","False"
"calci","False"
"caleb","False"
"calef","False"
"calfs","True"
"calic","False"
"calid","True"
"calif","True"
"calin","False"
"calix","True"
"calks","True"
"calla","True"
"calli","False"
"callo","False"
"calls","True"
"calms","True"
"calmy","True"
"calor","False"
"calve","True"
"calyx","True"
"caman","True"
"camas","True"
"camay","False"
"camel","True"
"cameo","True"
"cames","True"
"camis","True"
"camla","False"
"campa","False"
"campe","False"
"campi","True"
"campo","True"
"camps","True"
"campy","True"
"camus","True"
"canal","True"
"canap","False"
"canch","False"
"candy","True"
"caned","True"
"canel","False"
"caner","True"
"canes","True"
"cangy","False"
"canid","True"
"canis","False"
"canli","False"
"canna","True"
"canny","True"
"canoe","True"
"canon","True"
"canos","False"
"canso","True"
"canst","True"
"canto","True"
"cants","True"
"canty","True"
"canun","False"
"canzo","False"
"caoba","False"
"capax","False"
"caped","True"
"capel","False"
"caper","True"
"capes","True"
"caphs","True"
"capoc","False"
"capon","True"
"capos","True"
"capot","True"
"cappy","False"
"capra","False"
"capri","True"
"capsa","False"
"caput","True"
"caque","False"
"carap","True"
"carat","True"
"carbo","True"
"carby","True"
"cardo","False"
"cards","True"
"cared","True"
"carer","True"
"cares","True"
"caret","True"
"carex","True"
"carey","False"
"carga","False"
"cargo","True"
"carib","False"
"carid","False"
"carks","True"
"carle","True"
"carli","False"
"carlo","False"
"carls","True"
"carne","False"
"carns","True"
"carny","True"
"caroa","False"
"carob","True"
"carol","True"
"carom","True"
"carot","False"
"carpe","False"
"carpi","True"
"carps","True"
"carri","False"
"carrs","True"
"carry","True"
"carse","True"
"carte","True"
"carts","True"
"carty","False"
"carua","False"
"carum","False"
"carus","False"
"carve","True"
"carvy","True"
"carya","False"
"caryl","False"
"casal","False"
"casas","True"
"casco","True"
"cased","True"
"casel","False"
"caser","False"
"cases","True"
"casey","False"
"casha","False"
"casks","True"
"casky","True"
"casse","False"
"cassy","False"
"caste","True"
"casts","True"
"casus","True"
"catan","False"
"catch","True"
"catel","False"
"cater","True"
"cates","True"
"catha","False"
"cathy","False"
"catso","False"
"catti","False"
"catty","True"
"catur","False"
"cauch","False"
"cauda","True"
"cauld","True"
"cauli","False"
"caulk","True"
"cauls","True"
"cauma","False"
"caupo","False"
"causa","True"
"cause","True"
"cavae","False"
"caval","False"
"cavea","False"
"caved","True"
"cavel","True"
"caver","True"
"caves","True"
"cavey","False"
"cavia","False"
"cavie","True"
"cavil","True"
"cavin","False"
"cavum","False"
"cavus","False"
"cawed","True"
"cawky","False"
"cawny","False"
"caxon","True"
"cayos","False"
"ccitt","False"
"ccoya","False"
"cease","True"
"cebid","True"
"cebil","False"
"cebur","False"
"cebus","False"
"cecal","True"
"cecca","False"
"cecil","False"
"cecum","True"
"cedar","True"
"ceded","True"
"ceder","True"
"cedes","True"
"cedis","True"
"cedre","False"
"cedry","False"
"ceiba","True"
"ceibo","False"
"ceile","False"
"ceils","True"
"ceint","False"
"celeb","True"
"celia","False"
"cella","True"
"celli","True"
"cello","True"
"cells","True"
"celom","True"
"celts","True"
"cense","True"
"centi","False"
"cento","True"
"cents","True"
"ceorl","True"
"cepes","True"
"cequi","False"
"ceral","False"
"ceras","False"
"cerat","False"
"cerci","True"
"cered","True"
"cerer","False"
"ceres","True"
"ceria","True"
"ceric","True"
"cerin","False"
"ceros","True"
"certy","True"
"ceryl","False"
"cesar","False"
"cesta","True"
"ceste","False"
"cesti","True"
"cetes","True"
"cetic","False"
"cetid","False"
"cetin","False"
"cetus","False"
"cetyl","True"
"chace","True"
"chack","True"
"chaco","True"
"chads","True"
"chafe","True"
"chaff","True"
"chaft","True"
"chaga","False"
"chain","True"
"chair","True"
"chais","True"
"chait","False"
"chaja","False"
"chaka","False"
"chalk","True"
"chama","False"
"chamm","False"
"champ","True"
"chams","True"
"chane","False"
"chang","True"
"chank","True"
"chant","True"
"chaos","True"
"chape","True"
"chaps","True"
"chapt","True"
"chara","True"
"chard","True"
"chare","True"
"chark","True"
"charm","True"
"charr","True"
"chars","True"
"chart","True"
"chary","True"
"chase","True"
"chasm","True"
"chass","False"
"chati","False"
"chats","True"
"chaui","False"
"chauk","False"
"chaum","False"
"chaus","False"
"chave","True"
"chawk","True"
"chawl","False"
"chawn","False"
"chaws","True"
"chaya","True"
"chays","True"
"chazy","False"
"cheap","True"
"cheat","True"
"check","True"
"cheek","True"
"cheep","True"
"cheer","True"
"cheet","False"
"chefs","True"
"chego","False"
"cheir","False"
"cheka","True"
"cheke","False"
"cheki","False"
"chela","True"
"chelp","True"
"chena","False"
"cheng","False"
"chera","False"
"chere","True"
"chert","True"
"chese","False"
"chess","True"
"chest","True"
"cheth","True"
"cheve","False"
"chevy","True"
"chews","True"
"chewy","True"
"chiam","False"
"chian","False"
"chiao","True"
"chias","True"
"chiba","False"
"chica","True"
"chich","True"
"chick","True"
"chico","True"
"chics","True"
"chide","True"
"chief","True"
"chiel","True"
"chien","False"
"child","True"
"chile","True"
"chili","True"
"chill","True"
"chimb","True"
"chime","True"
"chimp","True"
"chimu","False"
"china","True"
"chine","True"
"ching","True"
"chink","False"
"chino","True"
"chins","True"
"chint","False"
"chiot","False"
"chips","True"
"chirk","True"
"chirl","True"
"chirm","True"
"chiro","True"
"chirp","True"
"chirr","True"
"chirt","True"
"chiru","True"
"chita","False"
"chits","True"
"chive","True"
"chivw","False"
"chivy","True"
"chizz","True"
"chloe","False"
"chlor","False"
"choak","False"
"choca","False"
"chock","True"
"choco","True"
"choel","False"
"choes","False"
"choga","False"
"choil","True"
"choir","True"
"choke","True"
"choko","True"
"choky","True"
"chola","True"
"chold","False"
"choli","True"
"cholo","True"
"chomp","True"
"chonk","False"
"chook","True"
"choom","True"
"choop","False"
"chopa","False"
"chops","True"
"chora","False"
"chord","True"
"chore","True"
"chort","False"
"chose","True"
"chott","True"
"choup","False"
"chous","False"
"chout","True"
"choux","True"
"chowk","True"
"chows","True"
"choya","False"
"chria","False"
"chris","False"
"chron","False"
"chubb","False"
"chubs","True"
"chuck","True"
"chude","False"
"chuet","False"
"chufa","True"
"chuff","True"
"chugs","True"
"chuje","False"
"chump","True"
"chums","True"
"chung","False"
"chunk","True"
"churl","True"
"churm","False"
"churn","True"
"churr","True"
"chuse","True"
"chute","True"
"chwas","False"
"chyak","False"
"chyle","True"
"chyme","True"
"cibol","True"
"cicad","False"
"cicer","False"
"cider","True"
"cigar","True"
"cigua","False"
"cilia","True"
"cimex","True"
"cinch","True"
"cinct","True"
"cindy","False"
"cinel","False"
"cines","True"
"cions","True"
"cippi","True"
"circa","True"
"circe","False"
"circs","True"
"cires","True"
"cirri","True"
"cisco","True"
"cissy","True"
"cista","False"
"cists","True"
"cital","True"
"cited","True"
"citee","False"
"citer","True"
"cites","True"
"citua","False"
"civet","True"
"civic","True"
"civie","True"
"civil","True"
"civvy","True"
"cizar","False"
"clach","True"
"clack","True"
"clade","True"
"clads","True"
"claes","True"
"clags","True"
"claik","False"
"claim","True"
"clair","False"
"clake","False"
"clamb","False"
"clame","True"
"clamp","True"
"clams","True"
"clang","True"
"clank","True"
"clans","True"
"clape","False"
"claps","True"
"clapt","True"
"clara","False"
"clare","False"
"clark","False"
"claro","True"
"clart","True"
"clary","True"
"clash","True"
"clasp","True"
"class","True"
"clast","True"
"claus","False"
"claut","True"
"clava","False"
"clave","True"
"clavi","True"
"clavy","False"
"clawk","False"
"claws","True"
"claye","False"
"clays","True"
"clead","False"
"cleam","False"
"clean","True"
"clear","True"
"cleat","True"
"cleck","True"
"cleek","True"
"clefs","True"
"cleft","True"
"clepe","True"
"clept","True"
"clerk","True"
"cleuk","False"
"cleve","True"
"clews","True"
"clich","False"
"click","True"
"cliff","True"
"clift","True"
"clima","False"
"climb","True"
"clime","True"
"cline","True"
"cling","True"
"clink","True"
"clint","True"
"clips","True"
"clipt","True"
"clite","False"
"clive","False"
"cloak","True"
"cloam","True"
"clock","True"
"clods","True"
"cloes","False"
"cloff","True"
"clogs","True"
"cloit","False"
"cloke","True"
"cloky","False"
"clomb","True"
"clomp","True"
"clone","True"
"clong","False"
"clonk","True"
"clons","True"
"cloof","False"
"cloop","True"
"cloot","True"
"clops","True"
"close","True"
"closh","False"
"clote","True"
"cloth","True"
"clots","True"
"cloud","True"
"clour","True"
"clout","True"
"clove","True"
"clown","True"
"cloys","True"
"cloze","True"
"clubs","True"
"cluck","True"
"clued","True"
"clues","True"
"cluff","False"
"clump","True"
"clung","True"
"clunk","True"
"clyde","False"
"clyer","False"
"clype","True"
"cnida","True"
"coach","True"
"coact","True"
"coaid","False"
"coala","True"
"coals","True"
"coaly","True"
"coapt","True"
"coarb","True"
"coart","False"
"coast","True"
"coati","True"
"coats","True"
"coaxy","False"
"cobbs","True"
"cobby","True"
"cobia","True"
"coble","True"
"cobol","False"
"cobra","True"
"cobus","False"
"cocao","False"
"cocas","True"
"cocci","True"
"cocco","True"
"cocin","False"
"cocks","True"
"cocky","True"
"cocle","False"
"cocoa","True"
"cocos","True"
"cocus","False"
"codal","False"
"codas","True"
"coddy","False"
"codec","True"
"coded","True"
"coden","True"
"coder","True"
"codes","True"
"codex","True"
"codol","False"
"codon","True"
"coeds","True"
"coeff","False"
"coeno","False"
"coffs","True"
"cogie","True"
"cogit","False"
"cogon","True"
"cogue","True"
"cohen","True"
"cohob","False"
"cohog","True"
"cohol","False"
"cohos","True"
"cohow","False"
"cohue","False"
"coifs","True"
"coign","True"
"coils","True"
"coing","False"
"coins","True"
"coiny","False"
"coirs","True"
"coked","True"
"coker","False"
"cokes","True"
"cokey","False"
"cokie","False"
"colan","False"
"colas","True"
"colat","False"
"colds","True"
"colen","False"
"coles","True"
"colet","False"
"coley","True"
"colic","True"
"colin","True"
"colla","False"
"colly","True"
"colob","False"
"colog","True"
"colon","True"
"color","True"
"colts","True"
"colza","True"
"comae","True"
"comal","True"
"coman","False"
"comas","True"
"combe","True"
"combo","True"
"combs","True"
"comby","True"
"comdg","False"
"comdr","False"
"comdt","False"
"comer","True"
"comes","True"
"comet","True"
"comfy","True"
"comic","True"
"comid","False"
"comma","True"
"comme","False"
"commo","True"
"commy","True"
"comox","False"
"compd","False"
"compo","True"
"comps","True"
"compt","True"
"comte","True"
"comus","True"
"conal","False"
"conch","True"
"concn","False"
"condo","True"
"coned","True"
"coner","False"
"cones","True"
"coney","True"
"confr","False"
"conga","True"
"conge","True"
"congo","True"
"conia","True"
"conic","True"
"conin","True"
"conks","True"
"conky","True"
"conli","False"
"conns","True"
"connu","False"
"conny","False"
"conor","False"
"conoy","False"
"const","False"
"consy","False"
"contd","False"
"conte","True"
"contg","False"
"conto","True"
"contr","False"
"conus","True"
"cooba","False"
"cooch","True"
"cooed","True"
"cooee","True"
"cooer","True"
"cooey","True"
"coofs","True"
"cooja","False"
"cooks","True"
"cooky","True"
"cools","True"
"cooly","True"
"coomb","True"
"coomy","True"
"coons","False"
"coony","False"
"coops","True"
"coopt","True"
"coorg","False"
"coost","True"
"cooth","False"
"coots","True"
"cooty","False"
"copal","True"
"coped","True"
"copei","False"
"copen","True"
"coper","True"
"copes","True"
"copia","False"
"copis","False"
"coppa","False"
"copps","False"
"coppy","True"
"copra","True"
"copse","True"
"copsy","True"
"copus","False"
"coque","False"
"corah","False"
"coral","True"
"coram","True"
"coran","False"
"corbe","True"
"corby","True"
"cords","True"
"cordy","False"
"cored","True"
"coree","False"
"corer","True"
"cores","True"
"corey","True"
"corge","False"
"corgi","True"
"coria","True"
"corin","False"
"corke","False"
"corks","True"
"corky","True"
"corms","True"
"corno","True"
"corns","True"
"cornu","True"
"corny","True"
"coroa","False"
"corol","False"
"corpl","False"
"corpn","False"
"corps","True"
"corse","True"
"corso","True"
"corsy","False"
"corta","False"
"corve","False"
"corvo","False"
"coryl","False"
"cosec","True"
"cosed","True"
"cosen","False"
"coses","True"
"coset","True"
"cosey","True"
"cosie","True"
"cosin","False"
"cosmo","False"
"cosse","False"
"costa","True"
"costs","True"
"cotan","True"
"cotch","False"
"coted","True"
"cotes","True"
"cothe","False"
"cothy","False"
"cotta","True"
"cotte","False"
"cotty","False"
"cotys","False"
"couac","False"
"couch","True"
"coude","True"
"cough","True"
"could","True"
"couma","False"
"count","True"
"coupe","True"
"coups","True"
"courb","True"
"cours","True"
"court","True"
"couth","True"
"couve","False"
"coved","True"
"coven","True"
"cover","True"
"coves","True"
"covet","True"
"covey","True"
"covid","False"
"covin","True"
"cowal","True"
"cowan","True"
"cowed","True"
"cower","True"
"cowle","False"
"cowls","True"
"cowry","True"
"coxae","True"
"coxal","True"
"coxed","True"
"coxes","True"
"coyan","False"
"coyed","True"
"coyer","True"
"coyly","True"
"coyol","False"
"coyos","False"
"coypu","True"
"cozed","True"
"cozen","True"
"cozes","True"
"cozey","True"
"cozie","True"
"craal","True"
"crabs","True"
"crack","True"
"craft","True"
"crags","True"
"craie","False"
"craig","True"
"craik","False"
"crain","False"
"crake","True"
"cramp","True"
"crams","True"
"crane","True"
"crang","False"
"crank","True"
"crany","False"
"crape","True"
"craps","True"
"crapy","True"
"crare","True"
"crash","True"
"crass","True"
"crate","True"
"crave","True"
"cravo","False"
"crawl","True"
"crawm","False"
"craws","True"
"craye","False"
"craze","True"
"crazy","True"
"crcao","False"
"crche","False"
"cread","False"
"creak","True"
"cream","True"
"creat","False"
"creda","False"
"credo","True"
"creed","True"
"creek","True"
"creel","True"
"creem","False"
"creen","False"
"creep","True"
"crees","True"
"creme","True"
"crena","True"
"crepe","True"
"crept","True"
"crepy","True"
"cresc","False"
"cress","True"
"crest","True"
"creta","False"
"crete","False"
"crewe","True"
"crews","True"
"cribo","False"
"cribs","True"
"crick","True"
"cried","True"
"crier","True"
"cries","True"
"criey","False"
"crile","False"
"crime","True"
"crimp","True"
"crine","True"
"crink","False"
"crips","True"
"crisp","True"
"criss","False"
"crith","True"
"croak","True"
"croat","False"
"croci","True"
"crock","True"
"croft","True"
"crois","False"
"crome","True"
"crone","True"
"cronk","True"
"crony","True"
"crood","False"
"crook","True"
"crool","True"
"croon","True"
"crops","True"
"crore","True"
"crosa","False"
"crose","False"
"cross","True"
"crost","True"
"croup","True"
"crout","True"
"crowd","True"
"crowl","False"
"crown","True"
"crows","True"
"croyl","False"
"croze","True"
"cruce","False"
"cruck","True"
"crude","True"
"cruds","True"
"crudy","True"
"cruel","True"
"cruet","True"
"crull","False"
"crumb","True"
"crump","True"
"crunk","True"
"crunt","False"
"cruor","True"
"crura","True"
"cruse","True"
"crush","True"
"crust","True"
"cruth","False"
"crwth","True"
"cryal","False"
"crypt","True"
"cryst","False"
"csect","False"
"csnet","False"
"ctene","True"
"ctimo","False"
"cuban","False"
"cubas","False"
"cubby","True"
"cubeb","True"
"cubed","True"
"cuber","True"
"cubes","True"
"cubic","True"
"cubit","True"
"cubla","False"
"cubti","False"
"cucuy","False"
"cuddy","True"
"cueca","False"
"cueva","False"
"cuffs","True"
"cuffy","False"
"cufic","False"
"cuifs","True"
"cuing","True"
"cuish","True"
"cujam","False"
"cukes","True"
"culch","True"
"culet","True"
"culex","True"
"culla","False"
"culls","True"
"cully","True"
"culms","True"
"culmy","False"
"culot","False"
"culpa","True"
"culti","True"
"cults","True"
"cumal","False"
"cumar","False"
"cumay","False"
"cumbu","False"
"cumic","False"
"cumin","True"
"cumly","False"
"cumol","False"
"cumyl","False"
"cunan","False"
"cunas","False"
"cundy","True"
"cunea","False"
"cunei","True"
"cunit","True"
"cunni","False"
"cunny","False"
"cunts","True"
"cunye","False"
"cunza","False"
"cupay","False"
"cupel","True"
"cupid","True"
"cuppa","True"
"cuppy","True"
"curat","True"
"curbs","True"
"curby","False"
"curch","True"
"curds","True"
"curdy","True"
"cured","True"
"curer","True"
"cures","True"
"curet","True"
"curfs","True"
"curia","True"
"curie","True"
"curin","False"
"curio","True"
"curls","True"
"curly","True"
"curns","True"
"currs","True"
"curry","True"
"cursa","False"
"curse","True"
"curst","True"
"curua","False"
"curve","True"
"curvy","True"
"cusec","True"
"cushy","True"
"cusie","False"
"cusks","True"
"cusps","True"
"cusso","True"
"cutch","True"
"cuter","True"
"cutes","True"
"cutey","True"
"cutie","True"
"cutin","True"
"cutis","True"
"cutty","True"
"cutup","True"
"cuvee","True"
"cuyas","False"
"cyano","True"
"cyans","True"
"cyath","False"
"cyber","True"
"cycad","True"
"cycas","True"
"cycle","True"
"cyclo","True"
"cyder","True"
"cydon","False"
"cylix","True"
"cymae","True"
"cymar","True"
"cymas","True"
"cymba","False"
"cymes","True"
"cymol","True"
"cymry","False"
"cynic","True"
"cypre","False"
"cyril","False"
"cyrus","False"
"cysts","True"
"cytol","False"
"cyton","True"
"czars","True"
"czech","False"
"dabba","True"
"dabby","False"
"dabih","False"
"dabuh","False"
"daces","True"
"dacha","True"
"dachs","False"
"dacus","False"
"dadap","False"
"dadas","True"
"daddy","True"
"dados","True"
"daeva","False"
"daffs","True"
"daffy","True"
"dafla","False"
"dagga","True"
"daggy","True"
"dagon","False"
"dagos","True"
"dahms","False"
"daijo","False"
"daily","True"
"daint","True"
"daira","False"
"dairi","False"
"dairt","False"
"dairy","True"
"daisy","True"
"daiva","False"
"daker","True"
"dakir","False"
"dalai","False"
"dalan","False"
"dalar","False"
"dalea","False"
"daler","False"
"dales","True"
"dalis","True"
"dalle","True"
"dally","True"
"daman","True"
"damar","True"
"damas","False"
"dames","True"
"damia","False"
"damie","False"
"damme","True"
"damns","True"
"damon","False"
"damps","True"
"dampy","True"
"danae","False"
"danai","False"
"dance","True"
"dancy","True"
"danda","False"
"dandy","True"
"danes","False"
"dangs","True"
"danic","False"
"danio","True"
"danke","False"
"danli","False"
"danny","True"
"dansk","False"
"dansy","False"
"danta","False"
"dante","False"
"darac","False"
"daraf","True"
"darat","False"
"darbs","True"
"darby","False"
"darci","False"
"darcy","True"
"dared","True"
"daren","False"
"darer","True"
"dares","True"
"dargo","False"
"daric","True"
"darii","False"
"darin","False"
"darks","True"
"darky","False"
"darns","True"
"daroo","False"
"darst","False"
"darts","True"
"darya","False"
"daryl","False"
"dasht","False"
"dashy","True"
"dasnt","False"
"dassy","False"
"dasya","False"
"datch","False"
"dated","True"
"dater","True"
"dates","True"
"datil","False"
"datos","True"
"datsw","False"
"datto","True"
"datum","True"
"daube","True"
"daubs","True"
"dauby","True"
"dauke","False"
"dault","True"
"daunt","True"
"dauri","False"
"dauts","True"
"daven","True"
"daver","False"
"david","False"
"davis","False"
"davit","True"
"dawdy","False"
"dawed","True"
"dawen","True"
"dawks","True"
"dawns","True"
"dawny","False"
"dawts","True"
"dawut","False"
"dayak","False"
"dayal","False"
"dayan","True"
"dazed","True"
"dazes","True"
"deads","True"
"deady","False"
"deair","True"
"deals","True"
"dealt","True"
"deans","True"
"deare","True"
"dearn","True"
"dears","True"
"deary","True"
"deash","True"
"death","True"
"deave","True"
"debag","True"
"debar","True"
"debat","False"
"debby","True"
"debel","True"
"deben","False"
"debit","True"
"debts","True"
"debug","True"
"debus","True"
"debut","True"
"debye","True"
"decad","True"
"decal","True"
"decan","True"
"decap","False"
"decay","True"
"decem","False"
"decil","False"
"decke","False"
"decks","True"
"decor","True"
"decoy","True"
"decry","True"
"decus","False"
"decyl","False"
"dedal","True"
"dedan","False"
"deddy","False"
"dedit","False"
"deeds","True"
"deedy","True"
"deems","True"
"deeny","False"
"deeps","True"
"deers","True"
"deess","False"
"defat","True"
"defer","True"
"defet","False"
"defis","True"
"defix","False"
"defog","True"
"degas","True"
"degum","True"
"deice","True"
"deify","True"
"deign","True"
"deils","True"
"deink","False"
"deino","False"
"deism","True"
"deist","True"
"deity","True"
"deked","True"
"dekes","True"
"dekko","True"
"dekle","False"
"delaw","False"
"delay","True"
"deled","True"
"deles","True"
"delfs","True"
"delft","True"
"delhi","False"
"delia","False"
"delim","False"
"delis","True"
"delit","False"
"della","False"
"dells","True"
"delly","True"
"deloo","False"
"delph","True"
"delta","True"
"delve","True"
"demal","False"
"demes","True"
"demit","True"
"demob","True"
"demon","True"
"demos","True"
"demot","False"
"demur","True"
"denar","True"
"denat","False"
"denay","True"
"denda","False"
"deneb","False"
"denes","True"
"denim","True"
"denis","True"
"denom","False"
"dense","True"
"dents","True"
"denty","False"
"deota","False"
"depas","False"
"depel","False"
"depit","False"
"depoh","False"
"depot","True"
"depth","True"
"derah","False"
"derat","True"
"deray","True"
"derby","True"
"derek","False"
"deric","False"
"deriv","False"
"derma","True"
"derms","True"
"derog","False"
"derri","False"
"derry","True"
"derth","True"
"derve","False"
"desex","True"
"desks","True"
"desma","False"
"dessa","False"
"desto","False"
"desyl","False"
"detar","False"
"detat","False"
"detax","False"
"deter","True"
"detin","False"
"dette","False"
"detur","False"
"deuce","True"
"deval","False"
"devas","True"
"devel","True"
"devex","False"
"devil","True"
"devon","True"
"devot","True"
"devow","False"
"dewal","False"
"dewan","True"
"dewar","True"
"dewax","True"
"dewed","True"
"dewer","False"
"dewey","False"
"dexes","True"
"deynt","False"
"dhabb","False"
"dhaks","True"
"dhava","False"
"dheri","False"
"dhikr","True"
"dhobi","True"
"dhoby","False"
"dhole","True"
"dhoni","False"
"dhoon","False"
"dhoti","True"
"dhoty","False"
"dhoul","False"
"dhows","True"
"dhuti","True"
"dhyal","False"
"diact","True"
"diaka","False"
"dials","True"
"diamb","False"
"diana","False"
"diane","True"
"diary","True"
"diazo","True"
"diced","True"
"dicer","True"
"dices","True"
"dicey","True"
"dicht","True"
"dicks","True"
"dicky","True"
"dicot","True"
"dicta","True"
"dicty","True"
"didal","False"
"diddy","True"
"didie","True"
"didle","False"
"didna","False"
"didnt","False"
"didos","True"
"didst","True"
"didus","False"
"didym","False"
"diego","False"
"diene","True"
"dieri","False"
"diets","True"
"diety","False"
"difda","False"
"dight","True"
"digit","True"
"digne","False"
"digor","False"
"digue","False"
"diked","True"
"diker","True"
"dikes","True"
"dildo","True"
"dilis","False"
"dilli","True"
"dills","True"
"dilly","True"
"dilos","False"
"dimer","True"
"dimes","True"
"dimin","False"
"dimit","False"
"dimly","True"
"dimmy","False"
"dimna","False"
"dimps","True"
"dinah","False"
"dinar","True"
"dined","True"
"diner","True"
"dines","True"
"dinge","True"
"dingo","True"
"dings","True"
"dingy","True"
"dinic","True"
"dinka","False"
"dinks","True"
"dinky","True"
"dinos","True"
"dints","True"
"dinus","False"
"diode","True"
"diols","True"
"dione","False"
"dioon","False"
"diose","False"
"diota","True"
"dioti","False"
"dioxy","False"
"diple","False"
"dippy","True"
"dipso","True"
"dipsy","False"
"dipus","False"
"dirca","False"
"direr","True"
"direx","False"
"dirge","True"
"dirgy","False"
"dirks","True"
"dirls","True"
"dirts","True"
"dirty","True"
"disci","True"
"disco","True"
"discs","True"
"dishy","True"
"disks","True"
"disli","False"
"disme","True"
"disna","False"
"distn","False"
"distr","False"
"disty","False"
"dital","True"
"ditas","True"
"ditch","True"
"diter","False"
"dites","True"
"ditto","True"
"ditty","True"
"diurn","False"
"divan","True"
"divas","True"
"dived","True"
"divel","False"
"diver","True"
"dives","True"
"divet","False"
"divia","False"
"divid","False"
"divot","True"
"divus","False"
"divvy","True"
"diwan","True"
"dixie","True"
"dixit","True"
"dizen","True"
"dizzy","True"
"djave","False"
"djinn","True"
"djins","True"
"djuka","False"
"doand","False"
"doats","True"
"doaty","False"
"dobby","True"
"dobie","True"
"dobla","True"
"dobos","False"
"dobra","True"
"docks","True"
"doddy","True"
"dodge","True"
"dodgy","True"
"dodos","True"
"doers","True"
"doesn","False"
"doest","True"
"doeth","True"
"doffs","True"
"dogal","False"
"doges","True"
"dogey","True"
"doggo","True"
"doggy","True"
"dogie","True"
"dogly","False"
"dogma","True"
"dogra","False"
"doigt","False"
"doily","True"
"doina","False"
"doing","True"
"doits","True"
"dojos","True"
"dolce","True"
"dolci","True"
"doled","True"
"doles","True"
"doley","False"
"dolia","True"
"dolls","True"
"dolly","True"
"dolor","True"
"dolos","True"
"dolph","False"
"dolts","True"
"dolus","False"
"domal","True"
"domba","False"
"domed","True"
"domer","False"
"domes","True"
"domic","True"
"dompt","False"
"domus","False"
"donal","False"
"donar","False"
"donas","True"
"donat","False"
"donax","False"
"doncy","False"
"donec","False"
"donee","True"
"donet","False"
"doney","False"
"donga","True"
"dongs","True"
"donia","False"
"donis","False"
"donna","True"
"donne","True"
"donny","True"
"donor","True"
"donsy","True"
"donum","False"
"donut","True"
"dooja","False"
"dooli","False"
"dooly","True"
"dooms","True"
"doors","True"
"doozy","True"
"dopas","True"
"doped","True"
"doper","True"
"dopes","True"
"dopey","True"
"dorab","False"
"dorad","True"
"doray","False"
"doree","True"
"dorey","False"
"doria","False"
"doric","True"
"doris","True"
"dorje","False"
"dorms","True"
"dormy","True"
"dorps","True"
"dorrs","True"
"dorsa","True"
"dorse","True"
"dorsi","False"
"dorts","True"
"dorty","True"
"dosed","True"
"doser","True"
"doses","True"
"dosis","False"
"dossy","False"
"dotal","True"
"doted","True"
"doter","True"
"dotes","True"
"dotty","True"
"douar","True"
"doubt","True"
"douce","True"
"dough","True"
"dougl","False"
"douma","True"
"doura","True"
"douse","True"
"doven","True"
"dover","True"
"doves","True"
"dovey","False"
"dowdy","True"
"dowed","True"
"dowel","True"
"dower","True"
"dowie","True"
"dowly","True"
"downs","True"
"downy","True"
"dowry","True"
"dowse","True"
"dowve","False"
"doxie","True"
"doyen","True"
"doyle","False"
"doylt","False"
"doyly","True"
"doyst","False"
"dozed","True"
"dozen","True"
"dozer","True"
"dozes","True"
"draba","False"
"drabs","True"
"draco","True"
"draff","True"
"draft","True"
"drago","False"
"drags","True"
"drail","True"
"drain","True"
"drake","True"
"drama","True"
"drame","False"
"dramm","False"
"drams","True"
"drang","False"
"drank","True"
"drant","True"
"drape","True"
"drate","False"
"drats","True"
"drave","True"
"drawk","False"
"drawl","True"
"drawn","True"
"draws","True"
"drays","True"
"dread","True"
"dream","True"
"drear","True"
"dreck","True"
"dreed","True"
"dreep","False"
"drees","True"
"dregs","True"
"dreks","True"
"dreng","False"
"drent","True"
"dress","True"
"drest","True"
"drias","False"
"dribs","True"
"dried","True"
"drier","True"
"dries","True"
"drift","True"
"drill","True"
"drily","True"
"drink","True"
"drinn","False"
"drips","True"
"dript","True"
"drisk","False"
"drive","True"
"drogh","False"
"droil","True"
"droit","True"
"droll","True"
"drome","True"
"drona","False"
"drone","True"
"drony","True"
"droob","True"
"drool","True"
"droop","True"
"drops","True"
"dropt","True"
"dross","True"
"droud","False"
"drouk","True"
"drove","True"
"drovy","False"
"drown","True"
"droyl","False"
"drubs","True"
"drugs","True"
"druid","True"
"drums","True"
"drung","False"
"drunk","True"
"drunt","False"
"drupa","False"
"drupe","True"
"drury","False"
"druse","True"
"drusy","True"
"druxy","True"
"druze","False"
"dryad","True"
"dryas","True"
"dryer","True"
"dryly","True"
"dryth","False"
"dsect","False"
"dtset","False"
"duads","True"
"duala","False"
"duali","False"
"duals","True"
"duane","False"
"duant","False"
"dubba","False"
"dubby","False"
"dubhe","False"
"dubio","False"
"ducal","True"
"ducat","True"
"duces","True"
"duchy","True"
"ducks","True"
"ducky","True"
"ducts","True"
"duddy","True"
"dudes","True"
"duels","True"
"duets","True"
"duffs","True"
"duffy","False"
"dugal","False"
"duhat","False"
"duits","True"
"dujan","False"
"dukes","True"
"dukhn","False"
"dulat","False"
"dulce","True"
"duler","False"
"dulia","True"
"dulls","True"
"dully","True"
"dulse","True"
"dumas","True"
"dumba","False"
"dumbs","True"
"dumby","False"
"dumka","True"
"dumky","True"
"dummy","True"
"dumps","True"
"dumpy","True"
"dunal","False"
"dunce","True"
"dunch","True"
"dunes","True"
"dungs","True"
"dungy","True"
"dunks","True"
"dunne","False"
"dunno","True"
"dunny","True"
"dunst","False"
"dunts","True"
"duole","False"
"duomi","True"
"duomo","True"
"duped","True"
"duper","True"
"dupes","True"
"dupla","False"
"duple","True"
"duply","True"
"duppa","False"
"duppy","True"
"dural","True"
"duras","True"
"durax","False"
"dured","True"
"duree","False"
"dures","True"
"duret","False"
"durio","False"
"durns","True"
"duroc","True"
"duros","True"
"duroy","True"
"durra","True"
"durrs","True"
"durry","True"
"durst","True"
"durum","True"
"duryl","False"
"durzi","True"
"dusio","False"
"dusks","True"
"dusky","True"
"dusts","True"
"dusty","True"
"dusun","False"
"dutch","True"
"dutra","False"
"duvet","True"
"duxes","True"
"dvigu","False"
"dwale","True"
"dwalm","True"
"dwang","True"
"dwarf","True"
"dwell","True"
"dwelt","True"
"dwine","True"
"dwyka","False"
"dyads","True"
"dyaus","False"
"dyers","True"
"dying","True"
"dyked","False"
"dyker","False"
"dykes","False"
"dylan","False"
"dynam","False"
"dynel","True"
"dynes","True"
"eably","False"
"eager","True"
"eagle","True"
"eagre","True"
"eared","True"
"earle","False"
"earls","True"
"early","True"
"earns","True"
"earsh","False"
"earth","True"
"eased","True"
"easel","True"
"easer","True"
"eases","True"
"easts","True"
"eaten","True"
"eater","True"
"eaved","True"
"eaver","False"
"eaves","True"
"ebbed","True"
"ebbet","True"
"eblis","False"
"ebons","True"
"ebony","True"
"ecart","False"
"echar","False"
"echea","False"
"eched","True"
"eches","True"
"echis","False"
"echos","True"
"ecize","False"
"eclat","True"
"ecoid","False"
"ecole","False"
"ecrus","True"
"ectad","False"
"ectal","False"
"edana","False"
"edder","False"
"eddic","False"
"eddie","False"
"edema","True"
"edgar","False"
"edged","True"
"edger","True"
"edges","True"
"edict","True"
"edify","True"
"edile","True"
"edith","False"
"edits","True"
"ediya","False"
"edoni","False"
"educe","True"
"educt","True"
"edwin","False"
"eeler","False"
"eemis","False"
"eerie","True"
"eeten","False"
"effet","False"
"effie","False"
"egads","True"
"egall","False"
"egers","True"
"egest","True"
"eggar","True"
"egged","True"
"egger","True"
"egret","True"
"egrid","False"
"egypt","False"
"eider","True"
"eidos","True"
"eight","True"
"eigne","True"
"eikon","True"
"eimak","False"
"eimer","False"
"eject","True"
"ejido","True"
"ejusd","False"
"ekaha","False"
"eking","True"
"ekron","False"
"elaic","False"
"elain","True"
"elamp","False"
"eland","True"
"elans","True"
"elaps","False"
"elate","True"
"elayl","False"
"elbow","True"
"elder","True"
"eldin","True"
"elean","False"
"elect","True"
"elegy","True"
"eleme","False"
"elemi","True"
"eleut","False"
"eleve","False"
"elfic","False"
"elfin","True"
"elian","False"
"elias","False"
"elide","True"
"elihu","False"
"eliot","False"
"elite","True"
"eliza","False"
"ellan","False"
"ellen","False"
"elmer","False"
"eloah","False"
"eloge","True"
"elogy","True"
"eloin","True"
"elong","False"
"elope","True"
"elops","True"
"elric","False"
"elses","False"
"elsin","True"
"elude","True"
"elute","True"
"elvan","True"
"elver","True"
"elves","True"
"elvet","False"
"elvis","False"
"elymi","False"
"email","True"
"emane","False"
"embar","True"
"embay","True"
"embed","True"
"ember","True"
"embog","True"
"embow","True"
"embox","True"
"embue","False"
"embus","True"
"emcee","True"
"emden","False"
"emeer","True"
"emend","True"
"emery","True"
"emesa","False"
"emeus","True"
"emigr","False"
"emily","False"
"emirs","True"
"emits","True"
"emlen","False"
"emmer","True"
"emmet","True"
"emmew","True"
"emong","True"
"emony","False"
"emory","False"
"emote","True"
"emove","True"
"empeo","False"
"empty","True"
"emule","True"
"emuls","False"
"emyde","True"
"emyds","True"
"enact","True"
"enage","False"
"enami","False"
"enapt","False"
"enarm","True"
"enate","True"
"encia","False"
"encup","False"
"encyc","False"
"ended","True"
"ender","True"
"endew","True"
"endia","False"
"endow","True"
"endue","True"
"eneas","False"
"eneid","False"
"enema","True"
"enemy","True"
"enent","False"
"enfin","False"
"engem","False"
"engin","False"
"engle","False"
"enhat","False"
"eniac","True"
"enjoy","True"
"enlay","False"
"enmew","True"
"ennew","False"
"ennia","False"
"ennoy","False"
"ennui","True"
"enoch","False"
"enode","False"
"enoil","False"
"enols","True"
"enorm","True"
"enorn","False"
"enows","True"
"enpia","False"
"enray","False"
"enrib","False"
"enrol","True"
"enrut","False"
"ensky","True"
"ensue","True"
"entad","False"
"ental","False"
"entea","False"
"enter","True"
"entia","True"
"entom","False"
"entre","False"
"entry","True"
"entte","False"
"enure","True"
"envoi","True"
"envoy","True"
"enweb","False"
"enzym","True"
"eoith","False"
"eosin","True"
"epact","True"
"epees","True"
"epeus","False"
"ephah","True"
"ephas","True"
"ephod","True"
"ephoi","False"
"ephor","True"
"epics","True"
"epiky","False"
"epist","False"
"eplot","False"
"epoch","True"
"epode","True"
"epopt","True"
"epoxy","True"
"eppes","False"
"eppie","False"
"epris","True"
"epsom","False"
"epulo","False"
"equal","True"
"eques","True"
"equid","True"
"equip","True"
"equiv","False"
"equus","False"
"erade","False"
"erase","True"
"erato","False"
"erava","False"
"erbia","True"
"erect","True"
"erept","False"
"ergal","False"
"ergon","True"
"ergot","True"
"erian","False"
"erica","True"
"erick","True"
"erika","False"
"erizo","False"
"ermit","False"
"ernes","True"
"ernie","False"
"ernst","False"
"erode","True"
"erose","True"
"erred","True"
"erron","False"
"error","True"
"ersar","False"
"erses","True"
"eruca","False"
"eruct","True"
"erugo","True"
"erump","False"
"erupt","True"
"ervil","True"
"ervum","False"
"erwin","False"
"eryon","False"
"esbay","False"
"escar","True"
"escot","True"
"escry","False"
"esere","False"
"eshin","False"
"eskar","True"
"esker","True"
"espec","False"
"esrog","False"
"essay","True"
"essed","False"
"essee","False"
"esses","True"
"essex","False"
"essie","False"
"estab","False"
"ester","True"
"estoc","True"
"estop","True"
"estre","False"
"estus","False"
"etang","False"
"etape","True"
"ethal","True"
"ethan","False"
"ethel","False"
"ether","True"
"ethic","True"
"ethid","False"
"ethos","True"
"ethyl","True"
"etiam","False"
"etnas","True"
"etrog","False"
"ettle","True"
"etude","True"
"etuis","True"
"etuve","False"
"etwas","False"
"etwee","True"
"etyma","True"
"eucre","False"
"eucti","False"
"euler","False"
"eupad","True"
"euros","True"
"eurus","False"
"eusol","True"
"evade","True"
"evang","False"
"evans","False"
"evase","False"
"eveck","False"
"evene","False"
"evens","True"
"event","True"
"evert","True"
"every","True"
"evese","False"
"evict","True"
"evils","True"
"evite","True"
"evoke","True"
"ewder","False"
"ewers","True"
"ewery","False"
"ewest","True"
"ewhow","True"
"ewing","False"
"exact","True"
"exalt","True"
"exams","True"
"exaun","False"
"excel","True"
"excud","False"
"excur","False"
"exdie","False"
"exeat","True"
"execs","True"
"exect","False"
"exede","False"
"exert","True"
"exhbn","False"
"exies","True"
"exile","True"
"exine","True"
"exing","True"
"exion","False"
"exist","True"
"exite","False"
"exits","True"
"exlex","False"
"exode","True"
"exody","False"
"exopt","False"
"expdt","False"
"expel","True"
"expos","True"
"exptl","False"
"expwy","False"
"exsec","False"
"exter","False"
"extol","True"
"extra","True"
"exude","True"
"exult","True"
"exurb","True"
"exust","False"
"exxon","False"
"eyass","True"
"eyers","True"
"eyess","False"
"eyght","False"
"eying","True"
"eyoty","False"
"eyrar","False"
"eyras","True"
"eyren","False"
"eyrer","False"
"eyres","True"
"eyrie","True"
"eyrir","True"
"faade","False"
"fabes","False"
"fable","True"
"faced","True"
"facer","True"
"faces","True"
"facet","True"
"facia","True"
"facie","False"
"facit","False"
"facks","False"
"facto","False"
"facts","True"
"facty","False"
"faddy","True"
"faded","True"
"faden","False"
"fader","True"
"fades","True"
"fadge","True"
"fadme","False"
"fados","True"
"faena","True"
"faery","True"
"faffy","True"
"fager","False"
"faggy","False"
"fagin","True"
"fagot","False"
"fagus","False"
"faham","False"
"fails","True"
"fains","True"
"faint","True"
"faire","False"
"fairm","False"
"fairs","True"
"fairy","True"
"faith","True"
"faits","False"
"faked","True"
"faker","True"
"fakes","True"
"fakir","True"
"falco","False"
"falda","False"
"falla","False"
"falls","True"
"fally","False"
"false","True"
"falun","False"
"falus","False"
"famed","True"
"fames","True"
"fanal","True"
"fanam","False"
"fancy","True"
"fanes","True"
"fanga","True"
"fango","True"
"fangs","True"
"fangy","False"
"fanit","False"
"fanny","True"
"fanon","True"
"fanos","True"
"fanti","False"
"fanum","True"
"fanwe","False"
"faqir","True"
"farad","True"
"farce","True"
"farci","True"
"farcy","True"
"farde","False"
"fardh","False"
"fardo","False"
"fards","True"
"fared","True"
"farer","True"
"fares","True"
"fario","False"
"farle","True"
"farls","True"
"farms","True"
"farmy","False"
"faros","True"
"farse","True"
"farsi","False"
"farth","False"
"farts","True"
"fasti","True"
"fasts","True"
"fatal","True"
"fated","True"
"fates","True"
"fatil","False"
"fatly","True"
"fator","False"
"fatso","True"
"fatty","True"
"fatwa","True"
"faugh","True"
"fauld","True"
"fault","True"
"faulx","False"
"fauna","True"
"fauns","True"
"faurd","True"
"fause","False"
"faust","False"
"faute","False"
"fauve","True"
"favel","True"
"favor","True"
"favus","True"
"fawns","True"
"fawny","True"
"faxed","True"
"faxes","True"
"fayal","False"
"fayed","True"
"fazed","True"
"fazes","True"
"fchar","False"
"fcomp","False"
"fconv","False"
"fdubs","False"
"fears","True"
"fease","True"
"feast","True"
"feats","True"
"featy","False"
"feaze","True"
"fecal","True"
"feces","True"
"fecit","True"
"fecks","True"
"fedia","False"
"feeds","True"
"feedy","False"
"feels","True"
"feely","False"
"feere","False"
"feest","False"
"feeze","True"
"feign","True"
"feint","True"
"feist","True"
"felid","True"
"felis","False"
"felix","False"
"fella","True"
"fells","True"
"felly","True"
"felon","True"
"felts","True"
"felty","True"
"felup","False"
"femes","True"
"femic","False"
"femme","True"
"femur","True"
"fence","True"
"fends","True"
"fendy","True"
"fenks","True"
"fenny","True"
"feods","True"
"feoff","True"
"ferae","False"
"feral","True"
"feres","True"
"feria","True"
"ferie","False"
"ferio","False"
"ferly","True"
"ferme","False"
"fermi","True"
"ferns","True"
"ferny","True"
"ferox","False"
"ferri","False"
"ferry","True"
"ferth","False"
"fesse","True"
"festa","True"
"feste","False"
"festy","True"
"fetal","True"
"fetas","True"
"fetch","True"
"feted","True"
"fetes","True"
"fetid","True"
"fetis","False"
"fetor","True"
"fetus","True"
"fetwa","True"
"feuar","True"
"feuds","True"
"feued","True"
"feute","False"
"fever","True"
"fewer","True"
"feyer","True"
"fezes","True"
"fezzy","True"
"fgrid","False"
"fhrer","False"
"fiant","False"
"fiard","False"
"fiars","True"
"fiats","True"
"fiber","True"
"fibra","False"
"fibre","False"
"fibro","True"
"fibry","False"
"fices","True"
"fiche","True"
"fichu","True"
"ficin","True"
"ficus","True"
"fidac","False"
"fidel","False"
"fides","True"
"fidge","True"
"fidia","False"
"fidos","True"
"fiefs","True"
"field","True"
"fiend","True"
"fient","True"
"fieri","False"
"fiery","True"
"fifed","True"
"fifer","True"
"fifes","True"
"fifie","False"
"fifth","True"
"fifty","True"
"figgy","True"
"fight","True"
"fiked","True"
"fikey","False"
"fikie","False"
"filao","False"
"filar","True"
"filch","True"
"filea","False"
"filed","True"
"filer","True"
"files","True"
"filet","True"
"filii","True"
"filix","False"
"filla","False"
"fille","True"
"fills","True"
"filly","True"
"films","True"
"filmy","True"
"filth","True"
"filum","True"
"final","True"
"finca","True"
"finch","True"
"finds","True"
"findy","False"
"fined","True"
"finer","True"
"fines","True"
"finew","False"
"fingu","False"
"finis","True"
"finks","True"
"finns","False"
"finny","True"
"fiord","True"
"fique","True"
"firca","False"
"fired","True"
"firer","True"
"fires","True"
"firma","False"
"firms","True"
"firns","True"
"firry","True"
"first","True"
"firth","True"
"fiscs","True"
"fishy","True"
"fists","True"
"fisty","True"
"fitch","True"
"fitly","True"
"fitty","False"
"fiver","True"
"fives","True"
"fixed","True"
"fixer","True"
"fixes","True"
"fixup","False"
"fizzy","True"
"fjeld","True"
"fjord","True"
"flabs","True"
"flack","True"
"flaff","True"
"flags","True"
"flail","True"
"flain","False"
"flair","True"
"flake","True"
"flaky","True"
"flamb","False"
"flame","True"
"flams","True"
"flamy","True"
"flane","True"
"flang","False"
"flank","True"
"flans","True"
"flaps","True"
"flare","True"
"flary","True"
"flash","True"
"flask","True"
"flats","True"
"flavo","False"
"flawn","True"
"flaws","True"
"flawy","True"
"flaxy","True"
"flays","True"
"flche","False"
"fldxt","False"
"fleak","False"
"fleam","True"
"flear","False"
"fleas","True"
"fleay","False"
"fleck","True"
"flect","False"
"fleer","True"
"flees","True"
"fleet","True"
"flegm","False"
"fleme","True"
"flesh","True"
"fleta","False"
"fleur","True"
"flews","True"
"flexo","True"
"fleys","True"
"flick","True"
"flics","True"
"flied","True"
"flier","True"
"flies","True"
"flimp","True"
"fling","True"
"flint","True"
"flipe","False"
"flips","True"
"flirt","True"
"flisk","True"
"flite","True"
"flits","True"
"fload","False"
"float","True"
"flock","True"
"flocs","True"
"floes","True"
"floey","False"
"flogs","True"
"floit","False"
"flong","True"
"flood","True"
"flook","False"
"floor","True"
"flops","True"
"flora","True"
"flory","True"
"flosh","True"
"floss","True"
"flota","True"
"flote","True"
"flots","False"
"flour","True"
"flout","True"
"flowe","False"
"flowk","False"
"flown","True"
"flows","True"
"floyd","False"
"floyt","False"
"flrie","False"
"flubs","True"
"flued","True"
"fluer","False"
"flues","True"
"fluey","True"
"fluff","True"
"fluid","True"
"fluke","True"
"fluky","True"
"flume","True"
"flump","True"
"flung","True"
"flunk","True"
"fluor","True"
"flurn","False"
"flurr","True"
"flurt","False"
"flush","True"
"flusk","False"
"flute","True"
"fluty","True"
"fluyt","True"
"flyby","True"
"flyer","True"
"flype","True"
"flyte","True"
"fname","False"
"fnese","False"
"foals","True"
"foaly","False"
"foams","True"
"foamy","True"
"focal","True"
"focus","True"
"fodda","False"
"foder","False"
"fodge","False"
"foehn","True"
"foeti","False"
"fogas","False"
"fogey","True"
"foggy","True"
"fogie","True"
"fogle","True"
"fogon","False"
"fogou","True"
"fogus","False"
"fohat","False"
"fohns","True"
"foils","True"
"foins","True"
"foism","False"
"foist","True"
"folds","True"
"foldy","False"
"folia","True"
"folic","True"
"folie","True"
"folio","True"
"folks","True"
"folky","True"
"folly","True"
"fomes","True"
"fonds","True"
"fondu","True"
"fonly","True"
"fonts","True"
"foods","True"
"foody","True"
"fools","True"
"foots","True"
"footy","True"
"foppy","False"
"foram","True"
"foray","True"
"forbs","True"
"forby","True"
"force","True"
"forcy","False"
"fordo","True"
"fords","True"
"fordy","False"
"forel","True"
"fores","True"
"foret","False"
"forex","True"
"forge","True"
"forgo","True"
"forks","True"
"forky","True"
"forma","False"
"forme","True"
"forms","True"
"formy","False"
"forra","False"
"forst","False"
"forte","True"
"forth","True"
"forts","True"
"forty","True"
"forum","True"
"fosie","False"
"fossa","True"
"fosse","True"
"fotch","False"
"fotui","False"
"fouls","True"
"found","True"
"fount","True"
"fourb","False"
"fours","True"
"foute","False"
"fouth","True"
"fouty","False"
"fovea","True"
"fowls","True"
"foxed","True"
"foxer","False"
"foxes","True"
"foxie","True"
"foxly","False"
"foyer","True"
"fplot","False"
"fpsps","False"
"frack","True"
"fract","True"
"frags","True"
"fraid","False"
"fraik","False"
"frail","True"
"frame","True"
"franc","True"
"frank","True"
"franz","False"
"frape","True"
"frapp","False"
"fraps","True"
"frary","False"
"frase","False"
"frass","True"
"frate","True"
"frats","True"
"fraud","True"
"fraus","True"
"frawn","False"
"frayn","False"
"frays","True"
"fraze","False"
"frden","False"
"freak","True"
"fream","False"
"freck","False"
"freed","True"
"freen","False"
"freer","True"
"frees","True"
"freet","True"
"freir","False"
"freit","True"
"fremd","True"
"fremt","False"
"frena","True"
"freon","True"
"frere","True"
"fresh","True"
"fress","False"
"frets","True"
"frett","False"
"freud","False"
"freya","False"
"freyr","False"
"friar","True"
"fried","True"
"frier","True"
"fries","True"
"frigs","True"
"frija","False"
"frike","False"
"frill","True"
"frise","True"
"frisk","True"
"friss","False"
"frist","True"
"frith","True"
"frits","True"
"fritt","True"
"fritz","True"
"frize","True"
"frizz","True"
"frock","True"
"froes","True"
"frogs","True"
"frond","True"
"frons","True"
"front","True"
"froom","False"
"frore","True"
"frory","True"
"frosh","True"
"frosk","False"
"frost","True"
"froth","True"
"frowl","False"
"frown","True"
"frows","True"
"frowy","True"
"froze","True"
"frugs","True"
"fruit","True"
"frump","True"
"frush","True"
"frust","True"
"fryer","True"
"fuage","False"
"fubby","True"
"fubsy","True"
"fuchi","False"
"fucks","True"
"fucus","True"
"fuder","False"
"fudge","True"
"fudgy","True"
"fuels","True"
"fuffy","True"
"fugal","True"
"fuggy","True"
"fugie","True"
"fugio","True"
"fugit","False"
"fugle","True"
"fugue","True"
"fujis","True"
"fulah","False"
"fulls","True"
"fully","True"
"fulth","False"
"fultz","False"
"fulup","False"
"fulwa","False"
"fumed","True"
"fumer","True"
"fumes","True"
"fumet","True"
"fumid","False"
"fundi","True"
"funds","True"
"funge","False"
"fungi","True"
"fungo","True"
"funic","False"
"funis","False"
"funje","False"
"funks","True"
"funky","True"
"funli","False"
"funny","True"
"fural","True"
"furan","True"
"furca","True"
"furil","False"
"furls","True"
"furor","True"
"furry","True"
"furud","False"
"furyl","False"
"furze","True"
"furzy","True"
"fused","True"
"fusee","True"
"fusel","True"
"fuses","True"
"fusht","False"
"fusil","True"
"fussy","True"
"fusty","True"
"fusus","False"
"futwa","False"
"fuzed","True"
"fuzee","True"
"fuzes","True"
"fuzil","True"
"fuzzy","True"
"fyces","True"
"fykes","True"
"fytte","True"
"gabby","True"
"gable","True"
"gabon","False"
"gaddi","True"
"gader","False"
"gades","True"
"gadge","True"
"gadid","True"
"gadis","True"
"gadso","True"
"gadus","False"
"gaels","False"
"gaffe","True"
"gaffs","True"
"gaged","True"
"gagee","False"
"gager","True"
"gages","True"
"gagor","False"
"gaily","True"
"gaine","False"
"gains","True"
"gaist","False"
"gaits","True"
"gaitt","True"
"gaius","False"
"gaize","False"
"galah","True"
"galas","True"
"galax","True"
"galbe","False"
"galea","True"
"galee","False"
"galei","False"
"galen","False"
"gales","True"
"galet","False"
"galey","False"
"galga","False"
"galik","False"
"galla","False"
"galli","False"
"galls","True"
"gally","True"
"galop","True"
"galut","True"
"galvo","True"
"gamba","True"
"gambe","True"
"gambs","True"
"gamed","True"
"gamer","True"
"games","True"
"gamey","True"
"gamic","True"
"gamin","True"
"gamma","True"
"gammy","True"
"gamps","True"
"gamut","True"
"ganam","False"
"ganch","True"
"ganda","False"
"ganef","True"
"ganev","True"
"ganga","False"
"gange","False"
"gangs","True"
"ganja","True"
"ganof","True"
"gansa","False"
"gansy","False"
"ganta","False"
"ganza","False"
"gaols","True"
"gaped","True"
"gaper","True"
"gapes","True"
"gappy","True"
"garad","False"
"garau","False"
"garbo","True"
"garbs","True"
"garce","False"
"garde","False"
"gardy","False"
"gareh","False"
"garle","False"
"garni","True"
"garon","False"
"garoo","False"
"garse","False"
"garth","True"
"garua","False"
"garum","True"
"gasan","False"
"gases","True"
"gashy","False"
"gasps","True"
"gaspy","True"
"gassy","True"
"gasts","True"
"gatch","True"
"gated","True"
"gater","True"
"gates","True"
"gatha","False"
"gator","True"
"gauby","False"
"gaucy","True"
"gauds","True"
"gaudy","True"
"gauge","True"
"gauls","False"
"gault","True"
"gaums","True"
"gaumy","True"
"gaunt","True"
"gaura","False"
"gaure","False"
"gaurs","True"
"gauss","True"
"gauze","True"
"gauzy","True"
"gavel","True"
"gavia","False"
"gavot","True"
"gawby","False"
"gawks","True"
"gawky","True"
"gawsy","True"
"gayal","True"
"gayer","True"
"gayly","True"
"gazed","True"
"gazee","False"
"gazel","False"
"gazer","True"
"gazes","True"
"gazet","False"
"gazon","True"
"gazoz","False"
"gconv","False"
"gears","True"
"gease","False"
"geast","False"
"gebur","True"
"gecko","True"
"gecks","True"
"gedds","False"
"geeks","True"
"geese","True"
"geest","True"
"gehey","False"
"geira","False"
"geisa","False"
"geist","True"
"gekko","False"
"gelds","True"
"gelee","True"
"gelid","True"
"gelly","True"
"gelts","True"
"gemel","True"
"gemma","True"
"gemmy","True"
"gemot","True"
"gemse","False"
"gemul","False"
"genae","False"
"genal","True"
"genep","False"
"genes","True"
"genet","True"
"genic","True"
"genie","True"
"genii","True"
"genin","False"
"genio","False"
"genip","True"
"genit","False"
"genny","True"
"genoa","True"
"genom","True"
"genos","False"
"genre","True"
"genro","True"
"gents","True"
"genty","True"
"genua","True"
"genus","True"
"genys","False"
"geode","True"
"geoff","False"
"geoid","True"
"geoty","False"
"gerah","True"
"gerbe","True"
"gerbo","False"
"gerim","False"
"gerip","False"
"germs","True"
"germy","True"
"gesan","False"
"gesso","True"
"geste","True"
"gests","True"
"getae","False"
"getah","False"
"getas","True"
"getfd","False"
"getic","False"
"getid","False"
"getup","True"
"geums","True"
"geyan","True"
"ghain","False"
"ghana","False"
"ghast","True"
"ghats","True"
"ghaut","True"
"ghazi","True"
"ghbor","False"
"ghees","True"
"ghent","False"
"ghess","False"
"ghole","False"
"ghoom","False"
"ghost","True"
"ghoul","True"
"ghyll","True"
"giant","True"
"gibbi","False"
"gibby","False"
"gibed","True"
"gibel","True"
"giber","True"
"gibes","True"
"gibli","True"
"gibus","True"
"giddy","True"
"gifts","True"
"gigas","True"
"gigge","False"
"gighe","True"
"gigot","True"
"gigue","True"
"giher","False"
"gilds","True"
"giles","False"
"gilet","True"
"gilia","False"
"gilim","False"
"gills","True"
"gilly","True"
"gilpy","True"
"gilse","False"
"gilts","True"
"gilty","False"
"gimel","True"
"gimme","True"
"gimps","True"
"gimpy","True"
"ginep","False"
"ginks","True"
"ginny","True"
"ginzo","True"
"gipon","True"
"gippo","True"
"gippy","True"
"gipsy","True"
"girba","False"
"girds","True"
"girja","False"
"girls","True"
"girly","True"
"girns","True"
"girny","False"
"giron","True"
"giros","True"
"girse","False"
"girsh","True"
"girth","True"
"girts","True"
"gisel","False"
"gisla","False"
"gismo","True"
"gists","True"
"gitim","False"
"giust","True"
"given","True"
"giver","True"
"gives","True"
"givey","False"
"givin","False"
"gizmo","True"
"glace","True"
"glack","False"
"glade","True"
"glads","True"
"glady","True"
"glaga","False"
"glaik","True"
"glair","True"
"glaky","False"
"glali","False"
"gland","True"
"glans","True"
"glare","True"
"glary","True"
"glass","True"
"glaum","True"
"glaur","True"
"glaux","False"
"glave","False"
"glaze","True"
"glazy","True"
"glead","False"
"gleam","True"
"glean","True"
"gleba","True"
"glebe","True"
"gleby","True"
"glede","True"
"gleds","True"
"gledy","False"
"gleed","True"
"gleek","True"
"gleen","False"
"glees","True"
"gleet","True"
"gleir","False"
"gleit","False"
"glene","False"
"glenn","False"
"glens","True"
"glent","True"
"gleys","True"
"glial","True"
"glick","False"
"glide","True"
"gliff","True"
"glike","True"
"glime","True"
"glims","True"
"glink","False"
"glint","True"
"glisk","True"
"gliss","False"
"glist","False"
"gloam","True"
"gloat","True"
"globe","True"
"globs","True"
"globy","True"
"gloea","False"
"glogg","True"
"glome","False"
"glomi","False"
"gloms","True"
"glood","False"
"gloom","True"
"glops","True"
"glore","False"
"glory","True"
"gloss","True"
"glost","True"
"glout","True"
"glove","True"
"glows","True"
"gloze","True"
"gluck","False"
"glued","True"
"gluer","True"
"glues","True"
"gluey","True"
"gluma","False"
"glume","True"
"glump","False"
"gluon","True"
"gluts","True"
"glynn","False"
"glyph","True"
"gnarl","True"
"gnarr","True"
"gnars","True"
"gnash","True"
"gnast","False"
"gnats","True"
"gnawn","True"
"gnaws","True"
"gnide","False"
"gnoff","False"
"gnome","True"
"goads","True"
"goala","False"
"goals","True"
"goats","True"
"goaty","True"
"goave","False"
"goban","True"
"gobbe","False"
"gobby","True"
"gobet","False"
"gobia","False"
"gobio","False"
"gobos","True"
"godet","True"
"godly","True"
"goers","True"
"goety","True"
"gofer","True"
"gogga","True"
"gogos","True"
"going","True"
"goldi","False"
"golds","True"
"goldy","True"
"golee","False"
"golem","True"
"goles","True"
"golet","False"
"golfs","True"
"golgi","False"
"golly","True"
"goloe","False"
"golpe","True"
"gombo","True"
"gomer","True"
"gonad","True"
"gonal","False"
"gondi","False"
"goner","True"
"goney","False"
"gongs","True"
"gonia","True"
"gonid","False"
"gonif","True"
"gonna","True"
"gonne","False"
"gonof","True"
"gonys","True"
"gonzo","True"
"goods","True"
"goody","True"
"gooey","True"
"goofs","True"
"goofy","True"
"gooks","False"
"gooky","True"
"gools","True"
"gooma","False"
"goons","True"
"goony","True"
"goops","True"
"goopy","True"
"goose","True"
"goosy","True"
"gopak","True"
"goral","True"
"goran","False"
"gorce","False"
"gored","True"
"gorer","False"
"gores","True"
"gorge","True"
"goric","False"
"gorki","False"
"gorra","False"
"gorry","False"
"gorse","True"
"gorst","False"
"gorsy","True"
"gossy","False"
"gotch","True"
"goter","False"
"gotha","False"
"goths","True"
"gotos","False"
"gotra","False"
"gotta","True"
"gouda","False"
"goudy","False"
"gouge","True"
"goumi","False"
"goura","True"
"gourd","True"
"goury","False"
"gouts","True"
"gouty","True"
"gowan","True"
"gowds","True"
"gowdy","False"
"gowks","True"
"gowns","True"
"goxes","True"
"goyim","True"
"goyin","False"
"goyle","True"
"graal","True"
"grabs","True"
"grace","True"
"gracy","False"
"grade","True"
"grads","True"
"graff","True"
"graft","True"
"grail","True"
"grain","True"
"graip","True"
"grama","True"
"grame","True"
"gramp","True"
"grams","True"
"gramy","False"
"grana","True"
"grand","True"
"grane","False"
"grank","False"
"grano","False"
"grant","True"
"grape","True"
"graph","True"
"grapy","True"
"grasp","True"
"grass","True"
"grata","False"
"grate","True"
"grave","True"
"gravy","True"
"grays","True"
"graze","True"
"great","True"
"grebe","True"
"grebo","True"
"grece","True"
"greco","False"
"greed","True"
"greek","True"
"green","True"
"grees","True"
"greet","True"
"grege","True"
"gregg","False"
"grego","True"
"grein","True"
"greit","False"
"grene","False"
"greta","False"
"grete","False"
"grewt","False"
"greys","True"
"grice","True"
"gride","True"
"grids","True"
"grief","True"
"griff","True"
"grift","True"
"grigs","True"
"grike","True"
"grill","True"
"grime","True"
"grimm","False"
"grimp","False"
"grimy","True"
"grind","True"
"grins","True"
"grint","False"
"griot","True"
"gripe","True"
"griph","False"
"grips","True"
"gript","True"
"gripy","True"
"grise","True"
"grist","True"
"grith","True"
"grits","True"
"groan","True"
"groat","True"
"groff","False"
"grogs","True"
"groin","True"
"groma","True"
"grond","False"
"gront","False"
"groof","True"
"groom","True"
"groop","False"
"groot","False"
"groow","False"
"grope","True"
"gross","True"
"grosz","True"
"grote","False"
"grots","True"
"grouf","True"
"group","True"
"grout","True"
"grove","True"
"grovy","True"
"growl","True"
"grown","True"
"grows","True"
"grubs","True"
"gruel","True"
"grues","True"
"gruff","True"
"gruft","False"
"gruis","False"
"grume","True"
"grump","True"
"grunt","True"
"grush","False"
"gruss","False"
"gruys","False"
"gryde","True"
"grype","True"
"gryph","False"
"gteau","False"
"guaba","False"
"guaco","True"
"guaka","False"
"guama","False"
"guana","True"
"guano","True"
"guans","True"
"guara","False"
"guard","True"
"guars","True"
"guary","False"
"guasa","False"
"guato","False"
"guava","True"
"guaza","False"
"gubat","False"
"gubbo","False"
"gucki","False"
"gucks","True"
"gudes","True"
"gudge","False"
"gudok","False"
"guelf","False"
"guess","True"
"guest","True"
"guffs","True"
"guffy","False"
"gugal","False"
"guiac","False"
"guiba","False"
"guide","True"
"guido","False"
"guids","True"
"guige","False"
"guijo","False"
"guild","True"
"guile","True"
"guilt","True"
"guily","False"
"guiro","True"
"guise","True"
"gujar","False"
"gulae","False"
"gular","True"
"gulas","True"
"gulch","True"
"gules","True"
"gulfs","True"
"gulfy","True"
"gulix","False"
"gulls","True"
"gully","True"
"gulph","True"
"gulps","True"
"gulpy","True"
"gumbo","True"
"gumby","False"
"gumly","False"
"gumma","True"
"gummy","True"
"gunda","False"
"gundi","False"
"gundy","True"
"gunge","True"
"gunja","False"
"gunks","True"
"gunky","True"
"gunne","False"
"gunny","True"
"guppy","True"
"guran","False"
"gurdy","True"
"gurge","True"
"guric","False"
"gurle","False"
"gurly","True"
"gurry","True"
"gursh","True"
"gurts","False"
"gurus","True"
"guser","False"
"gushy","True"
"gusla","True"
"gusle","True"
"gussy","True"
"gusto","True"
"gusts","True"
"gusty","True"
"gutsy","True"
"gutta","True"
"gutte","False"
"gutti","False"
"gutty","True"
"guyed","True"
"guyer","False"
"guyot","True"
"guzul","False"
"gweed","False"
"gwely","False"
"gwine","True"
"gybed","True"
"gybes","True"
"gyges","False"
"gygis","False"
"gymel","False"
"gynic","False"
"gyppo","True"
"gypsy","True"
"gyral","True"
"gyred","True"
"gyres","True"
"gyric","False"
"gyron","True"
"gyros","True"
"gyrus","True"
"gyved","True"
"gyves","True"
"haafs","True"
"haars","True"
"habab","False"
"habbe","False"
"habet","False"
"habit","True"
"hable","True"
"habub","False"
"habus","True"
"hacek","True"
"hache","False"
"hacht","False"
"hacks","True"
"hacky","False"
"hadal","True"
"haddo","False"
"haded","True"
"hades","True"
"hadit","False"
"hadji","True"
"hadnt","False"
"hadst","True"
"haems","True"
"haets","True"
"hafis","False"
"hafiz","True"
"hafts","True"
"hagar","False"
"haggy","False"
"hagia","False"
"hague","False"
"haick","True"
"haida","False"
"haika","True"
"haikh","False"
"haiks","True"
"haiku","True"
"hails","True"
"haily","True"
"haine","False"
"haire","False"
"hairs","True"
"hairy","True"
"haiti","False"
"hajes","True"
"hajib","False"
"hajis","True"
"hajji","True"
"hakam","True"
"hakea","True"
"hakes","True"
"hakim","True"
"hakka","False"
"halal","True"
"halas","False"
"halch","False"
"haldu","False"
"haled","True"
"haler","True"
"hales","True"
"halfa","True"
"halfy","False"
"halid","True"
"halke","False"
"hallo","True"
"halls","True"
"halma","True"
"halms","True"
"haloa","False"
"halos","True"
"halse","True"
"halte","False"
"halts","True"
"halva","True"
"halve","True"
"halwe","False"
"hamal","True"
"haman","False"
"hamel","False"
"hames","True"
"hamli","False"
"hammy","True"
"hamsa","False"
"hamus","False"
"hamza","True"
"hanap","True"
"hance","True"
"hanch","True"
"hands","True"
"handy","True"
"hange","False"
"hangs","True"
"hanif","False"
"hanks","True"
"hankt","False"
"hanky","True"
"hanna","False"
"hanoi","False"
"hansa","True"
"hanse","True"
"hants","True"
"haole","True"
"haoma","True"
"haori","False"
"hapax","True"
"haply","True"
"happy","True"
"haram","True"
"haras","False"
"harbi","False"
"hards","True"
"hardy","True"
"hared","True"
"harem","True"
"hares","True"
"harim","True"
"harka","False"
"harks","True"
"harle","False"
"harls","True"
"harms","True"
"harns","True"
"harpa","False"
"harps","True"
"harpy","True"
"harre","False"
"harry","True"
"harsh","True"
"harst","False"
"harts","True"
"hasan","False"
"hasht","False"
"hashy","True"
"hasid","False"
"hasky","False"
"hasnt","False"
"hasps","True"
"hasta","True"
"haste","True"
"hasty","True"
"hatch","True"
"hated","True"
"hatel","False"
"hater","True"
"hates","True"
"hathi","False"
"hatte","False"
"hatti","False"
"hatty","False"
"haugh","True"
"hauld","True"
"haulm","True"
"hauls","True"
"hault","True"
"haunt","True"
"hausa","False"
"hause","True"
"haust","False"
"haute","True"
"havel","False"
"haven","True"
"haver","True"
"haves","True"
"havoc","True"
"hawed","True"
"hawer","False"
"hawks","True"
"hawky","False"
"hawok","False"
"hawse","True"
"haydn","False"
"hayed","True"
"hayer","True"
"hayes","False"
"hayey","True"
"hayne","False"
"hazan","True"
"hazed","True"
"hazel","True"
"hazen","False"
"hazer","True"
"hazes","True"
"hazle","False"
"hdqrs","False"
"heads","True"
"heady","True"
"heald","True"
"heals","True"
"heaps","True"
"heapy","True"
"heard","True"
"hears","True"
"heart","True"
"heath","True"
"heats","True"
"heave","True"
"heavy","True"
"heazy","False"
"heben","True"
"hecco","False"
"hecht","True"
"hecks","True"
"hecte","False"
"heder","True"
"hedge","True"
"hedgy","True"
"heeds","True"
"heedy","True"
"heels","True"
"heeze","True"
"heezy","False"
"hefts","True"
"hefty","True"
"heiau","False"
"heidi","False"
"heigh","True"
"heild","False"
"heils","True"
"heily","False"
"heinz","False"
"heirs","True"
"heist","True"
"heize","False"
"helas","False"
"helco","False"
"helen","False"
"helge","False"
"helio","True"
"helix","True"
"hello","True"
"hells","True"
"helly","False"
"helms","True"
"heloe","False"
"helot","True"
"helps","True"
"helve","True"
"hemad","False"
"hemal","True"
"heman","False"
"hemen","False"
"hemes","True"
"hemic","True"
"hemin","True"
"hemol","False"
"hemps","True"
"hempy","True"
"henad","False"
"hence","True"
"hendy","False"
"henen","False"
"henge","True"
"henna","True"
"henny","True"
"henry","True"
"hents","True"
"hepar","True"
"herat","False"
"herba","False"
"herbs","True"
"herby","True"
"herds","True"
"herem","False"
"heres","True"
"herls","True"
"herma","True"
"hermi","False"
"hermo","False"
"herms","True"
"herne","False"
"herns","True"
"heron","True"
"heros","True"
"herry","True"
"herse","True"
"hertz","True"
"herve","False"
"hests","True"
"heths","True"
"hetty","False"
"heuau","False"
"heuch","True"
"heugh","True"
"hevea","True"
"heved","False"
"hewed","True"
"hewel","False"
"hewer","True"
"hewgh","True"
"hexad","True"
"hexed","True"
"hexer","True"
"hexes","True"
"hexis","False"
"hexyl","True"
"heygh","False"
"hiant","True"
"hiate","False"
"hibla","False"
"hicht","False"
"hichu","False"
"hicks","True"
"hicky","False"
"hided","True"
"hidel","False"
"hider","True"
"hides","True"
"hield","False"
"hiems","True"
"hienz","False"
"hiera","False"
"highs","True"
"hight","True"
"higra","False"
"hijra","True"
"hiked","True"
"hiker","True"
"hikes","True"
"hilar","True"
"hilch","True"
"hilda","False"
"hillo","True"
"hills","True"
"hilly","True"
"hilsa","False"
"hilts","True"
"hilum","True"
"hilus","True"
"himne","False"
"hinau","True"
"hinch","False"
"hindi","False"
"hinds","True"
"hindu","False"
"hiney","False"
"hinge","True"
"hinny","True"
"hints","True"
"hiper","False"
"hipmi","False"
"hippa","False"
"hippi","False"
"hippo","True"
"hippy","True"
"hiram","False"
"hired","True"
"hiren","False"
"hirer","True"
"hires","True"
"hirse","False"
"hirst","False"
"hisis","False"
"hispa","False"
"hissy","True"
"hists","True"
"hitch","True"
"hithe","True"
"hived","True"
"hiver","True"
"hives","True"
"hoagy","True"
"hoard","True"
"hoars","True"
"hoary","True"
"hoast","True"
"hobby","True"
"hoboe","False"
"hobos","True"
"hocco","False"
"hocks","True"
"hocky","False"
"hocus","True"
"hodad","True"
"hoddy","False"
"hodge","False"
"hoers","True"
"hogan","True"
"hogen","True"
"hoggs","True"
"hoggy","False"
"hogni","False"
"hoick","True"
"hoise","True"
"hoist","True"
"hokan","False"
"hoked","True"
"hoker","False"
"hokes","True"
"hokey","True"
"hokku","True"
"hokum","True"
"holds","True"
"holed","True"
"holer","False"
"holes","True"
"holey","True"
"holia","False"
"holks","True"
"holla","True"
"hollo","True"
"holly","True"
"holms","True"
"holts","True"
"homam","False"
"homed","True"
"homer","True"
"homes","True"
"homey","True"
"homme","True"
"homos","False"
"honan","True"
"honda","True"
"hondo","False"
"honed","True"
"honer","True"
"hones","True"
"honey","True"
"hongs","True"
"honks","True"
"honky","True"
"honor","True"
"honzo","False"
"hooch","True"
"hoods","True"
"hoody","True"
"hooey","True"
"hoofs","True"
"hoofy","False"
"hooka","True"
"hooks","True"
"hooky","True"
"hooly","True"
"hoops","True"
"hoose","False"
"hoosh","True"
"hoots","True"
"hoove","True"
"hooye","False"
"hopak","True"
"hoped","True"
"hoper","True"
"hopes","True"
"hopis","False"
"hoppo","False"
"hoppy","True"
"horae","False"
"horah","True"
"horal","True"
"horas","True"
"horde","True"
"horim","False"
"horla","False"
"horme","True"
"horns","True"
"horny","True"
"horol","False"
"horry","False"
"horse","True"
"horst","True"
"horsy","True"
"hosea","False"
"hosed","True"
"hosel","True"
"hosen","True"
"hoses","True"
"hosta","True"
"hosts","True"
"hotch","True"
"hotel","True"
"hotly","True"
"hotta","False"
"hough","True"
"hoult","False"
"hound","True"
"houri","True"
"hours","True"
"house","True"
"houss","False"
"housy","False"
"houve","False"
"hovel","True"
"hoven","True"
"hover","True"
"howdy","True"
"howea","False"
"howel","False"
"howes","True"
"howff","True"
"howfs","True"
"howks","True"
"howls","True"
"howso","True"
"hoyle","True"
"hsien","False"
"hsuan","False"
"huaca","False"
"huaco","False"
"huari","False"
"huave","False"
"hubba","False"
"hubby","True"
"hucho","False"
"hucks","True"
"huffs","True"
"huffy","True"
"huger","True"
"huile","False"
"hulas","True"
"hulch","False"
"hulks","True"
"hulky","True"
"hullo","True"
"hulls","True"
"human","True"
"humbo","False"
"humet","False"
"humic","True"
"humid","True"
"humin","False"
"humit","False"
"humor","True"
"humph","True"
"humps","True"
"humpy","True"
"humus","True"
"hunch","True"
"hundi","False"
"hunks","True"
"hunky","True"
"hunts","True"
"hurds","True"
"hurls","True"
"hurly","True"
"huron","False"
"hurri","False"
"hurry","True"
"hurst","True"
"hurts","True"
"hurty","False"
"husho","False"
"husht","False"
"husks","True"
"husky","True"
"hussy","True"
"hutch","True"
"hutia","True"
"hutre","False"
"huzza","True"
"huzzy","True"
"hybla","False"
"hydra","True"
"hydro","True"
"hyena","True"
"hying","True"
"hylas","True"
"hyleg","True"
"hylic","True"
"hymen","True"
"hymns","True"
"hynde","True"
"hyoid","True"
"hyped","True"
"hyper","True"
"hypes","True"
"hypha","True"
"hypho","False"
"hypos","True"
"hyrax","True"
"hyrse","False"
"hyrst","False"
"hyson","True"
"iambe","False"
"iambi","True"
"iambs","True"
"ianus","False"
"iberi","False"
"ibota","False"
"icaco","False"
"icasm","False"
"iceni","False"
"ichor","True"
"ichth","False"
"icica","False"
"icier","True"
"icily","True"
"icing","True"
"icker","True"
"ickle","True"
"icons","True"
"iconv","False"
"ictic","True"
"ictus","True"
"idaho","False"
"idaic","False"
"idant","True"
"idcue","False"
"iddat","False"
"iddhi","False"
"iddio","False"
"ideal","True"
"idean","False"
"ideas","True"
"ident","True"
"idest","False"
"ideta","False"
"idgah","False"
"idiom","True"
"idion","False"
"idiot","True"
"idism","False"
"idist","False"
"idite","False"
"idled","True"
"idler","True"
"idles","True"
"idola","True"
"idols","True"
"idose","False"
"idryl","False"
"idyll","True"
"idyls","True"
"ierne","False"
"ifint","False"
"ifree","False"
"ifrit","False"
"igara","False"
"igdyr","False"
"ighly","False"
"igloo","True"
"iglus","True"
"ignaw","False"
"ignis","False"
"ihlat","False"
"ihram","True"
"iiasa","False"
"ijmaa","False"
"ijore","False"
"ikary","False"
"ikona","False"
"ikons","True"
"ilama","False"
"ileac","True"
"ileal","True"
"ileon","False"
"ileum","True"
"ileus","True"
"iliac","True"
"iliad","True"
"ilial","True"
"ilian","False"
"iliau","False"
"ilima","False"
"ilion","False"
"ilium","True"
"iller","True"
"illth","True"
"illus","False"
"iloko","False"
"image","True"
"imago","True"
"imams","True"
"imaum","True"
"imban","False"
"imbat","False"
"imbed","True"
"imber","False"
"imbue","True"
"imcnt","False"
"imide","True"
"imido","True"
"imids","True"
"imine","True"
"imino","True"
"immew","True"
"immis","False"
"immit","True"
"immix","True"
"immov","False"
"immun","False"
"impar","False"
"imped","True"
"impel","True"
"impen","False"
"imper","False"
"impis","True"
"imply","True"
"impot","True"
"imput","False"
"imshi","True"
"imvia","False"
"inact","False"
"inaja","False"
"inane","True"
"inapt","True"
"inark","False"
"inarm","True"
"inbow","False"
"inbye","True"
"incan","False"
"incas","False"
"incle","True"
"incog","True"
"incor","False"
"incra","False"
"incur","True"
"incus","True"
"incut","True"
"indan","False"
"indef","False"
"indew","True"
"index","True"
"india","True"
"indic","False"
"indii","False"
"indin","False"
"indiv","False"
"indol","True"
"indow","True"
"indra","False"
"indri","True"
"induc","False"
"indue","True"
"indus","False"
"indyl","False"
"inept","True"
"ineri","False"
"inerm","True"
"inert","True"
"ineye","False"
"infer","True"
"infin","False"
"infit","False"
"infix","True"
"infos","True"
"infra","True"
"ingan","True"
"ingem","False"
"inger","False"
"ingle","True"
"inglu","False"
"ingot","True"
"inial","False"
"inigo","False"
"inion","True"
"injun","False"
"inked","True"
"inken","False"
"inker","True"
"inket","False"
"inkie","False"
"inkle","True"
"inkos","False"
"inkra","False"
"inlaw","False"
"inlay","True"
"inlet","True"
"inmew","False"
"inned","True"
"inner","True"
"innet","False"
"inoma","False"
"inone","False"
"inorb","True"
"inorg","False"
"input","True"
"inrol","False"
"inrub","False"
"inrun","True"
"insea","False"
"insee","False"
"insep","False"
"inset","True"
"insol","False"
"instr","False"
"insue","False"
"intel","True"
"inter","True"
"intil","True"
"intnl","False"
"intra","True"
"intro","True"
"intsv","False"
"intue","False"
"inula","True"
"inure","True"
"inurn","True"
"inust","True"
"invar","True"
"invoy","False"
"inwit","True"
"iodal","False"
"iodic","True"
"iodid","True"
"iodin","True"
"iodol","False"
"ionic","True"
"iortn","False"
"iotas","True"
"iowan","False"
"iphis","False"
"irade","True"
"irani","False"
"iraqi","False"
"irate","True"
"irbis","False"
"irena","False"
"irene","False"
"ireos","False"
"irfan","False"
"irgun","False"
"irian","False"
"irido","False"
"iring","True"
"irish","False"
"irked","True"
"iroha","False"
"iroko","True"
"irone","True"
"irons","True"
"irony","True"
"irous","False"
"irpex","False"
"irred","False"
"irreg","False"
"irvin","False"
"irwin","False"
"isaac","False"
"isawa","False"
"isbas","True"
"iseum","False"
"isiac","False"
"ising","False"
"isize","False"
"islam","False"
"islay","False"
"isled","True"
"isles","True"
"islet","True"
"islot","False"
"ismal","False"
"isnad","False"
"isoln","False"
"isort","False"
"issei","True"
"issue","True"
"isthm","False"
"istle","True"
"itala","False"
"itali","False"
"italy","False"
"itchy","True"
"itcze","False"
"items","True"
"itemy","False"
"iters","False"
"ither","True"
"iulus","False"
"ivied","True"
"ivies","True"
"ivory","True"
"ivray","False"
"ixias","True"
"ixion","False"
"ixora","True"
"ixtle","True"
"izard","True"
"izars","True"
"izing","False"
"izote","False"
"iztle","False"
"izumi","False"
"izzat","True"
"jabia","False"
"jabot","True"
"jabul","False"
"jacal","True"
"jacht","False"
"jacko","False"
"jacks","True"
"jacky","True"
"jacob","False"
"jaded","True"
"jades","True"
"jagat","False"
"jager","True"
"jaggs","True"
"jaggy","True"
"jagir","True"
"jagla","False"
"jagra","True"
"jagua","False"
"jahve","False"
"jails","True"
"jaime","False"
"jaina","False"
"jakes","True"
"jakey","True"
"jakob","False"
"jakos","False"
"jakun","False"
"jalap","True"
"jalee","False"
"jalet","False"
"jalop","True"
"jalor","False"
"jalur","False"
"jaman","False"
"jambe","True"
"jambo","True"
"jambs","True"
"james","True"
"jamie","False"
"jammy","True"
"janes","True"
"janet","False"
"janos","False"
"jantu","False"
"janty","True"
"janua","False"
"janus","False"
"japan","True"
"japed","True"
"japer","True"
"japes","True"
"japyx","False"
"jarde","False"
"jared","False"
"jarls","True"
"jarmo","False"
"jarra","False"
"jarry","False"
"jarvy","False"
"jasey","True"
"jason","False"
"jaspe","True"
"jatha","False"
"jatki","False"
"jatni","False"
"jatos","True"
"jauks","True"
"jaunt","True"
"jaups","True"
"javan","False"
"javas","True"
"javel","True"
"javer","False"
"jawab","False"
"jawan","True"
"jawed","True"
"jazey","False"
"jazzy","True"
"jeans","True"
"jeany","False"
"jebat","False"
"jebel","True"
"jebus","False"
"jeeps","True"
"jeers","True"
"jeery","False"
"jefes","True"
"jehad","True"
"jehup","False"
"jehus","True"
"jelab","True"
"jelib","False"
"jello","True"
"jells","True"
"jelly","True"
"jembe","True"
"jemez","False"
"jemmy","True"
"jenna","False"
"jenny","True"
"jerez","False"
"jerib","False"
"jerid","True"
"jerks","True"
"jerky","True"
"jerry","True"
"jesse","True"
"jests","True"
"jesus","True"
"jetes","True"
"jeton","True"
"jetty","True"
"jewed","True"
"jewel","True"
"jewis","False"
"jewry","False"
"jheel","False"
"jhool","False"
"jibba","True"
"jibbs","True"
"jibby","False"
"jibed","True"
"jiber","True"
"jibes","True"
"jiboa","False"
"jiffs","True"
"jiffy","True"
"jiggy","True"
"jihad","True"
"jills","True"
"jilts","True"
"jimbo","False"
"jimmy","True"
"jimpy","True"
"jingo","True"
"jingu","False"
"jinja","False"
"jinks","True"
"jinni","True"
"jinns","True"
"jinny","False"
"jiqui","False"
"jirga","True"
"jisms","True"
"jitro","False"
"jived","True"
"jives","True"
"jixie","False"
"jizya","False"
"jnana","True"
"jocko","True"
"jocks","True"
"jocum","False"
"jodel","True"
"joeys","True"
"johan","False"
"johns","True"
"joins","True"
"joint","True"
"joist","True"
"joked","True"
"joker","True"
"jokes","True"
"jokey","True"
"jokul","False"
"joles","True"
"jolly","True"
"jolts","True"
"jolty","True"
"jomon","True"
"jonah","False"
"jonas","False"
"jones","True"
"joola","False"
"joram","True"
"joree","False"
"jorge","False"
"jorum","True"
"josey","False"
"joshi","False"
"josie","False"
"josip","False"
"jotas","True"
"jotty","True"
"joual","True"
"jough","False"
"jougs","True"
"jouks","True"
"joule","True"
"journ","False"
"jours","True"
"joust","True"
"jowar","True"
"jowed","True"
"jowel","False"
"jower","False"
"jowls","True"
"jowly","True"
"jowpy","False"
"joyce","False"
"joyed","True"
"juang","False"
"juans","False"
"jubas","True"
"jubbe","False"
"jubes","True"
"jubus","False"
"judah","False"
"judas","True"
"judex","False"
"judge","True"
"judos","True"
"jufti","False"
"jufts","False"
"jugal","True"
"juger","False"
"jugum","True"
"juice","True"
"juicy","True"
"juise","False"
"jujus","True"
"juked","True"
"jukes","True"
"julep","True"
"jules","False"
"julia","False"
"julid","False"
"julie","False"
"julio","False"
"julus","False"
"jumba","False"
"jumbo","True"
"jumby","True"
"jumma","False"
"jumps","True"
"jumpy","True"
"junco","True"
"jundy","False"
"junks","True"
"junky","True"
"junta","True"
"junto","True"
"jupes","True"
"jupon","True"
"jural","True"
"jurat","True"
"jurel","True"
"juris","False"
"juror","True"
"jussi","False"
"justo","False"
"justs","True"
"jutes","True"
"jutic","False"
"jutka","False"
"jutty","True"
"juvia","False"
"juxta","False"
"juyas","False"
"kaaba","False"
"kaama","True"
"kabab","True"
"kabar","True"
"kabel","False"
"kabob","True"
"kacha","True"
"kadis","True"
"kadmi","False"
"kados","False"
"kafir","True"
"kafiz","False"
"kafka","False"
"kafta","False"
"kagos","True"
"kagus","True"
"kahar","False"
"kahau","False"
"kaiak","True"
"kaifs","True"
"kails","True"
"kaimo","False"
"kains","True"
"kaiwi","False"
"kajar","False"
"kakan","False"
"kakar","False"
"kakas","True"
"kakis","True"
"kakke","False"
"kalam","True"
"kalan","False"
"kales","True"
"kalif","True"
"kalis","True"
"kalon","False"
"kalpa","True"
"kamao","False"
"kamas","True"
"kamba","False"
"kamel","False"
"kames","True"
"kamik","True"
"kamis","True"
"kanae","True"
"kanap","False"
"kanas","True"
"kanat","False"
"kande","False"
"kaneh","True"
"kanes","True"
"kanga","True"
"kanji","True"
"kannu","False"
"kansa","False"
"kanzu","True"
"kaons","True"
"kapai","False"
"kapas","True"
"kaphs","True"
"kapok","True"
"kappa","True"
"kappe","False"
"kapur","False"
"kaput","True"
"karat","True"
"karbi","False"
"karch","False"
"karel","False"
"karen","False"
"karez","False"
"karma","True"
"karns","True"
"karoo","True"
"karos","True"
"karou","False"
"karri","True"
"karst","True"
"karts","True"
"kaser","False"
"kasha","True"
"kashi","False"
"kaska","False"
"kassu","False"
"katar","False"
"katat","False"
"katha","False"
"kathy","False"
"katie","False"
"katik","False"
"katun","False"
"kauch","False"
"kauri","True"
"kaury","True"
"kavas","True"
"kaver","False"
"kayak","True"
"kayan","False"
"kayos","True"
"kazak","False"
"kazoo","True"
"keach","False"
"kearn","False"
"keats","False"
"keawe","False"
"kebab","True"
"kebar","True"
"kebby","False"
"kebob","True"
"kecks","True"
"kecky","False"
"kedar","False"
"kedge","True"
"kedgy","True"
"keech","True"
"keefs","True"
"keeks","True"
"keels","True"
"keena","False"
"keens","True"
"keeps","True"
"keest","False"
"keets","True"
"keeve","True"
"kefir","True"
"kefti","False"
"keirs","True"
"keist","False"
"keita","False"
"keith","False"
"keleh","False"
"kelek","False"
"kelep","True"
"kelia","False"
"kella","False"
"kelly","True"
"kelps","True"
"kelpy","True"
"kelts","True"
"kelty","True"
"kemal","False"
"kemps","True"
"kempt","True"
"kempy","True"
"kenaf","True"
"kenai","False"
"kench","True"
"kendo","True"
"kendy","False"
"kenno","False"
"kenny","False"
"kenos","True"
"kente","True"
"kenya","False"
"keout","False"
"kepis","True"
"kerat","False"
"kerbs","True"
"kerch","False"
"kerel","True"
"keres","False"
"kerfs","True"
"kerne","True"
"kerns","True"
"keros","True"
"kerri","False"
"kerry","True"
"kerve","True"
"keryx","False"
"kesar","True"
"kesse","False"
"ketal","False"
"ketch","True"
"keten","False"
"ketol","True"
"kette","False"
"ketty","False"
"ketyl","False"
"kevan","False"
"kevel","True"
"kever","False"
"kevil","True"
"kevin","False"
"kevyn","False"
"kexes","True"
"keyed","True"
"keywd","False"
"khadi","True"
"khair","False"
"khaja","False"
"khaki","True"
"khami","False"
"khans","True"
"khasa","False"
"khasi","False"
"khass","False"
"khats","True"
"khaya","True"
"kheda","True"
"khila","False"
"khmer","False"
"khoja","True"
"khoka","False"
"khond","False"
"khuai","False"
"khula","False"
"khuzi","False"
"khvat","False"
"kiaat","True"
"kiack","True"
"kiaki","False"
"kiang","True"
"kibei","True"
"kibes","True"
"kibla","True"
"kicks","True"
"kicky","True"
"kiddo","True"
"kiddy","True"
"kiefs","True"
"kiers","True"
"kieye","False"
"kikar","False"
"kikes","False"
"kikki","False"
"kikoi","True"
"kilah","False"
"kilan","False"
"kileh","False"
"kiley","True"
"kilij","False"
"kilim","True"
"kills","True"
"killy","False"
"kilns","True"
"kilom","False"
"kilos","True"
"kilts","True"
"kilty","True"
"kimbo","True"
"kimmo","False"
"kinah","False"
"kinch","False"
"kinds","True"
"kines","True"
"kings","True"
"kingu","False"
"kinic","False"
"kinin","True"
"kinks","True"
"kinky","True"
"kinoo","False"
"kinos","True"
"kinot","False"
"kioea","False"
"kioko","False"
"kiosk","True"
"kiowa","False"
"kippy","False"
"kirby","True"
"kirks","True"
"kirns","True"
"kirve","False"
"kisan","True"
"kishy","False"
"kisra","False"
"kissy","True"
"kists","True"
"kiswa","False"
"kitab","False"
"kitan","False"
"kitar","False"
"kited","True"
"kiter","True"
"kites","True"
"kithe","True"
"kiths","True"
"kitty","True"
"kivas","True"
"kiver","False"
"kiwai","False"
"kiwis","True"
"kiyas","False"
"kizil","False"
"klans","False"
"klaus","False"
"kleig","False"
"klick","True"
"klieg","True"
"kling","False"
"klino","False"
"klong","True"
"kloof","True"
"klops","False"
"klosh","False"
"kluck","False"
"klunk","False"
"klutz","True"
"kmole","False"
"knack","True"
"knape","False"
"knaps","True"
"knark","False"
"knarl","True"
"knars","True"
"knave","True"
"knead","True"
"kneed","True"
"kneel","True"
"knees","True"
"knell","True"
"knelt","True"
"knezi","False"
"kniaz","False"
"knick","False"
"knife","True"
"knish","True"
"knits","True"
"knive","True"
"knobs","True"
"knock","True"
"knoit","False"
"knoll","True"
"knops","True"
"knorr","False"
"knosp","True"
"knots","True"
"knout","True"
"knowe","True"
"known","True"
"knows","True"
"knurl","True"
"knurs","True"
"knute","False"
"knuth","False"
"knyaz","False"
"koala","True"
"koali","False"
"koans","True"
"koban","True"
"kobus","False"
"kodak","False"
"kodro","False"
"koels","True"
"koeri","False"
"kofta","True"
"kogai","False"
"kogia","False"
"kohen","True"
"kohls","True"
"kohua","False"
"koila","False"
"koine","True"
"kokam","True"
"kokan","False"
"kokia","False"
"kokil","False"
"kokio","False"
"kokos","False"
"kokra","True"
"kokum","True"
"kolas","True"
"kolea","False"
"kolis","False"
"kolos","True"
"kombu","True"
"konak","False"
"konde","False"
"kondo","True"
"kongo","False"
"kongu","False"
"konia","False"
"kooka","False"
"kooks","True"
"kooky","True"
"koorg","False"
"kopec","False"
"kopek","True"
"kophs","True"
"kopis","False"
"kopje","True"
"koppa","True"
"korah","False"
"korai","True"
"koran","False"
"korea","False"
"korec","False"
"korin","False"
"korma","True"
"koroa","False"
"korun","True"
"korwa","False"
"kosha","False"
"kosin","False"
"kosos","False"
"kotal","False"
"kotar","False"
"kotos","True"
"kotow","True"
"kouza","False"
"kovil","False"
"koyan","False"
"kraal","True"
"kraft","True"
"krait","True"
"krama","False"
"krang","True"
"krans","True"
"kraut","True"
"krebs","False"
"kreil","False"
"kreis","False"
"krems","False"
"kreng","True"
"krepi","False"
"krill","True"
"krina","False"
"kriss","False"
"krivu","False"
"krome","False"
"krona","True"
"krone","True"
"kroon","True"
"krosa","False"
"krubi","True"
"kubba","False"
"kudos","True"
"kudus","True"
"kudzu","True"
"kufic","False"
"kugel","True"
"kukri","True"
"kukui","False"
"kulah","False"
"kulak","True"
"kulan","True"
"kuman","False"
"kumbi","False"
"kumis","True"
"kumni","False"
"kumyk","False"
"kumys","True"
"kunai","False"
"kunbi","False"
"kurku","False"
"kurmi","False"
"kurta","True"
"kurus","True"
"kusam","False"
"kusan","False"
"kusha","False"
"kusso","True"
"kusti","False"
"kusum","False"
"kutch","True"
"kutta","False"
"kvass","True"
"kvint","False"
"kwapa","False"
"kwela","True"
"kyack","True"
"kyang","True"
"kyars","True"
"kyats","True"
"kylie","True"
"kylin","True"
"kylix","True"
"kyloe","True"
"kyoto","False"
"kyrie","True"
"kytes","True"
"kythe","True"
"kyung","False"
"laang","False"
"laban","False"
"labba","False"
"labby","False"
"label","True"
"labia","True"
"labis","True"
"labor","True"
"labra","True"
"lacca","False"
"laced","True"
"lacer","True"
"laces","True"
"lacet","True"
"lacey","True"
"lache","False"
"lacis","False"
"lacks","True"
"lacto","False"
"laded","True"
"laden","True"
"lader","True"
"lades","True"
"ladik","False"
"ladin","False"
"ladle","True"
"laeti","False"
"laevo","True"
"lagan","True"
"lagen","False"
"lager","True"
"lagly","False"
"lagna","False"
"lahar","True"
"laich","True"
"laics","True"
"laigh","True"
"laine","False"
"laird","True"
"lairs","True"
"lairy","True"
"laith","True"
"laity","True"
"laius","False"
"laked","True"
"laker","True"
"lakes","True"
"lakey","False"
"lakhs","True"
"lakie","False"
"lakin","True"
"lakke","False"
"laksa","True"
"lalls","True"
"lally","False"
"lamas","True"
"lamba","False"
"lambs","True"
"lamby","True"
"lamda","False"
"lamed","True"
"lamel","False"
"lamer","True"
"lames","True"
"lamia","True"
"lamin","False"
"lammy","True"
"lamna","False"
"lampf","False"
"lamps","True"
"lamus","False"
"lamut","False"
"lanai","True"
"lanao","False"
"lanas","True"
"lanaz","False"
"lance","True"
"lanch","True"
"lande","True"
"lands","True"
"lanes","True"
"laney","False"
"langi","False"
"lango","False"
"lanky","True"
"lanny","False"
"lansa","False"
"lanum","False"
"lapel","True"
"lapin","True"
"lapis","True"
"lapon","False"
"lappa","False"
"lapps","False"
"lapse","True"
"lapsi","False"
"larch","True"
"lards","True"
"lardy","True"
"lares","True"
"large","True"
"largo","True"
"largy","False"
"laria","False"
"larid","False"
"larin","False"
"larix","False"
"larks","True"
"larky","True"
"laron","False"
"larry","False"
"larum","True"
"larus","False"
"larva","True"
"larve","False"
"lased","True"
"laser","True"
"lases","True"
"lasso","True"
"lassu","True"
"lasts","True"
"lasty","False"
"latah","True"
"latax","False"
"latch","True"
"lated","True"
"laten","True"
"later","True"
"latex","True"
"lathe","True"
"lathi","True"
"laths","True"
"lathy","True"
"latin","False"
"latke","True"
"laton","False"
"latro","False"
"latus","True"
"lauan","True"
"laude","False"
"lauds","True"
"laugh","True"
"lauia","False"
"laund","True"
"laura","True"
"laure","False"
"laury","False"
"lautu","False"
"lavas","True"
"laved","True"
"laver","True"
"laves","True"
"lavic","False"
"lawed","True"
"lawks","True"
"lawns","True"
"lawny","True"
"lawzy","False"
"laxer","True"
"laxly","True"
"layed","True"
"layer","True"
"layia","False"
"layne","False"
"layup","True"
"lazar","True"
"lazed","True"
"lazes","True"
"leach","True"
"leads","True"
"leady","True"
"leafs","True"
"leafy","True"
"leaks","True"
"leaky","True"
"leans","True"
"leant","True"
"leany","True"
"leaps","True"
"leapt","True"
"learn","True"
"lears","True"
"leary","True"
"lease","True"
"leash","True"
"least","True"
"leath","False"
"leave","True"
"leavy","True"
"leban","False"
"leben","True"
"lebes","False"
"leche","False"
"leden","False"
"ledge","True"
"ledgy","True"
"ledol","False"
"ledum","True"
"leech","True"
"leeds","False"
"leeks","True"
"leeky","False"
"leers","True"
"leery","True"
"leese","True"
"leets","True"
"lefts","True"
"lefty","True"
"legal","True"
"leger","True"
"leges","True"
"legge","True"
"leggy","True"
"legis","False"
"legit","True"
"legoa","False"
"legua","False"
"lehay","False"
"lehrs","True"
"lehua","True"
"leigh","False"
"leila","False"
"leiss","False"
"leith","False"
"lekha","False"
"lelia","False"
"leman","True"
"lemel","True"
"lemma","True"
"lemna","False"
"lemon","True"
"lemur","True"
"lenad","False"
"lenca","False"
"lench","False"
"lends","True"
"lendu","False"
"lenes","True"
"lenin","False"
"lenis","True"
"lenny","False"
"lenos","True"
"lense","True"
"lenth","False"
"lento","True"
"leone","True"
"leora","False"
"lepal","False"
"lepas","False"
"leper","True"
"lepid","True"
"leppy","False"
"lepra","True"
"lepre","False"
"lepry","False"
"lepta","True"
"lepus","False"
"lerot","False"
"lerwa","False"
"lesed","False"
"lesgh","False"
"lesiy","False"
"lessn","False"
"leste","False"
"lesya","False"
"letch","True"
"lethe","True"
"lethy","False"
"letty","False"
"letup","True"
"leuch","True"
"leuco","True"
"leuds","True"
"leuma","False"
"leung","False"
"levee","True"
"level","True"
"leven","False"
"lever","True"
"levet","False"
"levin","True"
"levir","False"
"levis","True"
"lewie","False"
"lewis","True"
"lewth","False"
"lewty","False"
"lexia","False"
"lexic","False"
"lexis","True"
"lhota","False"
"liana","True"
"liane","True"
"liang","True"
"liard","True"
"liars","True"
"libby","False"
"libel","True"
"liber","True"
"libra","True"
"libre","False"
"libri","True"
"libya","False"
"licca","False"
"licet","False"
"lichi","True"
"licht","True"
"licit","True"
"licks","True"
"lidar","True"
"lidia","False"
"lidos","True"
"liege","True"
"liens","True"
"liers","True"
"liesh","False"
"liest","False"
"lieue","False"
"lieus","True"
"lieut","False"
"lieve","True"
"lifen","False"
"lifer","True"
"lifey","False"
"lifts","True"
"ligan","True"
"ligas","False"
"liger","True"
"ligge","True"
"light","True"
"ligne","True"
"liked","True"
"liken","True"
"liker","True"
"likes","True"
"likin","True"
"lilac","True"
"lilas","False"
"liles","False"
"lilly","False"
"lilts","True"
"liman","True"
"limas","True"
"limax","True"
"limba","True"
"limbi","True"
"limbo","True"
"limbs","True"
"limbu","False"
"limby","True"
"limed","True"
"limen","True"
"limer","False"
"limes","True"
"limey","True"
"limit","True"
"limli","False"
"limma","True"
"limmu","False"
"limns","True"
"limos","True"
"limps","True"
"limpy","False"
"limsy","False"
"linac","True"
"linch","True"
"linda","False"
"lindo","False"
"lindy","True"
"linea","False"
"lined","True"
"linen","True"
"liner","True"
"lines","True"
"linet","False"
"liney","True"
"linga","True"
"linge","False"
"lingo","True"
"lings","True"
"lingy","True"
"linha","False"
"linie","False"
"linin","True"
"linja","False"
"linje","False"
"links","True"
"linky","True"
"linne","False"
"linns","True"
"linon","False"
"linos","True"
"lints","True"
"linty","True"
"linum","True"
"linus","False"
"lions","True"
"lipan","False"
"lipic","False"
"lipid","True"
"lipin","True"
"lippy","True"
"lipse","False"
"liras","True"
"lirot","True"
"lisle","True"
"lisps","True"
"lists","True"
"listy","False"
"liszt","False"
"litai","True"
"litas","True"
"litch","False"
"liter","True"
"lites","True"
"lithe","True"
"lithi","False"
"litho","True"
"lithy","False"
"litra","False"
"litre","True"
"litui","False"
"litus","False"
"lived","True"
"liven","True"
"liver","True"
"lives","True"
"livid","True"
"livor","True"
"livre","True"
"liwan","False"
"llama","True"
"llano","True"
"lloyd","False"
"lludd","False"
"loach","True"
"loads","True"
"loafs","True"
"loams","True"
"loamy","True"
"loans","True"
"loasa","False"
"loath","True"
"loave","True"
"lobal","False"
"lobar","True"
"lobby","True"
"lobed","True"
"lobes","True"
"lobos","True"
"lobus","True"
"local","True"
"loche","True"
"lochi","False"
"lochs","True"
"lochy","False"
"locks","True"
"locky","False"
"locos","True"
"locum","True"
"locus","True"
"loden","True"
"lodes","True"
"lodge","True"
"lodha","False"
"lodur","False"
"loeil","False"
"loess","True"
"lofts","True"
"lofty","True"
"logan","True"
"loges","True"
"loggy","True"
"logia","True"
"logic","True"
"logie","True"
"login","True"
"logis","False"
"logoi","True"
"logos","True"
"lohan","True"
"lohar","False"
"loins","True"
"lokao","False"
"loket","False"
"lolls","True"
"lolly","True"
"lomta","False"
"loner","True"
"longa","True"
"longe","True"
"longs","True"
"looby","True"
"looch","False"
"looed","True"
"looey","True"
"loofa","True"
"loofs","True"
"looie","True"
"looks","True"
"looky","True"
"looms","True"
"loons","True"
"loony","True"
"loope","False"
"loops","True"
"loopy","True"
"loord","True"
"loory","False"
"loose","True"
"loots","True"
"loped","True"
"loper","True"
"lopes","True"
"loppy","True"
"loral","True"
"loran","True"
"lords","True"
"lordy","True"
"lored","False"
"lorel","True"
"loren","False"
"lores","True"
"loric","True"
"loris","True"
"loros","False"
"lorry","True"
"lorum","False"
"losel","True"
"loser","True"
"loses","True"
"lossy","True"
"lotah","True"
"lotan","False"
"lotas","True"
"lotic","True"
"lotor","False"
"lotos","True"
"lotta","True"
"lotte","True"
"lotto","True"
"lotus","True"
"louch","False"
"louey","False"
"lough","True"
"louie","True"
"louis","True"
"loulu","False"
"loupe","True"
"loups","True"
"lourd","False"
"lours","True"
"loury","True"
"louse","True"
"lousy","True"
"louts","True"
"louty","False"
"lovat","True"
"loved","True"
"lovee","False"
"lover","True"
"loves","True"
"lovey","True"
"lowan","True"
"lowed","True"
"lower","True"
"lowes","True"
"lowly","True"
"lowry","True"
"lowse","True"
"lowth","False"
"loxed","True"
"loxes","True"
"loxia","False"
"loxic","False"
"loyal","True"
"lrecl","False"
"luaus","True"
"lubes","True"
"lubra","True"
"lucan","False"
"luces","True"
"lucet","False"
"lucia","False"
"lucid","True"
"lucks","True"
"lucky","True"
"lucre","True"
"luddy","False"
"luffa","True"
"luffs","True"
"luger","True"
"luges","True"
"luian","False"
"luigi","False"
"luite","False"
"lukan","False"
"lukas","False"
"luket","False"
"lulab","False"
"lulav","False"
"lulls","True"
"lully","False"
"lulus","True"
"lumen","True"
"lumme","True"
"lummy","True"
"lumps","True"
"lumpy","True"
"lumut","False"
"lunar","True"
"lunas","True"
"lunch","True"
"lunda","False"
"lunel","False"
"lunes","True"
"lunet","True"
"lunge","True"
"lungi","True"
"lungs","True"
"lungy","False"
"lunka","False"
"lunks","True"
"lunts","True"
"lupid","False"
"lupin","True"
"lupis","False"
"lupus","True"
"lural","False"
"lurch","True"
"lured","True"
"lurer","True"
"lures","True"
"lurid","True"
"lurks","True"
"lurky","False"
"lurry","True"
"luser","True"
"lushy","True"
"lusky","False"
"lusts","True"
"lusty","True"
"lusus","True"
"lutao","False"
"lutea","True"
"luted","True"
"luteo","False"
"luter","True"
"lutes","True"
"lutra","False"
"luxes","True"
"luxus","False"
"lyard","True"
"lyart","True"
"lyase","True"
"lycea","True"
"lycee","True"
"lycid","False"
"lycus","False"
"lydia","False"
"lyery","False"
"lygus","False"
"lying","True"
"lyken","False"
"lymph","True"
"lynch","False"
"lynne","False"
"lyres","True"
"lyric","True"
"lyrid","False"
"lysed","True"
"lyses","True"
"lysin","True"
"lysis","True"
"lysol","True"
"lyssa","True"
"lythe","True"
"lytic","True"
"lytta","True"
"maana","False"
"maars","True"
"mabel","False"
"macan","False"
"macao","False"
"macaw","True"
"macco","False"
"maced","True"
"macer","True"
"maces","True"
"machi","True"
"macho","True"
"machs","True"
"macks","True"
"macle","True"
"macon","True"
"macro","True"
"madam","True"
"madge","True"
"madia","False"
"madid","True"
"madly","True"
"madoc","False"
"madre","True"
"mafey","False"
"mafia","True"
"mafic","True"
"mafoo","False"
"magas","False"
"mages","True"
"maggy","False"
"maghi","False"
"magic","True"
"magma","True"
"magna","False"
"magog","False"
"magot","True"
"magus","True"
"mahal","False"
"mahar","False"
"mahat","False"
"mahdi","False"
"mahoe","True"
"mahra","False"
"mahri","False"
"mahua","True"
"mahwa","True"
"maida","False"
"maids","True"
"maidu","False"
"maidy","False"
"maiid","False"
"maile","True"
"maill","True"
"mails","True"
"maims","True"
"maine","False"
"mains","True"
"maint","False"
"maire","True"
"mairs","True"
"maist","True"
"maius","False"
"maize","True"
"majas","False"
"major","True"
"majos","False"
"makah","False"
"makar","True"
"maker","True"
"makes","True"
"makos","True"
"makua","False"
"makuk","False"
"malam","True"
"malar","True"
"malax","True"
"malay","False"
"malee","False"
"maleo","False"
"males","True"
"malgr","False"
"malic","True"
"malie","False"
"malik","True"
"malls","True"
"malms","True"
"malmy","True"
"malta","False"
"malto","False"
"malts","True"
"malty","True"
"malum","False"
"malus","True"
"malva","True"
"malwa","True"
"mamas","True"
"mamba","True"
"mambo","True"
"mambu","False"
"mamey","True"
"mamie","True"
"mamma","True"
"mammy","True"
"mamry","False"
"manak","False"
"manal","False"
"manas","True"
"manba","False"
"mande","False"
"mandi","True"
"mands","False"
"maned","True"
"maneh","True"
"manei","False"
"manes","True"
"manet","True"
"maney","False"
"manga","True"
"mange","True"
"mangi","False"
"mango","True"
"mangy","True"
"mania","True"
"manic","True"
"manid","False"
"manie","False"
"manis","True"
"manit","False"
"maniu","False"
"manks","False"
"manky","True"
"manly","True"
"manna","True"
"manny","False"
"manoc","False"
"manor","True"
"manos","True"
"manqu","False"
"manse","True"
"manso","False"
"manta","True"
"manto","True"
"manty","True"
"manuf","False"
"manul","True"
"manus","True"
"maori","False"
"mapau","True"
"maple","True"
"mappy","False"
"maqui","True"
"marae","True"
"marah","True"
"maral","False"
"maras","True"
"maray","False"
"march","True"
"marci","False"
"marco","False"
"marcs","True"
"mardi","False"
"mardy","True"
"marek","False"
"mares","True"
"marga","False"
"marge","True"
"maria","True"
"marid","True"
"marie","False"
"mario","False"
"maris","False"
"marka","True"
"marko","False"
"marks","True"
"marla","False"
"marli","False"
"marls","True"
"marly","True"
"marok","False"
"maror","True"
"maros","False"
"marry","True"
"marse","True"
"marsh","True"
"marsi","False"
"marts","True"
"martu","False"
"marty","False"
"marvy","True"
"marys","False"
"masai","False"
"maser","True"
"masha","False"
"mashy","True"
"masks","True"
"mason","True"
"massa","True"
"masse","True"
"massy","True"
"masts","True"
"masty","True"
"matai","True"
"matar","False"
"matax","False"
"match","True"
"mated","True"
"mater","True"
"mates","True"
"matey","True"
"matha","False"
"mathe","False"
"maths","True"
"matie","False"
"matin","True"
"matka","False"
"matlo","True"
"matra","False"
"matsu","False"
"matta","False"
"matte","True"
"matti","False"
"matts","True"
"matty","False"
"matza","True"
"matzo","True"
"mauby","True"
"maugh","False"
"mauls","True"
"maund","True"
"mauri","True"
"mauts","True"
"mauve","True"
"maven","True"
"mavie","True"
"mavin","True"
"mavis","True"
"mawed","True"
"mawks","True"
"mawky","True"
"maxim","True"
"maxis","True"
"mayan","True"
"mayas","True"
"maybe","True"
"mayda","False"
"mayed","True"
"mayer","False"
"mayey","False"
"maynt","False"
"mayor","True"
"mayst","True"
"mazda","False"
"mazed","True"
"mazel","False"
"mazer","True"
"mazes","True"
"mazic","False"
"mazur","False"
"mazut","True"
"mbaya","False"
"mbira","True"
"mbori","False"
"mbuba","False"
"mccoy","False"
"mckay","False"
"meach","False"
"meads","True"
"meals","True"
"mealy","True"
"means","True"
"meant","True"
"meany","True"
"mease","True"
"meath","True"
"meats","True"
"meaty","True"
"meaul","False"
"mebos","True"
"mecca","True"
"mecon","False"
"mecum","False"
"medal","True"
"medea","False"
"media","True"
"medic","True"
"medii","True"
"medio","False"
"medle","True"
"medoc","False"
"meece","False"
"meech","False"
"meeds","True"
"meeks","False"
"meese","False"
"meeth","False"
"meets","True"
"meggy","False"
"meiji","False"
"meile","False"
"meiny","True"
"meith","True"
"melam","False"
"melas","True"
"melba","True"
"melch","False"
"melds","True"
"melee","True"
"meles","False"
"melia","False"
"melic","True"
"melis","False"
"mells","True"
"meloe","False"
"melon","True"
"melos","False"
"melts","True"
"memos","True"
"menad","True"
"menat","False"
"mende","False"
"mendi","False"
"mends","True"
"mendy","False"
"menic","False"
"menow","False"
"mensa","True"
"mense","True"
"mensk","False"
"menta","True"
"menus","True"
"meows","True"
"merak","False"
"merat","False"
"merce","False"
"merch","True"
"merci","False"
"mercy","True"
"mered","True"
"merel","True"
"merer","True"
"meres","True"
"merge","True"
"mergh","False"
"meril","True"
"merit","True"
"merks","True"
"merle","True"
"merls","True"
"merop","False"
"meros","False"
"merry","True"
"merse","True"
"mesad","False"
"mesal","True"
"mesas","True"
"mesel","True"
"mesem","False"
"meshy","True"
"mesic","True"
"mesne","True"
"meson","True"
"messe","False"
"messy","True"
"mesua","False"
"metad","False"
"metae","False"
"metal","True"
"metas","False"
"meted","True"
"metel","False"
"meter","True"
"metes","True"
"metho","True"
"meths","True"
"metic","True"
"metif","True"
"metin","False"
"metis","True"
"metol","True"
"metra","False"
"metre","True"
"metro","True"
"metus","False"
"metze","False"
"meuni","False"
"meuse","True"
"meute","False"
"mewed","True"
"mewer","False"
"mewls","True"
"mezzo","True"
"mhorr","True"
"miami","False"
"miaou","True"
"miaow","True"
"miasm","True"
"miaul","True"
"miauw","False"
"micah","False"
"micas","True"
"miche","True"
"micht","True"
"micks","True"
"micky","True"
"micra","True"
"micro","True"
"midas","False"
"middy","True"
"mider","False"
"midge","True"
"midgy","True"
"midis","True"
"midst","True"
"miens","True"
"miffs","True"
"miffy","True"
"miggs","True"
"might","True"
"miked","True"
"mikes","True"
"mikey","False"
"mikie","False"
"mikir","False"
"mikra","True"
"milan","False"
"milch","True"
"miler","True"
"miles","True"
"milha","False"
"milia","True"
"milit","False"
"milko","True"
"milks","True"
"milky","True"
"milla","False"
"mille","True"
"mills","True"
"milly","False"
"milor","True"
"milos","True"
"milpa","True"
"milts","True"
"milty","True"
"mimed","True"
"mimeo","True"
"mimer","True"
"mimes","True"
"mimic","True"
"mimir","False"
"mimly","False"
"mimsy","True"
"mimus","False"
"mimzy","False"
"minae","True"
"minah","False"
"minar","True"
"minas","True"
"minbu","False"
"mince","True"
"mincy","True"
"minds","True"
"mined","True"
"miner","True"
"mines","True"
"minge","True"
"mingo","False"
"mingy","True"
"minie","False"
"minim","True"
"minis","True"
"minks","True"
"minny","True"
"minor","True"
"minos","True"
"minot","False"
"minow","False"
"mints","True"
"minty","True"
"minum","False"
"minus","True"
"miqra","False"
"mirac","False"
"mirak","False"
"mired","True"
"mires","True"
"mirex","True"
"mirid","True"
"mirks","True"
"mirky","True"
"mirly","True"
"mirth","True"
"mirvs","True"
"mirza","True"
"misce","False"
"misdo","True"
"miser","True"
"mises","True"
"misgo","True"
"misky","False"
"misly","False"
"misos","True"
"missa","True"
"missy","True"
"mists","True"
"misty","True"
"mitch","True"
"miter","True"
"mites","True"
"mitis","True"
"mitra","False"
"mitre","True"
"mitts","True"
"mitty","False"
"mitua","False"
"mixed","True"
"mixen","True"
"mixer","True"
"mixes","True"
"mixup","True"
"mizar","False"
"mizen","True"
"mizzy","True"
"mnage","False"
"mneme","True"
"mnium","False"
"moans","True"
"moats","True"
"mobby","True"
"mobed","False"
"mobil","False"
"moble","True"
"mocha","True"
"moche","False"
"mochy","True"
"mocks","True"
"mocoa","False"
"modal","True"
"model","True"
"modem","True"
"moder","True"
"modes","True"
"modge","True"
"modif","False"
"modoc","False"
"modus","True"
"moeck","False"
"moggy","True"
"mogos","False"
"mogul","True"
"mohar","False"
"mohel","True"
"mohos","True"
"mohur","True"
"mohwa","False"
"moier","False"
"moile","True"
"moils","True"
"moira","True"
"moire","True"
"moise","False"
"moism","False"
"moist","True"
"moity","False"
"mojos","True"
"mokes","True"
"mokum","False"
"molal","True"
"molar","True"
"molas","True"
"molds","True"
"moldy","True"
"moler","False"
"moles","True"
"molet","False"
"molge","False"
"molka","False"
"molla","True"
"molle","False"
"molls","True"
"molly","True"
"molpe","False"
"molto","True"
"molts","True"
"molvi","False"
"momes","True"
"momma","True"
"momme","False"
"mommy","True"
"momus","True"
"monad","True"
"monal","True"
"monas","True"
"monax","False"
"monde","True"
"mondo","True"
"monel","False"
"moner","True"
"money","True"
"mongo","True"
"monic","True"
"monie","True"
"monks","True"
"monny","False"
"monos","True"
"monte","True"
"month","True"
"montu","False"
"monty","True"
"mooch","True"
"moods","True"
"moody","True"
"mooed","True"
"moola","True"
"mools","True"
"moong","True"
"moons","True"
"moony","True"
"moore","False"
"moorn","False"
"moors","True"
"moory","True"
"moosa","False"
"moose","True"
"moost","False"
"mooth","False"
"moots","True"
"mopan","False"
"moped","True"
"moper","True"
"mopes","True"
"mopey","True"
"mopla","False"
"moppy","True"
"mopsy","True"
"mopus","True"
"moqui","False"
"morae","True"
"moral","True"
"moran","False"
"moras","True"
"morat","True"
"moray","True"
"mordu","False"
"mordv","False"
"morel","True"
"mores","True"
"morga","False"
"moric","False"
"morin","False"
"mormo","False"
"morne","True"
"morns","True"
"moroc","False"
"moron","True"
"moror","False"
"morph","True"
"morra","True"
"morro","True"
"morse","True"
"morth","False"
"morts","True"
"morus","False"
"mosan","False"
"mosel","False"
"moses","True"
"mosey","True"
"mosgu","False"
"mosks","True"
"mossi","False"
"mosso","True"
"mossy","True"
"moste","True"
"mosts","True"
"mosul","False"
"mosur","False"
"moted","True"
"motel","True"
"moter","False"
"motes","True"
"motet","True"
"motey","True"
"moths","True"
"mothy","True"
"motif","True"
"moton","False"
"motor","True"
"motte","True"
"motto","True"
"motts","True"
"motty","True"
"mouch","True"
"moudy","False"
"moues","True"
"mould","True"
"moule","False"
"mouls","True"
"moult","True"
"mouly","False"
"mound","True"
"mount","True"
"mourn","True"
"mouse","True"
"mousy","True"
"mouth","True"
"moved","True"
"mover","True"
"moves","True"
"movie","True"
"mowch","False"
"mowed","True"
"mower","True"
"mowha","False"
"mowie","False"
"mowra","True"
"mowse","False"
"mowth","False"
"moxas","True"
"moxie","True"
"moyen","False"
"moyle","True"
"mozos","True"
"mphps","False"
"mpret","True"
"msink","False"
"mster","False"
"mtier","False"
"muang","False"
"mucic","True"
"mucid","True"
"mucin","True"
"mucks","True"
"mucky","True"
"mucor","True"
"mucro","True"
"mucus","True"
"mudar","False"
"mudde","False"
"muddy","True"
"mudee","False"
"mudir","True"
"mudra","True"
"muffs","True"
"muffy","False"
"mufti","True"
"mufty","False"
"muggs","True"
"muggy","True"
"mugho","False"
"mugil","False"
"muhly","True"
"muist","True"
"mujik","True"
"mukri","False"
"mukti","False"
"mulch","True"
"mulct","True"
"muled","True"
"mules","True"
"mulet","False"
"muley","True"
"mulga","True"
"mulla","True"
"mulls","True"
"mulse","True"
"multi","False"
"multo","False"
"mumbo","False"
"mumms","True"
"mummy","True"
"mumps","True"
"mumsy","True"
"munch","True"
"munda","False"
"munga","True"
"munge","True"
"mungo","True"
"mungy","False"
"munia","False"
"munic","False"
"muntz","False"
"muong","False"
"muons","True"
"mural","True"
"muran","False"
"muras","True"
"murat","False"
"mured","True"
"mures","True"
"murex","True"
"murga","False"
"murid","True"
"murks","True"
"murky","True"
"murly","True"
"murmi","False"
"murph","False"
"murra","True"
"murre","True"
"murrs","True"
"murry","True"
"murut","False"
"murva","True"
"murza","False"
"musal","False"
"musar","True"
"musca","True"
"musci","False"
"mused","True"
"muser","True"
"muses","True"
"muset","True"
"musgu","False"
"musha","True"
"mushy","True"
"music","True"
"musie","False"
"musit","True"
"musks","True"
"musky","True"
"mussy","True"
"musth","True"
"musts","True"
"musty","True"
"mutch","True"
"muted","True"
"muter","True"
"mutes","True"
"mutic","False"
"mutts","True"
"mutus","False"
"muzzy","True"
"myall","True"
"mycol","False"
"mylar","True"
"mymar","False"
"mynah","True"
"mynas","True"
"myoid","True"
"myoma","True"
"myope","True"
"myops","True"
"myopy","True"
"myron","False"
"myrrh","True"
"mysel","False"
"mysid","True"
"mysis","False"
"myths","True"
"nabak","False"
"nabal","False"
"nabby","False"
"nabis","True"
"nabla","True"
"nable","False"
"nabob","True"
"nache","True"
"nacho","True"
"nacre","True"
"nacry","False"
"nadir","True"
"naevi","True"
"nagel","False"
"naggy","True"
"naght","False"
"nagor","True"
"nahor","False"
"nahua","False"
"nahum","False"
"naiad","True"
"naias","False"
"naifs","True"
"nails","True"
"naily","False"
"naira","True"
"nairy","False"
"naish","False"
"naive","True"
"naked","True"
"naker","True"
"nakir","False"
"nakoo","False"
"naled","True"
"namaz","False"
"nambe","False"
"namby","False"
"namda","False"
"named","True"
"namer","True"
"names","True"
"namma","True"
"nammo","False"
"nanas","True"
"nance","True"
"nancy","True"
"nanda","False"
"nandi","False"
"nandu","True"
"nanes","False"
"nanga","False"
"nanmu","False"
"nanny","True"
"nants","False"
"nantz","False"
"naomi","False"
"naoto","False"
"napal","False"
"napes","True"
"napoo","True"
"nappa","True"
"nappe","True"
"nappy","True"
"narco","True"
"narcs","True"
"nards","True"
"nardu","False"
"naren","False"
"nares","True"
"naric","True"
"naris","True"
"narks","True"
"narky","True"
"narra","False"
"nasab","False"
"nasal","True"
"nasat","False"
"nasch","False"
"nassa","False"
"nasty","True"
"nasua","False"
"nasus","False"
"natal","True"
"natch","True"
"nates","True"
"nathe","False"
"natty","True"
"natus","False"
"nauch","True"
"naumk","False"
"naunt","True"
"naval","True"
"navar","True"
"navel","True"
"naves","True"
"navet","False"
"navew","True"
"navig","False"
"navis","False"
"navvy","True"
"nawab","True"
"nawle","False"
"nawob","False"
"nayar","False"
"nazim","False"
"nazir","True"
"nazis","True"
"neaps","True"
"nears","True"
"neath","True"
"neats","True"
"nebby","False"
"nebel","True"
"necia","False"
"necks","True"
"necro","False"
"neddy","True"
"needn","False"
"needs","True"
"needy","True"
"neela","False"
"neeld","True"
"neele","True"
"neems","True"
"neeps","True"
"neese","True"
"neeze","True"
"nefas","False"
"neffy","False"
"neger","False"
"negro","True"
"negus","True"
"nehru","False"
"neifs","True"
"neigh","True"
"neist","True"
"nejdi","False"
"nelly","True"
"nemas","True"
"nemos","False"
"nenes","True"
"nenta","False"
"neons","True"
"neoza","False"
"nepal","False"
"neper","True"
"nepit","True"
"neral","True"
"nerds","True"
"nerdy","True"
"nerka","True"
"nerol","True"
"nerts","True"
"nertz","True"
"nerve","True"
"nervy","True"
"nests","True"
"nesty","False"
"neter","False"
"netop","True"
"netts","True"
"netty","True"
"neuma","False"
"neume","True"
"neums","True"
"nevat","False"
"nevel","True"
"neven","False"
"never","True"
"neves","True"
"nevoy","False"
"nevus","True"
"newar","False"
"newel","True"
"newer","True"
"newly","True"
"newsy","True"
"newts","True"
"nexal","False"
"nexum","False"
"nexus","True"
"ngaio","True"
"ngapi","False"
"ngoko","False"
"ngoma","True"
"ngwee","True"
"niais","False"
"niall","False"
"niata","False"
"nibby","False"
"nicer","True"
"niche","True"
"nicht","True"
"nicks","True"
"nicky","False"
"nicol","True"
"nidal","True"
"nided","True"
"nides","True"
"nidge","False"
"nidor","True"
"nidus","True"
"niece","True"
"niels","False"
"niepa","False"
"nieve","True"
"nific","False"
"nifle","False"
"nifty","True"
"nigel","False"
"nighs","True"
"night","True"
"nigre","False"
"nigua","False"
"nihal","False"
"nihil","True"
"nikau","True"
"nikko","False"
"nikon","False"
"nills","True"
"nilot","False"
"nimbi","True"
"nines","True"
"ninja","True"
"ninny","True"
"ninon","True"
"ninos","False"
"ninox","False"
"ninth","True"
"nintu","False"
"ninut","False"
"niobe","False"
"niota","False"
"nipas","True"
"nippy","True"
"niris","False"
"nirls","True"
"nisan","False"
"nisei","True"
"nisse","True"
"nisus","True"
"nitch","False"
"niter","True"
"nitid","True"
"niton","True"
"nitos","False"
"nitre","True"
"nitro","True"
"nitta","False"
"nitty","True"
"niuan","False"
"nival","True"
"nixed","True"
"nixer","True"
"nixes","True"
"nixie","True"
"nixon","False"
"nizam","True"
"nizey","False"
"njave","False"
"nobby","True"
"nobel","False"
"nobis","False"
"noble","True"
"nobly","True"
"nobut","False"
"nocht","False"
"nocks","True"
"nodal","True"
"noddi","False"
"noddy","True"
"noded","False"
"nodes","True"
"nodus","True"
"noels","True"
"noemi","False"
"nogai","False"
"nogal","False"
"noggs","True"
"nohex","False"
"nohow","True"
"noils","True"
"noily","True"
"noint","True"
"noire","False"
"noise","True"
"noisy","True"
"nokta","False"
"nolle","False"
"nolos","True"
"nomad","True"
"nomap","False"
"nomas","True"
"nomen","True"
"nomes","True"
"nomic","True"
"nomoi","True"
"nomos","True"
"nonas","True"
"nonce","True"
"nonda","False"
"nondo","False"
"nones","True"
"nonet","True"
"nonic","False"
"nonly","False"
"nonny","True"
"nonya","False"
"nonyl","True"
"nooks","True"
"nooky","True"
"noons","True"
"noose","True"
"nopal","True"
"norah","False"
"noria","True"
"noric","False"
"norie","False"
"norit","False"
"norma","True"
"norms","True"
"norna","False"
"norry","False"
"norse","False"
"norsk","False"
"north","True"
"nosed","True"
"noser","True"
"noses","True"
"nosey","True"
"nosig","False"
"notal","True"
"notan","False"
"notch","True"
"noted","True"
"noter","True"
"notes","True"
"notre","False"
"notum","True"
"notus","False"
"nould","True"
"nouns","True"
"novae","True"
"novas","True"
"novel","True"
"novem","False"
"novum","True"
"novus","False"
"noway","True"
"nowch","False"
"nowed","True"
"nowel","False"
"nowts","True"
"noxal","True"
"noyau","True"
"npeel","False"
"nuadu","False"
"nubby","True"
"nubia","True"
"nucal","False"
"nucha","True"
"nucin","False"
"nuddy","True"
"nuder","True"
"nudes","True"
"nudge","True"
"nudie","True"
"nudum","False"
"nudzh","True"
"nugae","True"
"nukes","True"
"nullo","False"
"nulls","True"
"numac","False"
"numbs","True"
"numda","False"
"numen","True"
"numis","False"
"nummi","False"
"numps","False"
"numud","False"
"nunce","False"
"nunch","False"
"nunki","False"
"nunks","False"
"nunky","False"
"nunni","False"
"nunry","False"
"nuque","False"
"nurls","True"
"nurly","False"
"nurry","False"
"nurse","True"
"nursy","False"
"nutsy","True"
"nutty","True"
"nyala","True"
"nyaya","False"
"nydia","False"
"nylon","True"
"nymil","False"
"nymph","True"
"nymss","False"
"nyoro","False"
"nyssa","True"
"nyxis","False"
"oadal","False"
"oaken","True"
"oakum","True"
"oared","True"
"oaric","False"
"oasal","False"
"oases","True"
"oasis","True"
"oasts","True"
"oaten","True"
"oater","True"
"oaths","True"
"oaves","True"
"obeah","True"
"obeli","True"
"obese","True"
"obeys","True"
"obias","True"
"obiit","True"
"obits","True"
"objet","True"
"oblat","False"
"obley","False"
"obmit","False"
"oboes","True"
"obole","True"
"oboli","True"
"obols","True"
"occas","False"
"occur","True"
"ocean","True"
"ocher","True"
"ochna","False"
"ochre","True"
"ochro","False"
"ochry","True"
"ocker","True"
"ocote","False"
"ocque","False"
"ocrea","True"
"octad","True"
"octal","True"
"octan","True"
"octet","True"
"octic","False"
"octyl","True"
"ocuby","False"
"oculi","True"
"ocyte","False"
"odder","True"
"oddly","True"
"odell","False"
"odeon","True"
"odeum","True"
"odist","True"
"odium","True"
"odoom","False"
"odors","True"
"odour","True"
"odyle","True"
"odyls","True"
"oecus","False"
"oelet","False"
"oenin","False"
"ofays","True"
"offal","True"
"offed","True"
"offer","True"
"offic","False"
"often","True"
"ofter","True"
"oftly","False"
"ogams","True"
"ogeed","True"
"ogees","True"
"ogham","True"
"oghuz","False"
"ogive","True"
"ogled","True"
"ogler","True"
"ogles","True"
"ogmic","True"
"ogres","True"
"ohare","False"
"ohelo","False"
"ohias","True"
"ohing","True"
"ohmic","True"
"ohone","True"
"oicks","False"
"oidia","True"
"oiled","True"
"oiler","True"
"oinks","True"
"oisin","False"
"okapi","True"
"okays","True"
"okehs","True"
"okras","True"
"okrug","False"
"olcha","False"
"olchi","False"
"olden","True"
"older","True"
"oldie","True"
"oleic","True"
"olein","True"
"olena","False"
"olent","True"
"oleos","True"
"olepy","False"
"oleum","True"
"olios","True"
"oliva","False"
"olive","True"
"ollas","True"
"ollav","True"
"ollie","True"
"ology","True"
"olona","False"
"olpae","True"
"olpes","True"
"olson","False"
"omaha","False"
"omani","False"
"omasa","True"
"omber","True"
"ombre","True"
"omega","True"
"omens","True"
"omers","True"
"omina","False"
"omits","True"
"omlah","True"
"omnes","False"
"omrah","True"
"oncer","True"
"onces","True"
"oncet","True"
"oncia","False"
"oncin","False"
"onery","True"
"onion","True"
"onium","True"
"onker","False"
"onkos","False"
"onlap","False"
"onlay","True"
"onmun","False"
"onset","True"
"ontal","False"
"ontic","True"
"onymy","False"
"oobit","True"
"oohed","True"
"oolak","False"
"oolly","False"
"oomph","True"
"oopak","False"
"oopod","False"
"oorie","True"
"ootid","True"
"oozed","True"
"oozes","True"
"oozoa","False"
"opahs","True"
"opals","True"
"opata","False"
"opelu","False"
"opens","True"
"opera","True"
"ophic","False"
"ophir","False"
"ophis","False"
"opine","True"
"oping","True"
"opium","True"
"opsin","True"
"opted","True"
"optic","True"
"orach","True"
"oracy","True"
"orage","False"
"orale","False"
"orals","True"
"orang","True"
"orans","False"
"orant","True"
"oraon","False"
"orary","False"
"orate","True"
"orbed","True"
"orbic","False"
"orbit","True"
"orcas","True"
"orcin","True"
"order","True"
"ordos","True"
"oread","True"
"oreas","False"
"orgal","False"
"organ","True"
"orgia","True"
"orgic","True"
"orgue","True"
"orias","False"
"oribi","True"
"oriel","True"
"orion","False"
"oriya","False"
"orkey","False"
"orles","True"
"orlet","False"
"orlon","True"
"orlop","True"
"orlos","False"
"ormer","True"
"ornes","False"
"ornis","True"
"oromo","False"
"orpin","True"
"orpit","False"
"orris","True"
"orrow","False"
"orsel","False"
"orson","False"
"ortet","False"
"ortho","True"
"ortol","False"
"ortyx","False"
"orvet","False"
"oryza","False"
"osage","False"
"osaka","False"
"oscan","False"
"oscar","True"
"oscin","False"
"osela","False"
"oshac","True"
"oshea","False"
"oside","False"
"osier","True"
"oskar","False"
"osmic","True"
"osmin","False"
"osmol","True"
"osone","False"
"ossal","False"
"ossea","False"
"osset","False"
"ossia","True"
"ostia","True"
"ostic","False"
"otary","True"
"otate","False"
"other","True"
"othin","False"
"otium","False"
"otkon","False"
"otomi","False"
"ottar","True"
"otter","True"
"ottos","True"
"otyak","False"
"ouabe","False"
"ought","True"
"ouija","True"
"oukia","False"
"oulap","False"
"ounce","True"
"ounds","False"
"oundy","True"
"ouphe","True"
"ouphs","True"
"ourie","True"
"ousel","True"
"ousia","False"
"ousts","True"
"outas","False"
"outby","True"
"outdo","True"
"outed","True"
"outen","False"
"outer","True"
"outgo","True"
"outly","False"
"outre","True"
"ouvre","False"
"ouzel","True"
"ouzos","True"
"ovals","True"
"ovant","False"
"ovary","True"
"ovate","True"
"ovens","True"
"overs","True"
"overt","True"
"ovest","False"
"ovile","False"
"ovine","True"
"ovism","False"
"ovist","True"
"ovoid","True"
"ovoli","True"
"ovolo","True"
"ovula","False"
"ovule","True"
"owght","False"
"owing","True"
"owler","True"
"owlet","True"
"owned","True"
"owner","True"
"owsen","True"
"owser","False"
"oxane","False"
"oxbow","True"
"oxboy","False"
"oxeye","True"
"oxfly","False"
"oxide","True"
"oxids","True"
"oxime","True"
"oxims","True"
"oxlip","True"
"oxman","False"
"oxter","True"
"oyana","False"
"oyers","True"
"oylet","False"
"ozark","False"
"ozena","False"
"ozias","False"
"ozone","True"
"paauw","False"
"pablo","False"
"pacas","True"
"pacay","False"
"paced","True"
"pacer","True"
"paces","True"
"pacha","True"
"pacht","False"
"packs","True"
"pacos","True"
"pacta","True"
"pacts","True"
"padda","False"
"paddy","True"
"padge","False"
"padle","True"
"padou","False"
"padre","True"
"padri","True"
"padus","False"
"paean","True"
"paeon","True"
"pagan","True"
"paged","True"
"pager","True"
"pages","True"
"pagne","False"
"pagod","True"
"pagus","False"
"pahmi","False"
"pahos","False"
"paiks","True"
"pails","True"
"paine","False"
"pains","True"
"paint","True"
"pairs","True"
"pairt","False"
"paisa","True"
"paise","True"
"palar","False"
"palas","True"
"palau","False"
"palay","True"
"palch","False"
"palea","True"
"paled","True"
"paler","True"
"pales","True"
"palet","True"
"palew","False"
"palis","True"
"palki","True"
"palla","True"
"palli","False"
"palls","True"
"pallu","False"
"pally","True"
"palma","False"
"palmo","False"
"palms","True"
"palmy","True"
"palpi","True"
"palps","True"
"palsy","True"
"palta","False"
"palus","False"
"pamhy","False"
"pamir","False"
"pampa","True"
"panak","False"
"panax","True"
"panda","True"
"pandy","True"
"paned","True"
"panel","True"
"panes","True"
"panga","True"
"pangi","False"
"pangs","True"
"panic","True"
"panna","False"
"panne","True"
"panos","False"
"panse","False"
"pansy","True"
"panto","True"
"pants","True"
"panty","True"
"panus","False"
"paola","False"
"paolo","True"
"papal","True"
"papas","True"
"papaw","True"
"paper","True"
"papey","False"
"papio","False"
"pappi","True"
"pappy","True"
"papua","False"
"papyr","False"
"paque","False"
"parah","False"
"param","False"
"parao","False"
"paras","True"
"parch","True"
"parde","False"
"pardi","True"
"pardo","False"
"pards","True"
"pardy","True"
"pared","True"
"parel","False"
"paren","True"
"parer","True"
"pares","True"
"pareu","True"
"parge","True"
"pargo","True"
"paris","True"
"parka","True"
"parks","True"
"parky","True"
"parle","True"
"parli","False"
"parly","True"
"parma","True"
"parol","True"
"parra","True"
"parrs","True"
"parry","True"
"parse","True"
"parsi","False"
"parte","False"
"parti","True"
"parto","False"
"parts","True"
"party","True"
"parus","False"
"parve","True"
"pasan","False"
"pasch","False"
"paseo","True"
"pases","True"
"pasha","True"
"pashm","True"
"pasis","False"
"pasmo","False"
"passe","True"
"passo","False"
"passu","False"
"pasta","True"
"paste","True"
"pasts","True"
"pasty","True"
"pasul","False"
"patao","False"
"patas","False"
"patch","True"
"pated","True"
"patee","False"
"patel","False"
"paten","True"
"pater","True"
"pates","True"
"paths","True"
"pathy","False"
"patia","False"
"patin","True"
"patio","True"
"patly","True"
"patsy","True"
"patta","False"
"patte","True"
"pattu","False"
"patty","True"
"pauky","False"
"paula","False"
"pause","True"
"pauxi","False"
"pavan","True"
"paved","True"
"paven","True"
"paver","True"
"paves","True"
"pavia","False"
"pavid","True"
"pavin","True"
"pavis","True"
"pawaw","True"
"pawed","True"
"pawer","True"
"pawky","True"
"pawls","True"
"pawns","True"
"paxes","True"
"payed","True"
"payee","True"
"payen","False"
"payer","True"
"payni","False"
"payor","True"
"pbxes","False"
"peace","True"
"peach","True"
"peage","True"
"peags","True"
"peaks","True"
"peaky","True"
"peals","True"
"peans","True"
"pearl","True"
"pears","True"
"peart","True"
"pease","True"
"peasy","False"
"peats","True"
"peaty","True"
"peavy","True"
"peban","False"
"pecan","True"
"pechs","True"
"pecht","False"
"pecks","True"
"pecky","True"
"pecos","False"
"pedal","True"
"pedee","False"
"pedes","True"
"pedro","True"
"pedum","False"
"peeke","False"
"peeks","True"
"peele","False"
"peels","True"
"peens","True"
"peeoy","True"
"peeps","True"
"peepy","False"
"peers","True"
"peert","False"
"peery","True"
"peeve","True"
"peggy","True"
"pegma","False"
"peine","False"
"peins","True"
"peise","True"
"peize","True"
"pekan","True"
"pekes","True"
"pekin","True"
"pekoe","True"
"peles","True"
"pelew","False"
"pelfs","True"
"pelon","True"
"pelta","True"
"pelts","True"
"penal","True"
"pence","True"
"penda","False"
"pendn","False"
"pends","True"
"penes","True"
"pengo","True"
"penis","True"
"penna","True"
"penni","True"
"penny","True"
"pense","False"
"pensy","False"
"penta","False"
"penup","False"
"peons","True"
"peony","True"
"pepla","True"
"pepos","True"
"peppy","True"
"pepsi","True"
"perai","True"
"perau","False"
"perca","False"
"perch","True"
"percy","False"
"perdu","True"
"perdy","True"
"peres","True"
"peril","True"
"peris","True"
"perit","False"
"perks","True"
"perky","True"
"perla","False"
"perle","False"
"perms","True"
"perry","True"
"perse","True"
"perty","False"
"perun","False"
"pesah","False"
"pesky","True"
"pesos","True"
"peste","False"
"pests","True"
"petal","True"
"peter","True"
"petit","True"
"petos","False"
"petre","True"
"petri","True"
"petro","False"
"petti","True"
"petto","True"
"petty","True"
"petum","False"
"peuhl","False"
"pewee","True"
"pewit","True"
"pflag","False"
"pfund","False"
"pgntt","False"
"phaca","False"
"phaet","False"
"phage","True"
"phane","False"
"phano","False"
"phare","True"
"pharm","True"
"pharo","False"
"phase","True"
"phasm","False"
"pheal","False"
"phebe","False"
"phene","True"
"pheny","False"
"pheon","True"
"phial","True"
"phies","False"
"phill","False"
"phlox","True"
"phoby","False"
"phoca","True"
"phoma","False"
"phone","True"
"phono","True"
"phons","True"
"phony","True"
"phora","False"
"phose","False"
"phoss","False"
"photo","True"
"phots","True"
"phpht","True"
"phren","False"
"phyla","True"
"phyle","True"
"phyma","False"
"physa","False"
"piaba","False"
"piala","False"
"piano","True"
"pians","True"
"piast","False"
"pibal","True"
"picae","False"
"pical","True"
"picas","True"
"picea","False"
"pichi","False"
"picks","True"
"picky","True"
"picot","True"
"picra","True"
"picry","False"
"picul","True"
"picus","False"
"pidan","False"
"piece","True"
"piend","True"
"piers","True"
"piert","True"
"piest","False"
"pieta","True"
"piete","False"
"piety","True"
"piezo","True"
"piggy","True"
"pight","True"
"pigly","False"
"pigmy","True"
"piing","True"
"pikas","True"
"piked","True"
"pikel","False"
"piker","True"
"pikes","True"
"pikey","True"
"pikle","False"
"pilaf","True"
"pilar","True"
"pilau","True"
"pilaw","True"
"pilch","True"
"pilea","True"
"piled","True"
"pilei","True"
"piler","True"
"piles","True"
"pilin","False"
"pilis","True"
"pills","True"
"pilmy","False"
"pilon","False"
"pilot","True"
"pilum","True"
"pilus","True"
"piman","False"
"pimas","True"
"pimps","True"
"pinal","False"
"pinas","True"
"pinax","False"
"pinch","True"
"pinda","False"
"pindy","False"
"pined","True"
"piner","False"
"pines","True"
"piney","True"
"pinge","False"
"pingo","True"
"pings","True"
"pinic","False"
"pinko","True"
"pinks","True"
"pinky","True"
"pinna","True"
"pinny","True"
"pinon","True"
"pinot","True"
"pinta","True"
"pinte","False"
"pinto","True"
"pints","True"
"pinup","True"
"pinus","False"
"pinyl","False"
"pions","True"
"piotr","False"
"pious","True"
"pioxe","False"
"pipal","True"
"piped","True"
"piper","True"
"pipes","True"
"pipet","True"
"pipey","False"
"pipid","False"
"pipil","False"
"pipit","True"
"pippy","True"
"pipra","False"
"pique","True"
"pirns","True"
"pirny","False"
"pirog","True"
"pirol","False"
"pirot","False"
"pisan","False"
"pisay","False"
"pisco","True"
"pishu","False"
"pisky","True"
"piste","True"
"pisum","False"
"pitas","True"
"pitau","False"
"pitch","True"
"piths","True"
"pithy","True"
"piton","True"
"pitta","True"
"piuri","False"
"piute","False"
"pivot","True"
"piwut","False"
"pixel","True"
"pixes","True"
"pixie","True"
"pizza","True"
"place","True"
"plack","True"
"plaga","False"
"plage","True"
"plaid","True"
"plain","True"
"plait","True"
"plane","True"
"plang","False"
"plank","True"
"plans","True"
"plant","True"
"plash","True"
"plasm","True"
"plass","False"
"plate","True"
"plato","False"
"plats","True"
"platt","True"
"platy","True"
"plaud","False"
"playa","True"
"plays","True"
"plaza","True"
"plead","True"
"pleas","True"
"pleat","True"
"plebe","True"
"plebs","True"
"pleck","False"
"pleis","False"
"plena","True"
"pleny","False"
"pleon","True"
"plica","True"
"plied","True"
"plier","True"
"plies","True"
"plink","True"
"pliny","False"
"pliss","False"
"ploat","True"
"ploce","False"
"plock","False"
"plods","True"
"plomb","False"
"plonk","True"
"plook","True"
"plops","True"
"plote","False"
"plots","True"
"plott","False"
"plotx","False"
"plouk","True"
"plout","False"
"plows","True"
"ploys","True"
"pluck","True"
"pluff","True"
"plugs","True"
"pluma","False"
"plumb","True"
"plume","True"
"plump","True"
"plums","True"
"plumy","True"
"plunk","True"
"plupf","False"
"plush","True"
"pluto","True"
"plyer","True"
"pneum","False"
"poach","True"
"pobby","False"
"pocan","False"
"poche","False"
"pocks","True"
"pocky","True"
"pocul","False"
"pocus","False"
"podal","True"
"poddy","True"
"podex","True"
"podge","True"
"podgy","True"
"podia","True"
"podos","False"
"poems","True"
"poesy","True"
"poets","True"
"pogey","True"
"pogge","True"
"poggy","False"
"pohna","False"
"poilu","True"
"poind","True"
"point","True"
"poire","False"
"poise","True"
"pokan","False"
"poked","True"
"poker","True"
"pokes","True"
"pokey","True"
"pokie","True"
"pokom","False"
"polab","False"
"polar","True"
"poled","True"
"poler","True"
"poles","True"
"poley","True"
"polio","True"
"polis","True"
"polit","False"
"polje","True"
"polka","True"
"polki","False"
"polls","True"
"polly","True"
"poloi","False"
"polos","True"
"polyp","True"
"polys","True"
"pomak","False"
"pombe","True"
"pombo","False"
"pomel","False"
"pomes","True"
"pomey","False"
"pomme","False"
"pommy","True"
"pompa","False"
"pomps","True"
"ponca","False"
"ponce","True"
"pondo","False"
"ponds","True"
"pondy","False"
"pones","True"
"poney","True"
"ponga","True"
"pongo","True"
"ponja","False"
"ponos","False"
"ponto","False"
"pooch","True"
"poods","True"
"poohs","True"
"pooka","True"
"pooli","False"
"pools","True"
"pooly","False"
"poons","True"
"poops","True"
"poori","True"
"poort","True"
"pooty","False"
"poove","True"
"popal","False"
"popes","True"
"popie","False"
"poppa","True"
"poppy","True"
"popsy","True"
"poral","True"
"porch","True"
"pored","True"
"porer","True"
"pores","True"
"poret","False"
"porge","True"
"porgo","False"
"porgy","True"
"poria","False"
"porks","True"
"porky","True"
"porno","True"
"porns","True"
"poros","False"
"porry","False"
"porta","True"
"porte","False"
"porto","False"
"ports","True"
"porty","True"
"porus","False"
"posca","False"
"posed","True"
"poser","True"
"poses","True"
"posey","True"
"posho","True"
"posit","True"
"posse","True"
"possy","False"
"posts","True"
"potch","True"
"poter","False"
"potoo","True"
"potsy","True"
"potti","False"
"potto","True"
"potty","True"
"potus","False"
"pouce","False"
"pouch","True"
"poucy","False"
"pouff","True"
"poufs","True"
"poule","True"
"poulp","True"
"poult","True"
"pound","True"
"pours","True"
"pousy","False"
"pouts","True"
"pouty","True"
"powan","True"
"power","True"
"powny","True"
"poxed","True"
"poxes","True"
"poyou","True"
"pozzy","True"
"praam","True"
"prado","False"
"prahm","False"
"prahu","True"
"prams","True"
"prana","True"
"prand","False"
"prang","True"
"prank","True"
"praos","True"
"prase","True"
"prate","True"
"prats","True"
"pratt","True"
"praus","True"
"prawn","True"
"praya","False"
"prays","True"
"predy","True"
"preed","True"
"preen","True"
"prees","True"
"prela","False"
"prepd","False"
"prepg","False"
"prepn","False"
"preps","True"
"presa","True"
"prese","True"
"press","True"
"prest","True"
"preta","False"
"preux","False"
"preve","True"
"prexy","True"
"preys","True"
"priam","False"
"price","True"
"prich","False"
"prick","True"
"pricy","True"
"pride","True"
"pridy","False"
"pried","True"
"prier","True"
"pries","True"
"prigs","True"
"prill","True"
"prima","True"
"prime","True"
"primi","True"
"primo","True"
"primp","True"
"prims","True"
"primy","True"
"prine","False"
"prink","True"
"print","True"
"prion","True"
"prior","True"
"prise","True"
"prism","True"
"priss","True"
"prius","False"
"privy","True"
"prize","True"
"proal","False"
"proas","True"
"probe","True"
"prodd","False"
"prods","True"
"proem","True"
"profs","True"
"progs","True"
"proke","True"
"prole","True"
"promo","True"
"proms","True"
"prone","True"
"prong","True"
"proof","True"
"propr","False"
"props","True"
"prore","True"
"prose","True"
"proso","True"
"pross","True"
"prost","True"
"prosy","True"
"prote","False"
"proto","True"
"proud","True"
"prove","True"
"prowl","True"
"prows","True"
"proxy","True"
"prude","True"
"prudy","False"
"prune","True"
"prunt","True"
"pruta","True"
"pryer","True"
"pryse","True"
"psalm","True"
"psend","False"
"pseud","True"
"pshav","False"
"pshaw","True"
"psize","False"
"psoae","True"
"psoai","True"
"psoas","True"
"psora","True"
"psych","True"
"pubal","False"
"pubes","True"
"pubic","True"
"pubis","True"
"puces","True"
"pucka","True"
"pucks","True"
"pudda","False"
"puddy","True"
"pudge","True"
"pudgy","True"
"pudic","True"
"pudsy","True"
"puffs","True"
"puffy","True"
"puget","False"
"puggi","False"
"puggy","True"
"pugil","True"
"puist","False"
"puked","True"
"puker","True"
"pukes","True"
"pukka","True"
"pulas","True"
"puled","True"
"puler","True"
"pules","True"
"pulex","False"
"pulik","True"
"pulis","True"
"pulka","True"
"pulli","True"
"pulls","True"
"pulps","True"
"pulpy","True"
"pulse","True"
"pumas","True"
"pumex","False"
"pumps","True"
"punan","False"
"punas","True"
"punce","True"
"punch","True"
"punct","False"
"punga","True"
"pungi","False"
"pungs","True"
"pungy","False"
"punic","False"
"punka","True"
"punks","True"
"punkt","False"
"punky","True"
"punny","True"
"punta","False"
"punti","False"
"punto","True"
"punts","True"
"punty","True"
"pupae","True"
"pupal","False"
"pupas","True"
"pupil","True"
"puppy","True"
"purau","False"
"purda","True"
"purdy","False"
"pured","True"
"puree","True"
"purer","True"
"purey","False"
"purga","False"
"purge","True"
"purim","False"
"purin","True"
"puris","True"
"purls","True"
"purre","False"
"purrs","True"
"purry","False"
"purse","True"
"pursy","True"
"purty","True"
"puses","True"
"pushy","True"
"pussy","False"
"putid","True"
"puton","True"
"putti","True"
"putto","True"
"putts","True"
"putty","True"
"pyche","False"
"pygal","True"
"pygmy","True"
"pyins","True"
"pylar","False"
"pylic","False"
"pylon","True"
"pynot","False"
"pyoid","True"
"pyral","True"
"pyran","True"
"pyres","True"
"pyrex","True"
"pyric","True"
"pyrus","False"
"pyxes","True"
"pyxie","True"
"pyxis","True"
"qaids","True"
"qanat","True"
"qatar","False"
"qiana","False"
"qibla","True"
"qiyas","False"
"qophs","True"
"quack","True"
"quadi","False"
"quads","True"
"quaff","True"
"quags","True"
"quail","True"
"quais","True"
"quake","True"
"quaky","True"
"quale","True"
"qualm","True"
"quant","True"
"quare","True"
"quark","True"
"quarl","False"
"quart","True"
"quash","True"
"quasi","True"
"quass","True"
"quata","False"
"quate","True"
"quauk","False"
"quave","False"
"quawk","False"
"quays","True"
"qubba","False"
"queak","False"
"queal","False"
"quean","True"
"queen","True"
"queer","True"
"queet","False"
"quegh","False"
"quell","True"
"quelt","False"
"queme","True"
"quent","False"
"querl","False"
"quern","True"
"query","True"
"quest","True"
"queue","True"
"queys","True"
"quica","False"
"quick","True"
"quids","True"
"quiet","True"
"quiff","True"
"quila","False"
"quill","True"
"quilt","True"
"quina","True"
"quink","False"
"quins","True"
"quint","True"
"quipo","True"
"quips","True"
"quipu","True"
"quira","False"
"quire","True"
"quirk","True"
"quirl","False"
"quirt","True"
"quist","True"
"quite","True"
"quito","False"
"quits","True"
"quitu","False"
"quoad","True"
"quods","True"
"quoin","True"
"quoit","True"
"quota","True"
"quote","True"
"quoth","True"
"quott","False"
"qursh","True"
"qurti","False"
"raash","False"
"rabal","False"
"rabat","True"
"rabbi","True"
"rabic","True"
"rabid","True"
"rabin","False"
"rabot","False"
"raced","True"
"racer","True"
"races","True"
"rache","True"
"racks","True"
"racon","True"
"radar","True"
"radek","False"
"radii","True"
"radio","True"
"radix","True"
"radly","False"
"radon","True"
"raffe","False"
"raffs","True"
"rafik","False"
"rafts","True"
"rafty","False"
"ragas","True"
"raged","True"
"ragee","True"
"rager","True"
"rages","True"
"raggy","True"
"raghu","False"
"ragis","True"
"rahul","False"
"raiae","False"
"raias","True"
"raids","True"
"rails","True"
"rains","True"
"rainy","True"
"raise","True"
"rajab","False"
"rajah","True"
"rajas","True"
"rajes","True"
"rajiv","False"
"rakan","False"
"raked","True"
"rakee","True"
"raker","True"
"rakes","True"
"rakis","True"
"rakit","False"
"rales","True"
"rally","True"
"ralph","True"
"ramal","True"
"raman","False"
"rambo","False"
"ramed","False"
"ramee","True"
"ramet","True"
"ramex","False"
"ramie","True"
"rammi","False"
"rammy","True"
"ramon","False"
"ramps","True"
"ramta","False"
"ramus","True"
"ranal","False"
"rance","True"
"ranch","True"
"randn","False"
"rands","True"
"randy","True"
"ranee","True"
"range","True"
"rangy","True"
"ranid","True"
"ranis","True"
"ranks","True"
"ranli","False"
"ranny","False"
"rants","True"
"ranty","False"
"raped","True"
"raper","True"
"rapes","True"
"raphe","True"
"rapic","False"
"rapid","True"
"rappe","True"
"rarer","True"
"rased","True"
"rasen","False"
"raser","True"
"rases","True"
"rason","False"
"rasps","True"
"raspy","True"
"rasse","True"
"rasty","False"
"ratal","True"
"ratan","True"
"ratch","True"
"rated","True"
"ratel","True"
"rater","True"
"rates","True"
"ratha","True"
"rathe","True"
"ratio","True"
"ratos","True"
"ratti","False"
"ratty","True"
"ratwa","False"
"rauli","False"
"raupo","True"
"raved","True"
"ravel","True"
"raven","True"
"raver","True"
"raves","True"
"ravin","True"
"rawer","True"
"rawin","True"
"rawky","False"
"rawly","True"
"raxed","True"
"raxes","True"
"rayah","True"
"rayan","False"
"rayas","True"
"rayat","False"
"rayed","True"
"rayon","True"
"razed","True"
"razee","True"
"razer","True"
"razes","True"
"razoo","True"
"razor","True"
"reaal","False"
"reach","True"
"react","True"
"readd","True"
"readl","False"
"reads","True"
"ready","True"
"reaks","True"
"realm","True"
"reals","True"
"reams","True"
"reamy","True"
"reaps","True"
"rearm","True"
"rears","True"
"reask","False"
"reast","True"
"reasy","False"
"reata","True"
"reave","True"
"rebab","False"
"rebag","False"
"reban","False"
"rebar","True"
"rebbe","True"
"rebec","True"
"rebed","False"
"rebeg","False"
"rebel","True"
"rebia","False"
"rebid","True"
"rebob","False"
"rebop","True"
"rebox","False"
"rebud","False"
"rebus","True"
"rebut","True"
"rebuy","True"
"recap","True"
"recce","True"
"recco","True"
"reccy","True"
"recip","False"
"recit","True"
"recks","True"
"recon","True"
"recpt","False"
"recta","True"
"recti","True"
"recto","True"
"recur","True"
"recut","True"
"redan","True"
"redds","True"
"reddy","True"
"reded","True"
"redes","True"
"redia","True"
"redid","True"
"redig","False"
"redip","True"
"redly","True"
"redos","True"
"redox","True"
"redry","True"
"redub","True"
"redue","False"
"redug","False"
"redux","True"
"redye","True"
"reeds","True"
"reedy","True"
"reefs","True"
"reefy","True"
"reeks","True"
"reeky","True"
"reels","True"
"reese","False"
"reesk","False"
"reest","True"
"reeve","True"
"refan","False"
"refed","True"
"refel","True"
"refer","True"
"reffo","True"
"refit","True"
"refix","True"
"refly","True"
"refry","True"
"regal","True"
"regel","False"
"reges","True"
"reget","False"
"regga","False"
"regia","False"
"regie","True"
"regin","False"
"regle","False"
"regma","True"
"regna","True"
"regur","True"
"rehem","True"
"rehid","False"
"rehoe","False"
"reice","False"
"reich","False"
"reifs","True"
"reify","True"
"reign","True"
"reina","False"
"reink","True"
"reins","True"
"reist","True"
"reive","True"
"rejig","True"
"rekey","True"
"relap","False"
"relax","True"
"relay","True"
"reles","False"
"relet","True"
"relic","True"
"relig","False"
"relit","True"
"relot","False"
"reman","True"
"remap","True"
"remen","True"
"remet","True"
"remex","True"
"remit","True"
"remix","True"
"remop","False"
"remue","False"
"remus","False"
"renal","True"
"renay","True"
"rends","True"
"rendu","False"
"reneg","False"
"renes","False"
"renet","False"
"renew","True"
"renga","True"
"renig","True"
"renin","True"
"renky","False"
"renne","True"
"rente","True"
"rents","True"
"reoil","True"
"reown","False"
"repad","False"
"repas","False"
"repay","True"
"repeg","True"
"repel","True"
"repen","False"
"repew","False"
"repic","False"
"repin","True"
"reply","True"
"repot","True"
"repps","True"
"repro","True"
"repry","False"
"reran","True"
"reree","False"
"rerig","True"
"rerob","False"
"rerow","False"
"rerub","False"
"rerun","True"
"resat","True"
"resaw","True"
"resay","True"
"resee","True"
"reset","True"
"resew","True"
"resex","False"
"resid","True"
"resin","True"
"resit","True"
"resow","True"
"restr","False"
"rests","True"
"resty","True"
"resue","False"
"resun","False"
"resup","False"
"retag","True"
"retal","False"
"retan","False"
"retar","False"
"retax","True"
"retch","True"
"retem","True"
"rethe","False"
"retia","True"
"retie","True"
"retin","False"
"retip","False"
"retro","True"
"retry","True"
"reuel","False"
"reune","False"
"reuse","True"
"revay","False"
"revel","True"
"rever","False"
"revet","True"
"revie","True"
"revue","True"
"rewan","True"
"rewax","True"
"rewed","True"
"rewet","True"
"rewin","True"
"rewon","True"
"rexen","False"
"rexes","True"
"rfree","False"
"rhamn","False"
"rheae","False"
"rheas","True"
"rheda","False"
"rheen","False"
"rheic","False"
"rhein","False"
"rhema","False"
"rheme","True"
"rheum","True"
"rhila","False"
"rhina","False"
"rhine","True"
"rhino","True"
"rhoda","False"
"rhoeo","False"
"rhomb","True"
"rhumb","True"
"rhyme","True"
"rhymy","False"
"rhyta","True"
"rials","True"
"riant","True"
"riata","True"
"ribat","False"
"ribby","True"
"ribes","True"
"riced","True"
"ricer","True"
"rices","True"
"ricey","True"
"riche","False"
"richt","True"
"ricin","True"
"ricks","True"
"ricky","False"
"riden","False"
"rider","True"
"rides","True"
"ridge","True"
"ridgy","True"
"riels","True"
"rifer","True"
"riffi","False"
"riffs","True"
"rifle","True"
"rifts","True"
"rifty","True"
"rigel","False"
"right","True"
"rigid","True"
"rigol","True"
"rigor","True"
"riled","True"
"riles","True"
"riley","True"
"rille","True"
"rills","True"
"rilly","False"
"rimal","False"
"rimas","False"
"rimed","True"
"rimer","True"
"rimes","True"
"rimpi","False"
"rinch","False"
"rinde","False"
"rinds","True"
"rindy","True"
"ringe","False"
"rings","True"
"ringy","False"
"rinka","False"
"rinks","True"
"rinse","True"
"riots","True"
"ripal","False"
"riped","True"
"ripen","True"
"riper","True"
"ripes","True"
"ripup","False"
"risen","True"
"riser","True"
"rises","True"
"rishi","True"
"risks","True"
"risky","True"
"risqu","False"
"risus","True"
"rites","True"
"rithe","False"
"ritsu","False"
"ritus","False"
"ritzy","True"
"rival","True"
"rived","True"
"rivel","True"
"riven","True"
"river","True"
"rives","True"
"rivet","True"
"riyal","True"
"rizar","False"
"roach","True"
"roads","True"
"roams","True"
"roans","True"
"roars","True"
"roast","True"
"robed","True"
"rober","False"
"robes","True"
"robin","True"
"roble","True"
"robot","True"
"robur","False"
"roche","False"
"rocks","True"
"rocky","True"
"rocta","False"
"rodeo","True"
"rodge","False"
"rogan","False"
"roger","True"
"rogue","True"
"roguy","True"
"rohan","False"
"rohob","False"
"rohun","False"
"roils","True"
"roily","True"
"roist","True"
"rojak","True"
"rokee","False"
"roker","True"
"rokey","False"
"roleo","False"
"roles","True"
"rolfe","False"
"rollo","False"
"rolls","True"
"romal","True"
"roman","True"
"romeo","True"
"romic","False"
"romps","True"
"rompu","False"
"rompy","False"
"ronco","False"
"ronde","True"
"rondo","True"
"ronga","False"
"ronin","True"
"ronni","False"
"roods","True"
"rooed","False"
"roofs","True"
"roofy","True"
"rooks","True"
"rooky","True"
"rooms","True"
"roomy","True"
"roosa","True"
"roose","True"
"roost","True"
"rooti","False"
"roots","True"
"rooty","True"
"roove","False"
"roped","True"
"roper","True"
"ropes","True"
"ropey","True"
"roque","True"
"roral","True"
"roric","True"
"rorid","True"
"rorty","True"
"rosal","False"
"rosed","True"
"rosel","False"
"roses","True"
"roset","True"
"roshi","True"
"rosin","True"
"rotal","True"
"rotan","True"
"rotas","True"
"rotch","True"
"roter","False"
"rotes","True"
"rotge","False"
"rotls","True"
"rotor","True"
"rotos","True"
"rotse","False"
"rotta","False"
"rotte","True"
"rouen","True"
"roues","True"
"rouge","True"
"rough","True"
"rougy","False"
"rouky","False"
"round","True"
"roups","True"
"roupy","True"
"rouse","True"
"roust","True"
"route","True"
"routh","True"
"routs","True"
"roved","True"
"roven","True"
"rover","True"
"roves","True"
"rovet","False"
"rowan","True"
"rowdy","True"
"rowed","True"
"rowel","True"
"rowen","True"
"rower","True"
"rowet","False"
"rowte","False"
"rowth","True"
"rowty","False"
"roxie","False"
"royal","True"
"royet","False"
"royou","False"
"rozum","False"
"ruach","False"
"ruana","True"
"rubby","True"
"rubes","True"
"rubia","False"
"rubin","True"
"ruble","True"
"rubor","False"
"rubus","True"
"ruche","True"
"rucks","True"
"rucky","False"
"rudas","True"
"rudds","True"
"ruddy","True"
"ruder","True"
"rudge","False"
"ruely","False"
"ruers","True"
"ruffe","True"
"ruffs","True"
"rufus","False"
"rugae","True"
"rugal","True"
"rugby","True"
"ruggy","True"
"ruing","True"
"ruins","True"
"ruled","True"
"ruler","True"
"rules","True"
"rumal","True"
"ruman","False"
"rumba","True"
"rumbo","True"
"rumen","True"
"rumex","False"
"rumly","True"
"rummy","True"
"rumor","True"
"rumps","True"
"rumpy","True"
"runby","False"
"runch","True"
"rundi","False"
"runed","True"
"runer","False"
"runes","True"
"rungs","True"
"runic","True"
"runny","True"
"runsy","False"
"runts","True"
"runty","True"
"rupee","True"
"rupia","True"
"rupie","False"
"rural","True"
"ruses","True"
"rushy","True"
"rusin","False"
"rusks","True"
"rusky","False"
"rusma","True"
"rusot","False"
"russe","True"
"rusts","True"
"rusty","True"
"rutch","False"
"ruths","True"
"rutic","False"
"rutin","True"
"rutty","True"
"rutyl","False"
"ruvid","False"
"rybat","True"
"ryder","False"
"ryked","True"
"rykes","True"
"rynds","True"
"ryots","True"
"sabal","True"
"saban","False"
"sabby","False"
"sabed","True"
"saber","True"
"sabes","True"
"sabia","False"
"sabik","False"
"sabin","True"
"sabir","True"
"sable","True"
"sably","False"
"sabot","True"
"sabra","True"
"sabre","True"
"sabzi","False"
"sacae","False"
"sacks","True"
"sacra","True"
"sacre","False"
"sacro","False"
"sacry","False"
"sades","True"
"sadhe","True"
"sadhu","True"
"sadic","False"
"sadie","False"
"sadis","True"
"sadly","True"
"saeta","False"
"safar","False"
"safen","False"
"safer","True"
"safes","True"
"sagai","False"
"sagan","False"
"sagas","True"
"sager","True"
"sages","True"
"saggy","True"
"sagos","True"
"sagra","False"
"sagum","True"
"sahib","True"
"sahme","False"
"saice","True"
"saidi","False"
"saids","True"
"saify","False"
"saiga","True"
"saiid","False"
"sails","True"
"saily","False"
"saimy","False"
"sains","True"
"saint","True"
"saiph","False"
"sairy","False"
"saite","False"
"saith","True"
"saiva","False"
"sajou","True"
"sakai","True"
"sakel","False"
"saker","True"
"sakes","True"
"sakha","False"
"sakis","True"
"sakti","True"
"salad","True"
"salal","True"
"salar","False"
"salat","True"
"salay","False"
"salem","False"
"salep","True"
"sales","True"
"salet","True"
"salic","True"
"salix","True"
"salle","True"
"sally","True"
"salma","False"
"salmi","True"
"salmo","False"
"salol","True"
"salon","True"
"salpa","True"
"salps","True"
"salsa","True"
"salse","True"
"salta","False"
"salts","True"
"salty","True"
"salud","False"
"salue","True"
"salus","False"
"salva","False"
"salve","True"
"salvo","True"
"salvy","False"
"samaj","False"
"samal","False"
"saman","True"
"samas","True"
"samba","True"
"sambo","True"
"samek","True"
"samel","True"
"samen","True"
"samir","False"
"sammy","True"
"samoa","False"
"sampi","True"
"samps","True"
"sanai","False"
"sanct","False"
"sancy","False"
"sands","True"
"sandy","True"
"saned","True"
"saner","True"
"sanes","True"
"sanga","True"
"sangh","True"
"sangu","False"
"sanit","False"
"sanka","False"
"sansi","False"
"santa","False"
"santo","True"
"santy","False"
"sapan","True"
"sapek","False"
"sapid","True"
"sapin","False"
"sapit","False"
"saple","False"
"sapor","True"
"sappy","True"
"saqib","False"
"saraf","False"
"sarah","False"
"saran","True"
"sards","True"
"saree","True"
"sarge","True"
"sargo","True"
"sarif","False"
"sarin","True"
"sarip","False"
"saris","True"
"sarks","True"
"sarky","True"
"sarna","False"
"sarod","True"
"saron","False"
"saros","True"
"sarpo","False"
"sarra","False"
"sarsa","False"
"sarsi","False"
"saruk","False"
"sarum","False"
"sarus","True"
"sasan","False"
"sasin","True"
"sasse","True"
"sassy","True"
"satai","True"
"satan","False"
"sated","True"
"satem","True"
"sates","True"
"satin","True"
"satis","True"
"satyr","True"
"sauba","True"
"sauce","True"
"sauch","True"
"saucy","True"
"saudi","False"
"saugh","True"
"sauld","False"
"sauls","True"
"sault","True"
"sauna","True"
"saunt","True"
"saura","False"
"saury","True"
"saute","True"
"sauty","False"
"sauve","False"
"saved","True"
"saver","True"
"saves","True"
"savey","True"
"savin","True"
"savor","True"
"savoy","True"
"savvy","True"
"sawah","True"
"sawan","False"
"sawed","True"
"sawer","True"
"sawny","False"
"saxes","True"
"saxon","False"
"sayal","False"
"sayee","False"
"sayer","True"
"sayid","True"
"sayst","True"
"sazen","False"
"scabs","True"
"scads","True"
"scaff","True"
"scags","True"
"scala","True"
"scald","True"
"scale","True"
"scalf","False"
"scall","True"
"scalp","True"
"scalt","False"
"scalx","False"
"scaly","True"
"scalz","False"
"scamp","True"
"scams","True"
"scans","True"
"scant","True"
"scape","True"
"scare","True"
"scarf","True"
"scarn","False"
"scarp","True"
"scars","True"
"scart","True"
"scary","True"
"scase","False"
"scats","True"
"scatt","True"
"scaul","False"
"scaum","False"
"scaup","True"
"scaur","True"
"scaut","False"
"scawd","False"
"scawl","False"
"sceat","True"
"scelp","False"
"scena","True"
"scend","True"
"scene","True"
"scent","True"
"schav","True"
"schiz","False"
"schmo","True"
"schuh","False"
"schul","True"
"schwa","True"
"scian","False"
"scind","False"
"scion","True"
"sciot","False"
"sclat","False"
"sclav","False"
"sclaw","False"
"scler","False"
"sclim","True"
"scoad","False"
"scobs","False"
"scoff","True"
"scoke","False"
"scolb","False"
"scold","True"
"scomm","False"
"scone","True"
"scoon","False"
"scoop","True"
"scoot","True"
"scopa","True"
"scope","True"
"scops","True"
"score","True"
"scorn","True"
"scote","False"
"scots","True"
"scott","False"
"scouk","False"
"scoup","True"
"scour","True"
"scout","True"
"scove","False"
"scovy","False"
"scowl","True"
"scows","True"
"scrab","True"
"scrae","True"
"scrag","True"
"scram","True"
"scran","True"
"scrap","True"
"scrat","True"
"scraw","True"
"scray","True"
"scree","True"
"screw","True"
"scrim","True"
"scrin","False"
"scrip","True"
"scrit","False"
"scrob","True"
"scrod","True"
"scrog","True"
"scroo","False"
"scrow","True"
"scrub","True"
"scruf","False"
"scrum","True"
"scuba","True"
"scudi","True"
"scudo","True"
"scuds","True"
"scuff","True"
"scuft","True"
"sculk","True"
"scull","True"
"sculp","True"
"scult","False"
"scums","True"
"scups","True"
"scurf","True"
"scuse","True"
"scuta","True"
"scute","True"
"scuts","True"
"scyld","False"
"scyth","False"
"sdump","False"
"seals","True"
"sealy","False"
"seams","True"
"seamy","True"
"sears","True"
"seary","False"
"seats","True"
"seave","False"
"seavy","False"
"sebat","False"
"sebum","True"
"secco","True"
"secno","False"
"secos","False"
"secre","False"
"sects","True"
"secus","False"
"sedan","True"
"sedat","False"
"seder","True"
"sedge","True"
"sedgy","True"
"sedum","True"
"seech","False"
"seeds","True"
"seedy","True"
"seege","False"
"seeks","True"
"seels","True"
"seely","True"
"seems","True"
"seenu","False"
"seeps","True"
"seepy","True"
"seers","True"
"segar","True"
"seggy","False"
"segni","True"
"segno","True"
"segol","True"
"segos","True"
"segou","False"
"segue","True"
"sehyo","False"
"seige","False"
"seine","True"
"seise","True"
"seism","True"
"seity","True"
"seize","True"
"sekar","False"
"seker","False"
"sekos","True"
"selah","True"
"selfs","True"
"sella","True"
"selle","True"
"selli","False"
"sells","True"
"selly","False"
"selva","True"
"semee","True"
"semel","False"
"semen","True"
"semes","True"
"semic","False"
"semih","False"
"semis","True"
"senal","False"
"senam","False"
"sence","False"
"senci","False"
"sends","True"
"senex","False"
"sengi","True"
"senit","False"
"senna","True"
"senor","True"
"sensa","True"
"sense","True"
"senso","False"
"sensu","False"
"senti","True"
"sents","True"
"senvy","True"
"senza","True"
"seora","False"
"seoul","False"
"sepad","True"
"sepal","True"
"sepia","True"
"sepic","True"
"sepoy","True"
"seppa","False"
"septa","True"
"septi","False"
"septs","True"
"seqed","False"
"sequa","False"
"seqwl","False"
"serab","False"
"serac","True"
"serai","True"
"seral","True"
"serau","False"
"seraw","False"
"sered","True"
"sereh","False"
"serer","True"
"seres","True"
"serfs","True"
"serge","True"
"sergt","False"
"seric","True"
"serif","True"
"serin","True"
"serio","False"
"sermo","False"
"seron","True"
"serow","True"
"serra","True"
"serry","True"
"serta","False"
"serum","True"
"serut","False"
"serve","True"
"servo","True"
"sesia","False"
"sesma","False"
"sessa","True"
"sesti","False"
"setae","True"
"setal","True"
"seton","True"
"setup","True"
"seugh","False"
"seven","True"
"sever","True"
"sevum","False"
"sewan","True"
"sewar","True"
"sewed","True"
"sewen","True"
"sewer","True"
"sewin","True"
"sexed","True"
"sexes","True"
"sexly","False"
"sexto","True"
"sexts","True"
"sfoot","False"
"sfree","False"
"shack","True"
"shade","True"
"shado","False"
"shads","True"
"shady","True"
"shaft","True"
"shags","True"
"shahi","False"
"shahs","True"
"shaka","False"
"shake","True"
"shako","True"
"shaku","False"
"shaky","True"
"shale","True"
"shall","True"
"shalt","True"
"shaly","True"
"shama","True"
"shame","True"
"shams","True"
"shane","False"
"shang","False"
"shank","True"
"shant","False"
"shape","True"
"shaps","True"
"shapy","False"
"shard","True"
"share","True"
"shari","False"
"shark","True"
"sharn","True"
"sharp","True"
"shaul","True"
"shaup","False"
"shave","True"
"shawl","True"
"shawm","True"
"shawn","True"
"shaws","True"
"shawy","False"
"shays","True"
"sheaf","True"
"sheal","True"
"shean","False"
"shear","True"
"sheas","True"
"sheat","False"
"sheds","True"
"shedu","False"
"sheel","True"
"sheen","True"
"sheep","True"
"sheer","True"
"sheet","True"
"sheik","True"
"shela","False"
"sheld","False"
"shelf","True"
"shell","True"
"shema","False"
"shemu","False"
"shend","True"
"sheng","False"
"shent","True"
"sheol","True"
"sherd","True"
"sheth","False"
"sheva","True"
"shewa","False"
"shewn","True"
"shews","True"
"shiah","False"
"shiai","True"
"shice","False"
"shick","False"
"shide","False"
"shied","True"
"shiel","True"
"shier","True"
"shies","True"
"shift","True"
"shiko","False"
"shilf","False"
"shilh","False"
"shill","True"
"shily","True"
"shims","True"
"shina","False"
"shine","True"
"shins","True"
"shiny","True"
"ships","True"
"shipt","False"
"shire","True"
"shirk","True"
"shirl","False"
"shirr","True"
"shirt","True"
"shish","True"
"shisn","False"
"shist","True"
"shita","False"
"shits","True"
"shiva","True"
"shive","True"
"shivs","True"
"shivy","False"
"shlep","True"
"shluh","False"
"shoad","False"
"shoal","True"
"shoat","True"
"shock","True"
"shode","False"
"shoed","True"
"shoer","True"
"shoes","True"
"shogi","True"
"shogs","True"
"shoji","True"
"shojo","True"
"shola","True"
"shole","False"
"shona","False"
"shone","True"
"shood","False"
"shooi","False"
"shook","True"
"shool","True"
"shoon","True"
"shoop","False"
"shoor","False"
"shoos","True"
"shoot","True"
"shope","True"
"shops","True"
"shore","True"
"shorl","True"
"shorn","True"
"short","True"
"shote","True"
"shots","True"
"shott","True"
"shout","True"
"shove","True"
"showd","True"
"shown","True"
"shows","True"
"showy","True"
"shoya","False"
"shoyu","True"
"shrab","False"
"shraf","False"
"shrag","False"
"shram","False"
"shrap","False"
"shred","True"
"shree","False"
"shrew","True"
"shrip","False"
"shris","True"
"shrog","False"
"shrub","True"
"shrug","True"
"shuba","False"
"shuck","True"
"shuff","False"
"shuln","True"
"shuls","True"
"shune","False"
"shuns","True"
"shunt","True"
"shure","False"
"shurf","False"
"shush","True"
"shute","True"
"shuts","True"
"shyam","False"
"shyer","True"
"shyly","True"
"siafu","False"
"sials","True"
"sibbs","True"
"sibby","False"
"sibyl","True"
"sicca","False"
"sicel","False"
"sicer","False"
"sices","True"
"sicht","True"
"sicks","True"
"sicle","False"
"sided","True"
"sider","True"
"sides","True"
"sidhe","True"
"sidia","False"
"sidle","True"
"sidth","False"
"siege","True"
"siena","False"
"siest","False"
"sieur","True"
"sieva","False"
"sieve","True"
"sievy","False"
"sifac","False"
"sifts","True"
"sighs","True"
"sight","True"
"sigil","True"
"sigla","True"
"sigma","True"
"signa","True"
"signs","True"
"sikar","False"
"siker","True"
"sikes","True"
"siket","False"
"sikhs","False"
"sikra","False"
"silas","False"
"silds","True"
"silen","True"
"silex","True"
"silks","True"
"silky","True"
"sills","True"
"silly","True"
"silos","True"
"silts","True"
"silty","True"
"silva","True"
"silyl","False"
"simal","False"
"simar","True"
"simas","True"
"simba","True"
"simia","False"
"simon","False"
"simps","True"
"simul","True"
"sinae","False"
"sinal","False"
"since","True"
"sines","True"
"sinew","True"
"singe","True"
"singh","False"
"sings","True"
"sinhs","True"
"sinic","False"
"sinks","True"
"sinky","True"
"sinon","False"
"sinto","False"
"sintu","False"
"sinus","True"
"sioux","False"
"siped","True"
"siper","False"
"sipes","True"
"sipid","False"
"sippy","True"
"sired","True"
"siree","True"
"siren","True"
"sires","True"
"sirex","False"
"sirih","True"
"siris","True"
"sirki","False"
"sirky","False"
"siroc","True"
"sirop","False"
"siros","False"
"sirra","True"
"sirup","True"
"sisal","True"
"sisel","False"
"sises","True"
"sissu","False"
"sissy","True"
"sitao","False"
"sitar","True"
"sitch","False"
"sited","True"
"sites","True"
"sithe","True"
"sitio","False"
"sitka","True"
"sitta","False"
"situp","True"
"situs","True"
"siums","False"
"siusi","False"
"sivan","False"
"siver","True"
"siwan","False"
"sixer","True"
"sixes","True"
"sixmo","True"
"sixte","True"
"sixth","True"
"sixty","True"
"sizal","False"
"sizar","True"
"sized","True"
"sizer","True"
"sizes","True"
"sjaak","False"
"skaff","False"
"skags","True"
"skail","True"
"skair","False"
"skald","True"
"skart","True"
"skate","True"
"skats","True"
"skean","True"
"skeat","False"
"skeed","True"
"skeeg","False"
"skeel","False"
"skeen","True"
"skeer","True"
"skees","True"
"skeet","True"
"skegs","True"
"skeif","False"
"skein","True"
"skelf","True"
"skell","True"
"skelp","True"
"skemp","False"
"skene","True"
"skeps","True"
"skere","False"
"skers","True"
"skete","False"
"skewl","False"
"skews","True"
"skewy","False"
"skice","False"
"skidi","False"
"skids","True"
"skied","True"
"skier","True"
"skies","True"
"skiey","True"
"skiff","True"
"skift","False"
"skiis","False"
"skill","True"
"skime","False"
"skimo","True"
"skimp","True"
"skims","True"
"skink","True"
"skins","True"
"skint","True"
"skips","True"
"skirl","True"
"skirp","False"
"skirr","True"
"skirt","True"
"skite","True"
"skits","True"
"skive","True"
"skivy","True"
"skiwy","False"
"skoal","True"
"skoot","False"
"skout","False"
"skuas","True"
"skulk","True"
"skull","True"
"skulp","False"
"skunk","True"
"skuse","False"
"skyed","True"
"skyey","True"
"skyre","True"
"skyte","True"
"slabs","True"
"slack","True"
"slade","True"
"slags","True"
"slain","True"
"slait","False"
"slake","True"
"slaky","False"
"slamp","False"
"slams","True"
"slane","True"
"slang","True"
"slank","True"
"slant","True"
"slape","False"
"slaps","True"
"slare","False"
"slart","True"
"slash","True"
"slask","False"
"slate","True"
"slath","False"
"slats","True"
"slaty","True"
"slaum","False"
"slave","False"
"slavi","False"
"slavs","False"
"slaws","True"
"slays","True"
"sleck","False"
"sleds","True"
"sleek","True"
"sleep","True"
"sleer","True"
"sleet","True"
"slent","False"
"slept","True"
"slete","False"
"slews","True"
"sleys","True"
"slice","True"
"slich","False"
"slick","True"
"slide","True"
"slier","True"
"slily","True"
"slime","True"
"slims","True"
"slimy","True"
"sline","False"
"sling","True"
"slink","True"
"slipe","True"
"slips","True"
"slipt","True"
"slirt","False"
"slish","True"
"slite","False"
"slits","True"
"slive","True"
"sloan","True"
"sloat","False"
"slobs","True"
"slock","False"
"sloes","True"
"slogs","True"
"sloid","True"
"slojd","True"
"sloka","False"
"sloke","False"
"slone","False"
"slonk","False"
"sloom","True"
"sloop","True"
"sloot","True"
"slope","True"
"slops","True"
"slopy","True"
"slorp","False"
"slosh","True"
"slote","False"
"sloth","True"
"slots","True"
"slour","False"
"slows","True"
"sloyd","True"
"slubs","True"
"slued","True"
"sluer","False"
"slues","True"
"sluff","True"
"slugs","True"
"sluig","False"
"sluit","True"
"slump","True"
"slums","True"
"slung","True"
"slunk","True"
"slurb","True"
"slurp","True"
"slurs","True"
"slush","True"
"sluts","False"
"slyer","True"
"slyly","True"
"slype","True"
"smack","True"
"smaik","True"
"small","True"
"smalm","True"
"smalt","True"
"smarm","True"
"smart","True"
"smash","True"
"smaze","True"
"smear","True"
"smeek","True"
"smeer","False"
"smell","True"
"smelt","True"
"smerk","True"
"smeth","False"
"smews","True"
"smich","False"
"smift","False"
"smile","True"
"smily","False"
"smirk","True"
"smite","True"
"smith","True"
"smock","True"
"smogs","True"
"smoke","True"
"smoko","True"
"smoky","True"
"smolt","True"
"smook","False"
"smoos","False"
"smoot","True"
"smore","True"
"smote","True"
"smous","False"
"smout","True"
"smrgs","False"
"smurr","False"
"smuse","False"
"smush","True"
"smuts","True"
"smyth","False"
"snack","True"
"snaff","False"
"snafu","True"
"snags","True"
"snail","True"
"snake","True"
"snaky","True"
"snape","False"
"snaps","True"
"snapy","False"
"snare","True"
"snark","True"
"snarl","True"
"snary","True"
"snash","True"
"snast","False"
"snath","True"
"snaws","True"
"snead","True"
"sneak","True"
"sneap","True"
"sneck","True"
"sneds","True"
"sneer","True"
"snell","True"
"snerp","False"
"snibs","True"
"snick","True"
"snide","True"
"snies","True"
"sniff","True"
"snift","True"
"snigs","True"
"snipe","True"
"snips","True"
"snipy","True"
"snirl","False"
"snirt","True"
"snite","False"
"snits","True"
"snitz","False"
"snivy","False"
"snobs","True"
"snock","False"
"snoek","True"
"snoga","False"
"snoke","True"
"snood","True"
"snook","True"
"snool","True"
"snoop","True"
"snoot","True"
"snore","True"
"snork","False"
"snort","True"
"snots","True"
"snout","True"
"snowk","True"
"snowl","False"
"snows","True"
"snowy","True"
"snubs","True"
"snuck","True"
"snuff","True"
"snugs","True"
"snurl","False"
"snurp","False"
"snurt","False"
"snyed","False"
"snyes","True"
"soaks","True"
"soaky","False"
"soapi","False"
"soaps","True"
"soapy","True"
"soars","True"
"soary","False"
"soave","True"
"sobby","False"
"sober","True"
"socht","False"
"socii","False"
"socko","True"
"socks","True"
"socky","False"
"socle","True"
"sodas","True"
"soddy","True"
"sodic","True"
"sodio","False"
"sodom","True"
"sofar","True"
"sofas","True"
"sofer","False"
"sofia","False"
"softa","True"
"softs","True"
"softy","True"
"soger","True"
"soget","False"
"soggy","True"
"soign","False"
"soils","True"
"soily","True"
"sojas","True"
"soken","True"
"sokes","True"
"solan","True"
"solar","True"
"solay","False"
"soldi","True"
"soldo","True"
"solea","False"
"soled","True"
"solen","False"
"soler","True"
"soles","True"
"solfa","False"
"solid","True"
"solio","False"
"solod","False"
"solon","True"
"solos","True"
"solum","True"
"solus","True"
"solve","True"
"somal","False"
"somas","True"
"somet","False"
"somma","False"
"somne","False"
"sonar","True"
"soncy","False"
"sonde","True"
"sones","True"
"songo","False"
"songs","True"
"songy","False"
"sonic","True"
"sonja","False"
"sonly","True"
"sonny","True"
"sonsy","True"
"sooey","True"
"sooke","False"
"sooky","True"
"soony","False"
"soord","False"
"sooth","True"
"soots","True"
"sooty","True"
"sophs","True"
"sophy","True"
"sopor","True"
"soppy","True"
"soral","True"
"soras","True"
"sorbs","True"
"sorda","True"
"sordo","True"
"sords","True"
"soree","True"
"sorel","True"
"sorer","True"
"sores","True"
"sorex","True"
"sorgo","True"
"sorns","True"
"sorra","True"
"sorry","True"
"sorts","True"
"sorty","False"
"sorus","True"
"sorva","False"
"sosia","False"
"sosie","False"
"soter","False"
"sotho","False"
"soths","True"
"sotie","False"
"sotik","False"
"sotol","True"
"sough","True"
"souls","True"
"soulx","False"
"souly","False"
"soulz","False"
"sound","True"
"soups","True"
"soupy","True"
"sourd","False"
"sours","True"
"soury","False"
"souse","True"
"south","True"
"sowan","False"
"sowar","True"
"sowed","True"
"sowel","False"
"sower","True"
"sowle","True"
"sowse","True"
"sowte","False"
"soyas","True"
"soyot","False"
"sozin","True"
"sozly","False"
"spaad","False"
"space","True"
"spack","False"
"spacy","True"
"spade","True"
"spado","True"
"spaed","True"
"spaer","True"
"spaes","True"
"spahi","True"
"spaid","False"
"spaik","False"
"spail","True"
"spain","True"
"spair","False"
"spait","True"
"spake","True"
"spald","True"
"spale","True"
"spall","True"
"spalt","True"
"spane","True"
"spang","True"
"spank","True"
"spann","False"
"spans","True"
"spare","True"
"spark","True"
"sparm","False"
"spars","True"
"spart","True"
"spary","False"
"spasm","True"
"spass","False"
"spate","True"
"spath","False"
"spats","True"
"spave","False"
"spawl","True"
"spawn","True"
"spays","True"
"speak","True"
"speal","True"
"spean","True"
"spear","True"
"spece","False"
"speck","True"
"specs","True"
"spect","True"
"speed","True"
"speel","True"
"speen","False"
"speer","True"
"speil","True"
"speir","True"
"spekt","False"
"spelk","True"
"spell","True"
"spelt","True"
"spend","True"
"spent","True"
"speos","True"
"spere","False"
"sperm","True"
"spete","False"
"spews","True"
"spewy","True"
"sphex","False"
"spial","True"
"spica","True"
"spice","True"
"spick","False"
"spics","False"
"spicy","True"
"spied","True"
"spiel","True"
"spier","True"
"spies","True"
"spiff","True"
"spike","True"
"spiks","False"
"spiky","True"
"spile","True"
"spill","True"
"spilt","True"
"spina","True"
"spine","True"
"spink","True"
"spins","True"
"spiny","True"
"spira","False"
"spire","True"
"spiro","False"
"spirt","True"
"spiry","True"
"spise","False"
"spiss","False"
"spite","True"
"spits","True"
"spitz","True"
"spivs","True"
"splad","False"
"splat","True"
"splay","True"
"splet","False"
"split","True"
"spock","False"
"spode","True"
"spoil","True"
"spoke","True"
"spoky","False"
"spole","False"
"spong","False"
"spoof","True"
"spook","True"
"spool","True"
"spoom","True"
"spoon","True"
"spoor","True"
"spoot","True"
"spore","True"
"sport","True"
"sposh","True"
"spots","True"
"spout","True"
"sprad","True"
"sprag","True"
"sprat","True"
"spray","True"
"spree","True"
"spret","False"
"sprew","True"
"sprig","True"
"sprit","True"
"sprod","True"
"sprot","False"
"sprue","True"
"sprug","True"
"spuds","True"
"spued","True"
"spues","True"
"spuke","False"
"spume","True"
"spumy","True"
"spung","False"
"spunk","True"
"spurl","False"
"spurn","True"
"spurs","True"
"spurt","True"
"sputa","True"
"spute","False"
"spyer","False"
"squab","True"
"squad","True"
"squam","False"
"squat","True"
"squaw","True"
"squeg","True"
"squet","False"
"squib","True"
"squid","True"
"squin","False"
"squit","True"
"squiz","True"
"sruti","False"
"ssing","False"
"ssort","False"
"sstor","False"
"staab","False"
"stabs","True"
"stacc","False"
"stack","True"
"stacy","False"
"stade","True"
"staff","True"
"stage","True"
"stags","True"
"stagy","True"
"staia","False"
"staid","True"
"staig","True"
"stail","False"
"stain","True"
"staio","False"
"stair","True"
"stake","True"
"stale","True"
"stalk","True"
"stall","True"
"stamp","True"
"stand","True"
"stane","True"
"stang","True"
"stank","True"
"staph","True"
"stare","True"
"stark","True"
"starn","True"
"starr","True"
"stars","True"
"start","True"
"starw","False"
"stary","False"
"stash","True"
"state","True"
"stats","True"
"stauk","False"
"staun","True"
"staup","False"
"stave","True"
"stawn","False"
"stays","True"
"stchi","False"
"stead","True"
"steak","True"
"steal","True"
"steam","True"
"stean","True"
"stech","False"
"steed","True"
"steek","True"
"steel","True"
"steem","True"
"steen","True"
"steep","True"
"steer","True"
"stegh","False"
"steid","False"
"stein","True"
"stela","True"
"stele","True"
"stell","True"
"stema","False"
"stems","True"
"stend","True"
"steng","False"
"steno","True"
"stent","True"
"steps","True"
"stept","True"
"stere","True"
"steri","False"
"sterk","False"
"stern","True"
"stero","False"
"stert","False"
"stets","True"
"steve","False"
"stews","True"
"stewy","True"
"stich","True"
"stick","True"
"stied","True"
"sties","True"
"stife","False"
"stiff","True"
"stilb","True"
"stile","True"
"still","True"
"stilt","True"
"stime","True"
"stimy","True"
"stine","False"
"sting","True"
"stink","True"
"stint","True"
"stion","False"
"stipa","True"
"stipe","True"
"stipo","False"
"stire","True"
"stirk","True"
"stirp","True"
"stirs","True"
"stite","False"
"stith","False"
"stive","True"
"stivy","True"
"stoae","True"
"stoai","True"
"stoas","True"
"stoat","True"
"stobs","True"
"stock","True"
"stoep","True"
"stoff","False"
"stoga","False"
"stogy","True"
"stoic","True"
"stoit","True"
"stoke","True"
"stola","False"
"stold","False"
"stole","True"
"stoma","True"
"stomp","True"
"stond","True"
"stone","True"
"stong","True"
"stonk","True"
"stony","True"
"stood","True"
"stoof","False"
"stook","True"
"stool","True"
"stoon","False"
"stoop","True"
"stoot","False"
"stopa","False"
"stope","True"
"stops","True"
"stopt","True"
"store","True"
"stork","True"
"storm","True"
"story","True"
"stosh","False"
"stoss","True"
"stott","True"
"stoun","True"
"stoup","True"
"stour","True"
"stout","True"
"stove","True"
"stowp","True"
"stows","True"
"strad","True"
"strae","True"
"strag","True"
"stram","False"
"strap","True"
"straw","True"
"stray","True"
"stree","False"
"strep","True"
"stret","False"
"strew","True"
"strey","False"
"stria","True"
"strid","False"
"strig","True"
"strip","True"
"strit","False"
"strix","False"
"strom","False"
"strop","True"
"strow","True"
"stroy","True"
"strub","False"
"strue","False"
"strum","True"
"strut","True"
"struv","False"
"stubb","False"
"stube","False"
"stubs","True"
"stuck","True"
"stude","True"
"studs","True"
"study","True"
"stuff","True"
"stull","True"
"stulm","True"
"stump","True"
"stums","True"
"stung","True"
"stunk","True"
"stuns","True"
"stunt","True"
"stupa","True"
"stupe","True"
"stupp","False"
"sturk","False"
"sturt","True"
"stuss","False"
"styan","False"
"styca","False"
"styed","True"
"styes","True"
"style","True"
"styli","True"
"stylo","True"
"stymy","True"
"suade","False"
"suant","False"
"suave","True"
"subah","True"
"subas","True"
"subch","False"
"suber","True"
"subet","False"
"subra","False"
"subst","False"
"succi","True"
"sucks","True"
"sucre","True"
"sudan","False"
"sudds","True"
"suddy","False"
"sudes","False"
"sudic","False"
"sudor","True"
"sudra","False"
"sudsy","True"
"suede","True"
"suent","True"
"suers","True"
"suets","True"
"suety","True"
"sueve","False"
"suevi","False"
"sugan","True"
"sugar","True"
"sugat","False"
"sughs","True"
"sugih","False"
"sugis","False"
"suina","False"
"suine","False"
"suing","True"
"suint","True"
"suist","False"
"suite","True"
"suits","True"
"suity","False"
"sukey","False"
"sulci","True"
"sulea","False"
"sulfa","True"
"sulfo","True"
"sulka","False"
"sulks","True"
"sulky","True"
"sulla","False"
"sully","True"
"sumac","True"
"sumak","False"
"sumen","False"
"summa","True"
"sumos","True"
"sumph","True"
"sumps","True"
"sumpt","False"
"sunil","False"
"sunna","True"
"sunni","False"
"sunns","True"
"sunny","True"
"sunup","True"
"suomi","False"
"supai","False"
"super","True"
"supes","True"
"suppl","False"
"supra","True"
"supvr","False"
"surah","True"
"sural","True"
"suras","True"
"surat","True"
"surds","True"
"sured","True"
"surer","True"
"sures","True"
"surfs","True"
"surfy","True"
"surge","True"
"surgy","True"
"surly","True"
"surma","False"
"surra","True"
"surya","False"
"susan","False"
"sushi","True"
"susie","False"
"susso","False"
"sussy","False"
"sutor","True"
"sutra","True"
"sutta","True"
"suyog","False"
"suzan","False"
"svelt","False"
"swabs","True"
"swack","True"
"swage","True"
"swags","True"
"swail","True"
"swain","True"
"swale","True"
"swami","True"
"swamp","True"
"swamy","True"
"swang","True"
"swank","True"
"swans","True"
"swape","False"
"swaps","True"
"sward","True"
"sware","True"
"swarf","True"
"swarm","True"
"swart","True"
"swash","True"
"swath","True"
"swati","False"
"swats","True"
"sways","True"
"swazi","False"
"sweal","True"
"swear","True"
"sweat","True"
"swede","True"
"sweep","True"
"sweer","True"
"sweet","True"
"swego","False"
"swell","True"
"swelp","False"
"swelt","True"
"swept","True"
"swerd","False"
"swick","False"
"swift","True"
"swigs","True"
"swile","True"
"swill","True"
"swims","True"
"swimy","False"
"swine","True"
"swing","True"
"swink","True"
"swipe","True"
"swipy","False"
"swird","False"
"swire","True"
"swirl","True"
"swish","True"
"swiss","True"
"swith","True"
"swive","True"
"swizz","True"
"swobs","True"
"swoln","True"
"swonk","False"
"swoon","True"
"swoop","True"
"swops","True"
"sword","True"
"swore","True"
"sworn","True"
"swosh","False"
"swots","True"
"swoun","True"
"swung","True"
"swure","False"
"sybil","True"
"sybow","True"
"sycee","True"
"syces","True"
"sycon","True"
"syftn","False"
"sykes","True"
"sylid","False"
"sylph","True"
"sylva","True"
"synch","True"
"syncs","True"
"synod","True"
"synop","False"
"syren","True"
"syria","False"
"syrma","False"
"syrup","True"
"syrus","False"
"sysin","False"
"taata","True"
"tabac","False"
"tabby","True"
"tabel","False"
"taber","True"
"tabes","True"
"tabet","False"
"tabic","False"
"tabid","True"
"tabis","True"
"tabla","True"
"table","True"
"tabog","False"
"taboo","True"
"tabor","True"
"tabus","True"
"tabut","False"
"tacan","True"
"tacca","False"
"taces","True"
"tacet","True"
"tache","True"
"tachi","False"
"tachs","True"
"tacit","True"
"tacks","True"
"tacky","True"
"tacos","True"
"tacso","False"
"tacts","True"
"taels","True"
"taffy","True"
"tafia","True"
"tagal","False"
"tagel","False"
"taggy","True"
"tagua","False"
"tagus","False"
"tahar","False"
"tahil","False"
"tahin","False"
"tahrs","True"
"tahua","False"
"taich","False"
"taiga","True"
"tails","True"
"taily","False"
"taino","False"
"tains","True"
"taint","True"
"taipi","False"
"taipo","False"
"tairn","False"
"taise","False"
"taish","True"
"tajes","True"
"tajik","False"
"takao","False"
"takar","False"
"taked","False"
"taken","True"
"taker","True"
"takes","True"
"takin","True"
"takyr","False"
"talak","True"
"talao","False"
"talar","True"
"talas","True"
"talck","False"
"talcs","True"
"taled","False"
"taler","True"
"tales","True"
"talio","False"
"talis","False"
"talks","True"
"talky","True"
"talli","False"
"tally","True"
"talma","True"
"talon","True"
"talpa","True"
"taluk","True"
"talus","True"
"tamal","True"
"tamas","False"
"tambo","False"
"tamed","True"
"tamer","True"
"tames","True"
"tamil","False"
"tamis","True"
"tammy","True"
"tampa","False"
"tamps","True"
"tamul","False"
"tamus","False"
"tanak","False"
"tanan","False"
"tandy","False"
"tanga","True"
"tangi","True"
"tango","True"
"tangs","True"
"tangy","True"
"tanha","False"
"tania","False"
"tanka","True"
"tanks","True"
"tanna","True"
"tanny","False"
"tanoa","False"
"tansy","True"
"tanti","True"
"tanto","True"
"tanya","False"
"tanzy","False"
"tapas","True"
"taped","True"
"tapen","True"
"taper","True"
"tapes","True"
"tapet","True"
"tapia","False"
"tapir","True"
"tapis","True"
"tapit","False"
"tapoa","False"
"tappa","True"
"tapul","False"
"taqua","False"
"taraf","False"
"tarai","False"
"tarau","False"
"tarde","False"
"tardo","True"
"tardy","True"
"tarea","False"
"tared","True"
"tareq","False"
"tares","True"
"tarfa","False"
"targe","True"
"tarie","False"
"tarin","False"
"tarmi","False"
"tarns","True"
"taroc","True"
"tarok","True"
"taros","True"
"tarot","True"
"tarps","True"
"tarre","True"
"tarri","False"
"tarry","True"
"tarse","False"
"tarsi","True"
"tarte","False"
"tarts","True"
"tarve","False"
"tasco","False"
"tasks","True"
"tasse","True"
"taste","True"
"tasty","True"
"tatar","True"
"tater","True"
"tates","True"
"tatie","True"
"tatoo","False"
"tatou","True"
"tatta","False"
"tatty","True"
"taube","True"
"taula","False"
"tauli","False"
"taunt","True"
"taupe","True"
"taupo","False"
"tauri","False"
"tauts","True"
"taver","True"
"tavoy","False"
"tawed","True"
"tawer","True"
"tawgi","False"
"tawie","True"
"tawny","True"
"tawpi","False"
"tawpy","False"
"tawse","True"
"taxed","True"
"taxer","True"
"taxes","True"
"taxin","False"
"taxir","False"
"taxis","True"
"taxon","True"
"taxor","True"
"taxus","True"
"tayer","False"
"tayir","False"
"tayra","True"
"tazia","False"
"tazza","True"
"tazze","True"
"tcawi","False"
"tchai","False"
"tchwi","False"
"teach","True"
"teaer","False"
"teaey","False"
"teaks","True"
"teals","True"
"teams","True"
"tears","True"
"teart","False"
"teary","True"
"tease","True"
"teasy","False"
"teats","True"
"teaty","False"
"teave","False"
"teaze","True"
"tebet","False"
"techy","True"
"tecla","False"
"tecon","False"
"tecta","True"
"tecum","False"
"teddy","True"
"tedge","False"
"teems","True"
"teens","True"
"teeny","True"
"teest","False"
"teeth","True"
"teety","False"
"teffs","True"
"tegua","True"
"tehee","False"
"teian","False"
"teiid","True"
"teind","True"
"teise","False"
"tejon","False"
"tekke","False"
"tekya","False"
"telae","True"
"telar","False"
"teleg","False"
"telei","False"
"teles","True"
"telex","True"
"telia","True"
"telic","True"
"tells","True"
"tellt","False"
"telly","True"
"teloi","True"
"telos","True"
"telyn","False"
"teman","False"
"tembe","False"
"tembu","False"
"temin","False"
"temne","False"
"tempe","False"
"tempi","True"
"tempo","True"
"temps","True"
"tempt","True"
"temse","True"
"tenai","False"
"tench","True"
"tendo","False"
"tends","True"
"tenet","True"
"tenez","False"
"tengu","False"
"tenia","True"
"tenio","False"
"tenla","False"
"tenne","True"
"tenno","True"
"tennu","False"
"tenon","True"
"tenor","True"
"tense","True"
"tenso","False"
"tenth","True"
"tents","True"
"tenty","True"
"tenue","True"
"tepal","True"
"tepas","True"
"tepee","True"
"tepid","True"
"tepor","False"
"terai","True"
"terap","False"
"teras","True"
"terce","True"
"terek","True"
"teres","True"
"tereu","False"
"terga","True"
"terma","False"
"terms","True"
"terna","False"
"terne","True"
"terns","True"
"terra","True"
"terre","False"
"terri","False"
"terry","True"
"terse","True"
"terzo","False"
"tesla","True"
"testa","True"
"teste","True"
"tests","True"
"testy","True"
"tetch","False"
"tetel","False"
"teths","True"
"teton","False"
"tetra","True"
"tetty","False"
"tetum","False"
"teuch","True"
"teugh","True"
"tewed","True"
"tewel","True"
"tewer","False"
"tewit","True"
"tewly","False"
"texan","False"
"texas","True"
"texts","True"
"thack","True"
"thais","False"
"thala","False"
"thana","True"
"thane","True"
"thank","True"
"tharf","False"
"tharm","True"
"thatd","False"
"thatn","False"
"thats","False"
"thave","False"
"thawn","False"
"thaws","True"
"thawy","True"
"theah","False"
"theat","False"
"theca","True"
"theek","True"
"theer","False"
"theet","False"
"theft","True"
"thegn","True"
"thein","True"
"their","True"
"thema","True"
"theme","True"
"thens","True"
"theol","False"
"theor","False"
"theos","False"
"theow","True"
"there","True"
"therm","True"
"these","True"
"theta","True"
"thete","True"
"thews","True"
"thewy","True"
"theyd","False"
"thick","True"
"thief","True"
"thigh","True"
"thilk","True"
"thill","True"
"thine","True"
"thing","True"
"think","True"
"thins","True"
"thiol","True"
"third","True"
"thirl","True"
"thirt","False"
"thisn","False"
"thoft","True"
"thoke","False"
"thole","True"
"tholi","True"
"thone","False"
"thong","True"
"thoom","False"
"thore","False"
"thorn","True"
"thoro","True"
"thorp","True"
"thort","False"
"those","True"
"thous","True"
"thowt","False"
"thram","False"
"thrap","False"
"thraw","True"
"thrax","False"
"three","True"
"threw","True"
"thrip","True"
"throb","True"
"throe","True"
"throu","False"
"throw","True"
"thrum","True"
"thruv","False"
"thuan","False"
"thuds","True"
"thugs","True"
"thuja","True"
"thule","False"
"thulr","False"
"thumb","True"
"thump","True"
"thund","False"
"thung","False"
"thuoc","False"
"thurl","True"
"thurm","False"
"thurt","False"
"thuya","True"
"thyme","True"
"thymi","True"
"thyms","False"
"thymy","True"
"tiang","False"
"tiara","True"
"tibbu","False"
"tibby","False"
"tiber","False"
"tibet","False"
"tibey","False"
"tibia","True"
"tical","True"
"ticca","True"
"ticer","False"
"ticks","True"
"ticky","True"
"ticul","False"
"tidal","True"
"tiddy","True"
"tided","True"
"tides","True"
"tiens","False"
"tiers","True"
"tiffs","True"
"tiffy","False"
"tiger","True"
"tight","True"
"tigon","True"
"tigre","False"
"tigua","False"
"tikes","True"
"tikis","True"
"tikka","True"
"tikor","False"
"tikur","False"
"tilak","True"
"tilda","False"
"tilde","True"
"tiled","True"
"tiler","True"
"tiles","True"
"tilia","False"
"tills","True"
"tilly","True"
"tilth","True"
"tilts","True"
"tilty","False"
"timar","False"
"timbe","False"
"timbo","True"
"timed","True"
"timer","True"
"times","True"
"timet","False"
"timid","True"
"timne","False"
"timon","True"
"timor","False"
"tinct","True"
"tinea","True"
"tined","True"
"tines","True"
"tinge","True"
"tingi","False"
"tings","True"
"tinne","False"
"tinni","False"
"tinny","True"
"tinsy","False"
"tinta","False"
"tints","True"
"tinty","True"
"tipis","True"
"tipit","False"
"tiple","False"
"tippy","True"
"tipsy","True"
"tipup","False"
"tiraz","False"
"tired","True"
"tirer","False"
"tires","True"
"tirls","True"
"tirma","False"
"tiros","True"
"tirve","False"
"tisar","False"
"tisic","False"
"tissu","False"
"titan","True"
"titar","False"
"titer","True"
"tithe","True"
"titis","True"
"title","True"
"titre","True"
"titty","True"
"titus","False"
"tiver","False"
"tiwaz","False"
"tizzy","True"
"tlaco","False"
"tmema","False"
"toads","True"
"toady","True"
"toast","True"
"today","True"
"toddy","True"
"todea","False"
"todus","False"
"toffs","True"
"toffy","True"
"tofts","True"
"tofus","True"
"togae","True"
"togas","True"
"toged","True"
"togue","True"
"toher","False"
"toile","True"
"toils","True"
"toise","True"
"toist","False"
"toits","True"
"toity","False"
"tokay","True"
"toked","True"
"token","True"
"tokes","True"
"tokyo","False"
"tolan","True"
"tolas","True"
"toldo","False"
"toled","True"
"toles","True"
"tolls","True"
"tolly","True"
"tolus","True"
"tolyl","True"
"toman","True"
"tomas","False"
"tombe","False"
"tombs","True"
"tomes","True"
"tomia","True"
"tomin","False"
"tommy","True"
"tonal","True"
"tondi","True"
"tondo","True"
"toned","True"
"toner","True"
"tones","True"
"tonga","True"
"tongs","True"
"tonic","True"
"tonka","True"
"tonna","False"
"tonne","True"
"tonto","False"
"tonus","True"
"tools","True"
"toona","False"
"toons","True"
"toosh","False"
"tooth","True"
"toots","True"
"topas","False"
"topau","False"
"topaz","True"
"toped","True"
"topee","True"
"toper","True"
"topes","True"
"tophe","True"
"tophi","True"
"tophs","True"
"topia","False"
"topic","True"
"topis","True"
"topog","False"
"topoi","True"
"topos","True"
"toppy","True"
"topsl","False"
"topsy","False"
"toque","True"
"torah","True"
"toral","False"
"toran","True"
"toras","True"
"torch","True"
"torcs","True"
"tored","False"
"tores","True"
"toret","False"
"toric","True"
"torii","True"
"torma","False"
"toros","True"
"torse","True"
"torsi","True"
"torsk","True"
"torso","True"
"torta","True"
"torte","True"
"torts","True"
"torus","True"
"torve","False"
"tosca","False"
"toshy","True"
"tossy","True"
"total","True"
"toted","True"
"totem","True"
"toter","True"
"totes","True"
"totty","True"
"totum","False"
"touch","True"
"tough","True"
"tould","False"
"tourn","False"
"tours","True"
"tourt","False"
"touse","True"
"toust","False"
"tousy","True"
"touts","True"
"tovah","False"
"tovar","False"
"tovet","False"
"towai","False"
"towan","False"
"towed","True"
"towel","True"
"tower","True"
"towie","True"
"towns","True"
"towny","True"
"towsy","True"
"toxic","True"
"toxin","True"
"toxon","False"
"toyed","True"
"toyer","True"
"toyon","True"
"toyos","True"
"tozee","False"
"tozer","False"
"trabu","False"
"trace","True"
"track","True"
"tract","True"
"tracy","False"
"trade","True"
"trady","False"
"tragi","True"
"traik","True"
"trail","True"
"train","True"
"trait","True"
"trama","False"
"trame","False"
"tramp","True"
"trams","True"
"trank","True"
"trans","True"
"trant","True"
"trapa","False"
"traps","True"
"trapt","True"
"trash","True"
"trass","True"
"trasy","False"
"trave","True"
"trawl","True"
"trays","True"
"tread","True"
"treas","False"
"treat","True"
"treed","True"
"treen","True"
"trees","True"
"treey","False"
"trefa","True"
"treks","True"
"trema","True"
"trend","True"
"trent","False"
"tress","True"
"trest","True"
"trets","True"
"trews","True"
"treys","True"
"triac","True"
"triad","True"
"trial","True"
"trias","False"
"tribe","True"
"trica","False"
"trice","True"
"trick","True"
"tried","True"
"trier","True"
"tries","True"
"trifa","False"
"triga","False"
"trigo","True"
"trigs","True"
"trike","True"
"trill","True"
"trims","True"
"trina","False"
"trine","True"
"trink","False"
"triol","True"
"trior","True"
"trios","True"
"tripe","True"
"tripl","False"
"trips","True"
"tript","False"
"tripy","True"
"trist","True"
"trite","True"
"trixy","False"
"troad","True"
"troak","True"
"troat","True"
"troca","False"
"troch","False"
"trock","True"
"troco","False"
"trode","True"
"troft","False"
"trogs","True"
"troic","False"
"trois","True"
"troke","True"
"troll","True"
"tromp","True"
"trona","True"
"tronc","True"
"trone","True"
"tronk","True"
"troop","True"
"troot","False"
"trooz","True"
"trope","True"
"troth","True"
"trots","True"
"troue","False"
"trout","True"
"trouv","False"
"trove","True"
"trows","True"
"troys","True"
"trubu","False"
"truce","True"
"truck","True"
"trudy","False"
"trued","True"
"truer","True"
"trues","True"
"truff","False"
"trull","True"
"truly","True"
"trump","True"
"trunk","True"
"trush","False"
"truss","True"
"trust","True"
"truth","True"
"tryma","True"
"tryms","False"
"trypa","False"
"tryst","True"
"tsade","True"
"tsadi","True"
"tsars","True"
"tsere","False"
"tsine","False"
"tsked","True"
"tsuba","True"
"tsubo","True"
"tsuga","False"
"tsuma","False"
"tuant","False"
"tuarn","False"
"tuart","True"
"tuath","True"
"tubae","True"
"tubal","True"
"tubar","True"
"tubas","True"
"tubba","False"
"tubby","True"
"tubed","True"
"tuber","True"
"tubes","True"
"tubig","False"
"tubik","False"
"tucks","True"
"tucky","False"
"tucum","False"
"tudel","False"
"tudor","False"
"tufan","False"
"tufas","True"
"tuffs","True"
"tufts","True"
"tufty","True"
"tugui","False"
"tuism","True"
"tukra","False"
"tules","True"
"tulip","True"
"tulle","True"
"tulsa","False"
"tulsi","True"
"tumid","True"
"tumli","False"
"tummy","True"
"tumor","True"
"tumps","True"
"tunal","False"
"tunas","True"
"tunca","False"
"tuned","True"
"tuner","True"
"tunes","True"
"tunga","False"
"tungo","False"
"tungs","True"
"tunic","True"
"tunis","False"
"tunka","False"
"tunna","False"
"tunny","True"
"tupek","True"
"tupik","True"
"tuple","True"
"tuque","True"
"turbo","True"
"turco","False"
"turds","True"
"turfs","True"
"turfy","True"
"turgy","False"
"turio","False"
"turki","False"
"turks","True"
"turma","False"
"turns","True"
"turps","True"
"turse","False"
"turus","False"
"turvy","False"
"tushs","False"
"tushy","True"
"tusks","True"
"tusky","True"
"tutee","True"
"tutin","False"
"tutly","False"
"tutor","True"
"tutti","True"
"tutto","False"
"tutty","True"
"tutus","True"
"tuxes","True"
"tuyer","True"
"tuzla","False"
"twaes","True"
"twain","True"
"twait","False"
"twale","False"
"twalt","False"
"twana","False"
"twang","True"
"twank","True"
"twant","False"
"twats","True"
"tweag","False"
"tweak","True"
"tweed","True"
"tweeg","False"
"tweel","True"
"tween","True"
"tweet","True"
"tweil","False"
"twere","False"
"twerp","True"
"twice","True"
"twick","False"
"twier","True"
"twigs","True"
"twill","True"
"twilt","True"
"twine","True"
"twink","True"
"twins","True"
"twint","False"
"twiny","True"
"twire","True"
"twirk","False"
"twirl","True"
"twirp","True"
"twist","True"
"twite","True"
"twits","True"
"twixt","True"
"twoes","False"
"twyer","True"
"tyche","False"
"tydie","False"
"tyees","True"
"tyigh","False"
"tying","True"
"tyken","False"
"tykes","True"
"tyler","True"
"tylus","False"
"tyned","True"
"tynes","True"
"typal","True"
"typed","True"
"typer","False"
"types","True"
"typey","True"
"typha","False"
"typic","True"
"typos","True"
"typps","True"
"tyred","True"
"tyres","True"
"tyros","True"
"tyste","False"
"tythe","True"
"tzaam","False"
"tzars","True"
"ualis","False"
"uaupe","False"
"uayeb","False"
"uchee","False"
"uckia","False"
"udasi","False"
"udder","True"
"udell","False"
"udish","False"
"ugali","True"
"uglis","False"
"ugric","False"
"uhlan","True"
"uhllo","False"
"uhuru","True"
"uigur","False"
"uinal","False"
"uinta","False"
"ukase","True"
"ulama","True"
"ulans","True"
"ulcer","True"
"ulcus","False"
"ulema","True"
"uller","False"
"ulmic","False"
"ulmin","True"
"ulmus","False"
"ulnad","True"
"ulnae","True"
"ulnar","True"
"ulnas","True"
"uloid","False"
"ulpan","True"
"ultra","True"
"uluhi","False"
"ululu","False"
"ulvan","False"
"ulvas","True"
"umaua","False"
"umbel","True"
"umber","True"
"umble","True"
"umbos","True"
"umbra","True"
"umbre","True"
"umest","False"
"umiac","True"
"umiak","True"
"umiaq","True"
"umiri","False"
"umist","False"
"ummps","False"
"umped","True"
"umpty","True"
"umset","False"
"unact","False"
"unadd","False"
"unais","True"
"unami","False"
"unamo","False"
"unapt","True"
"unark","False"
"unarm","True"
"unary","True"
"unaus","True"
"unbag","True"
"unbar","True"
"unbay","False"
"unbed","True"
"unbet","False"
"unbid","True"
"unbit","False"
"unbog","False"
"unbow","False"
"unbox","True"
"unboy","False"
"unbud","False"
"uncap","True"
"uncia","True"
"uncle","True"
"uncos","True"
"uncow","False"
"uncoy","True"
"uncus","True"
"uncut","True"
"undam","True"
"undee","True"
"unden","False"
"under","True"
"undid","True"
"undig","False"
"undim","False"
"undog","False"
"undon","False"
"undry","False"
"undub","False"
"undue","True"
"undug","True"
"undye","False"
"uneye","False"
"unfar","False"
"unfed","True"
"unfew","False"
"unfit","True"
"unfix","True"
"unfur","False"
"ungag","True"
"unget","True"
"ungka","False"
"ungod","True"
"ungot","True"
"ungum","True"
"unhad","False"
"unhap","False"
"unhat","True"
"unhex","False"
"unhid","False"
"unhip","True"
"unhit","False"
"unhot","False"
"uniat","False"
"unice","False"
"unify","True"
"uninn","False"
"union","True"
"unism","False"
"unist","False"
"unite","True"
"units","True"
"unity","True"
"unius","False"
"unjam","True"
"unked","True"
"unken","False"
"unket","True"
"unkey","False"
"unkid","True"
"unkin","False"
"unlap","False"
"unlaw","True"
"unlax","False"
"unlay","True"
"unled","True"
"unlet","True"
"unlid","True"
"unlie","False"
"unlit","True"
"unmad","False"
"unman","True"
"unmet","True"
"unmew","True"
"unmix","True"
"unnet","False"
"unnew","False"
"unode","False"
"unoil","False"
"unold","False"
"unona","False"
"unorn","False"
"unown","False"
"unpay","True"
"unpeg","True"
"unpen","True"
"unpin","True"
"unpot","False"
"unput","False"
"unram","False"
"unray","False"
"unred","True"
"unrid","True"
"unrig","True"
"unrip","True"
"unrow","False"
"unrra","False"
"unrun","False"
"unsad","False"
"unsay","True"
"unsee","True"
"unset","True"
"unsew","True"
"unsex","True"
"unshy","False"
"unsin","False"
"unsly","False"
"unson","False"
"unsty","False"
"unsun","False"
"untap","False"
"untar","False"
"untax","True"
"untie","True"
"until","True"
"untin","True"
"untop","False"
"unurn","False"
"unuse","False"
"unwan","False"
"unwax","False"
"unweb","False"
"unwed","True"
"unwet","True"
"unwig","False"
"unwit","True"
"unwon","True"
"unwry","False"
"unzen","False"
"unzip","True"
"uparm","False"
"upaya","False"
"upbar","False"
"upbay","False"
"upbid","False"
"upbuy","False"
"upbye","True"
"upcry","False"
"upcut","False"
"updos","True"
"updry","True"
"upeat","False"
"upend","True"
"upfly","False"
"upget","False"
"upher","False"
"upjet","True"
"uplay","True"
"upleg","False"
"uplit","True"
"upmix","False"
"upped","True"
"upper","True"
"uppop","False"
"uprid","False"
"uprip","False"
"uprun","True"
"upset","True"
"upsey","True"
"upsit","False"
"upsun","False"
"upsup","False"
"uptie","True"
"upupa","False"
"upwax","False"
"upway","False"
"uraei","True"
"urali","True"
"urare","True"
"urari","True"
"urase","True"
"urate","True"
"urban","True"
"urbic","False"
"urdee","True"
"ureal","True"
"ureas","True"
"uredo","True"
"ureic","True"
"ureid","False"
"urena","True"
"urent","True"
"urged","True"
"urger","True"
"urges","True"
"uriah","False"
"urial","True"
"urian","False"
"uriel","False"
"urine","True"
"urite","True"
"urlar","False"
"urled","False"
"urman","True"
"urnae","False"
"urnal","True"
"ursae","True"
"ursal","False"
"ursid","True"
"urson","True"
"ursuk","False"
"ursus","False"
"urubu","True"
"urucu","False"
"urutu","False"
"usage","True"
"usant","False"
"usara","False"
"usent","False"
"users","True"
"ushak","False"
"ushas","False"
"usher","True"
"usine","False"
"using","True"
"uskok","False"
"usnea","True"
"usnic","False"
"usnin","False"
"usque","True"
"uster","False"
"usual","True"
"usure","True"
"usurp","True"
"usury","True"
"utchy","False"
"utees","False"
"utend","False"
"uteri","True"
"utero","False"
"uther","False"
"utick","False"
"utile","True"
"utrum","False"
"utsuk","False"
"utter","True"
"uvala","False"
"uvate","False"
"uveal","True"
"uveas","True"
"uviol","False"
"uvito","False"
"uvres","False"
"uvrou","False"
"uvula","True"
"uvver","False"
"uzara","False"
"uzbak","False"
"uzbeg","False"
"uzbek","False"
"vache","False"
"vacoa","False"
"vacua","True"
"vacuo","False"
"vadim","False"
"vadis","False"
"vagal","True"
"vagas","False"
"vague","True"
"vagus","True"
"vails","True"
"vaire","True"
"vairs","True"
"vairy","True"
"vajra","False"
"vakia","False"
"vakil","True"
"vales","True"
"valet","True"
"valew","False"
"valid","True"
"valmy","False"
"valor","True"
"valsa","False"
"valse","True"
"value","True"
"valva","False"
"valve","True"
"valyl","False"
"vamos","False"
"vamps","True"
"vance","False"
"vanda","True"
"vaned","True"
"vanes","True"
"vangs","True"
"vanir","False"
"vapid","True"
"vapor","True"
"vappa","False"
"varan","True"
"varas","True"
"varda","False"
"vardy","True"
"varec","True"
"varia","True"
"vario","False"
"varix","True"
"varna","True"
"varus","True"
"varve","True"
"vasal","True"
"vases","True"
"vasts","True"
"vasty","True"
"vates","False"
"vatic","True"
"vaudy","False"
"vault","True"
"vaunt","True"
"veals","True"
"vealy","True"
"vedda","False"
"vedet","False"
"vedic","False"
"vedro","False"
"veena","True"
"veeps","True"
"veers","True"
"veery","True"
"vefry","False"
"vegan","True"
"vegas","True"
"vehme","True"
"veils","True"
"veily","True"
"veins","True"
"veiny","True"
"vejoz","False"
"velal","False"
"velar","True"
"velds","True"
"veldt","True"
"velic","False"
"velte","False"
"velum","True"
"venae","True"
"venal","True"
"vends","True"
"vened","False"
"venge","True"
"venie","False"
"venin","True"
"venom","True"
"venta","False"
"vents","True"
"venue","True"
"venus","True"
"vepse","False"
"veray","False"
"verbs","True"
"verby","False"
"verde","False"
"verdi","False"
"verek","False"
"verey","False"
"verge","True"
"vergi","False"
"verpa","False"
"verre","False"
"verry","True"
"versa","False"
"verse","True"
"verso","True"
"verst","True"
"verts","True"
"vertu","True"
"verty","False"
"verus","False"
"verve","True"
"vespa","True"
"vesta","True"
"vests","True"
"vetch","True"
"veter","False"
"vetus","False"
"veuve","False"
"vexed","True"
"vexer","True"
"vexes","True"
"vexil","True"
"viage","False"
"vials","True"
"viand","True"
"vibes","True"
"vibex","True"
"vibix","False"
"vicar","True"
"viced","True"
"vices","True"
"vichy","True"
"vicia","False"
"vicki","False"
"vicky","False"
"vicua","False"
"vicus","False"
"video","True"
"vidry","False"
"vidua","False"
"vidya","False"
"viers","True"
"views","True"
"viewy","True"
"vifda","True"
"vigas","True"
"vigia","True"
"vigil","True"
"vigor","True"
"vijao","False"
"vijay","False"
"viler","True"
"villa","True"
"ville","False"
"villi","True"
"vills","True"
"vimen","True"
"vimpa","False"
"vinal","True"
"vinas","True"
"vinca","True"
"vince","False"
"vinci","False"
"vinea","False"
"vined","True"
"viner","True"
"vines","True"
"vinet","False"
"vinew","True"
"vingt","False"
"vinic","True"
"vinny","False"
"vinod","False"
"vinos","True"
"vinta","False"
"vinum","False"
"vinyl","True"
"viola","True"
"viols","True"
"viper","True"
"viral","True"
"vireo","True"
"vires","True"
"virga","True"
"virge","True"
"virgo","False"
"virid","True"
"virls","True"
"viron","False"
"virtu","True"
"virus","True"
"visas","True"
"vised","True"
"vises","True"
"visie","True"
"visit","True"
"visne","True"
"vison","True"
"visor","True"
"vista","True"
"visto","True"
"vitae","True"
"vital","True"
"vitis","False"
"vitra","False"
"vitro","True"
"vitry","False"
"vitta","True"
"viuva","False"
"vivas","True"
"vivat","True"
"vivax","False"
"vivda","True"
"vivek","False"
"viver","True"
"vives","True"
"vivid","True"
"vivos","False"
"vivre","False"
"vixen","True"
"vizir","True"
"vizor","True"
"vizzy","False"
"vlach","False"
"vobis","False"
"vocab","True"
"vocal","True"
"vocat","False"
"voces","True"
"voder","False"
"vodka","True"
"vodum","False"
"vodun","True"
"vogie","True"
"vogue","True"
"vogul","False"
"voice","True"
"voids","True"
"voila","True"
"voile","True"
"volar","True"
"voled","True"
"voles","True"
"volet","True"
"volga","False"
"volow","False"
"volta","True"
"volte","True"
"volti","True"
"volto","False"
"volts","True"
"volva","True"
"vomer","True"
"vomit","True"
"voraz","False"
"votal","False"
"voted","True"
"voter","True"
"votes","True"
"vouch","True"
"vouge","True"
"vouli","False"
"voust","False"
"vowed","True"
"vowel","True"
"vower","True"
"vraic","True"
"vroom","True"
"vrouw","True"
"vrows","True"
"vucom","False"
"vuggs","True"
"vuggy","True"
"vughs","True"
"vulgo","True"
"vulva","True"
"vyase","False"
"vying","True"
"waapa","False"
"waasi","False"
"wabby","False"
"wacke","True"
"wacks","True"
"wacky","True"
"waddy","True"
"waded","True"
"wader","True"
"wades","True"
"wadge","True"
"wadis","True"
"wadna","False"
"waefu","False"
"wafer","True"
"waffs","True"
"wafts","True"
"wafty","False"
"waged","True"
"wager","True"
"wages","True"
"waget","False"
"wagga","True"
"waggy","False"
"wagon","True"
"wahoo","True"
"waifs","True"
"wails","True"
"waily","False"
"wains","True"
"waird","False"
"wairs","True"
"waise","False"
"waist","True"
"waits","True"
"waive","True"
"wakan","False"
"wakas","True"
"waked","True"
"waken","True"
"waker","True"
"wakes","True"
"wakhi","False"
"wakif","False"
"wakon","False"
"waled","True"
"waler","True"
"wales","True"
"walks","True"
"walla","True"
"walls","True"
"wally","True"
"walsh","False"
"walth","False"
"walty","True"
"waltz","True"
"wamel","False"
"wames","True"
"wamus","True"
"wands","True"
"wandy","False"
"waned","True"
"wanes","True"
"waney","True"
"wanga","False"
"wanky","True"
"wanle","True"
"wanly","True"
"wanna","True"
"wanny","False"
"wants","True"
"wanty","True"
"wanze","True"
"wappo","False"
"warch","False"
"wards","True"
"wared","True"
"wares","True"
"warks","True"
"warly","False"
"warms","True"
"warns","True"
"warnt","False"
"warps","True"
"warri","False"
"warse","False"
"warst","True"
"warth","False"
"warts","True"
"warty","True"
"warua","False"
"warve","False"
"wasat","False"
"wasco","False"
"wasel","False"
"washo","False"
"washy","True"
"wasir","False"
"wasnt","False"
"wasps","True"
"waspy","True"
"waste","True"
"wasts","True"
"wasty","False"
"watap","True"
"watch","True"
"water","True"
"watts","True"
"wauch","False"
"waugh","True"
"wauks","True"
"wauls","True"
"wauns","False"
"waura","False"
"wauve","False"
"waved","True"
"waver","True"
"waves","True"
"wavey","True"
"wawah","False"
"wawls","True"
"waxed","True"
"waxen","True"
"waxer","True"
"waxes","True"
"wayao","False"
"wayne","False"
"wazir","True"
"weaky","False"
"weald","True"
"weals","True"
"weans","True"
"wears","True"
"weary","True"
"weave","True"
"webby","True"
"weber","True"
"wecht","True"
"wedel","True"
"wedge","True"
"wedgy","True"
"weeda","False"
"weeds","True"
"weedy","True"
"weeks","True"
"weens","True"
"weent","False"
"weeny","True"
"weeps","True"
"weepy","True"
"weesh","False"
"weest","True"
"weets","True"
"weety","False"
"weeze","False"
"wefts","True"
"wefty","False"
"wehee","False"
"weigh","True"
"weird","True"
"weirs","True"
"weism","False"
"wekas","True"
"wekau","False"
"welch","True"
"welds","True"
"wells","True"
"welly","True"
"welsh","True"
"welts","True"
"wemmy","False"
"wench","False"
"wende","False"
"wendi","False"
"wends","True"
"wendy","False"
"wenny","True"
"weren","False"
"wersh","True"
"weste","False"
"wests","True"
"westy","False"
"wetly","True"
"wevet","False"
"wezen","False"
"whack","True"
"whale","True"
"whalm","False"
"whalp","False"
"whaly","False"
"whame","False"
"whamp","False"
"whams","True"
"whand","False"
"whang","True"
"whank","False"
"whaps","True"
"whare","True"
"wharf","True"
"wharl","False"
"wharp","False"
"whart","False"
"whase","False"
"whata","True"
"whatd","False"
"whats","True"
"whauk","False"
"whaup","True"
"whaur","True"
"wheal","True"
"wheam","False"
"wheat","True"
"wheel","True"
"wheem","False"
"wheen","True"
"wheep","True"
"wheer","False"
"wheft","True"
"whein","False"
"wheki","False"
"whelk","True"
"whelm","True"
"whelp","True"
"whens","True"
"where","True"
"whets","True"
"whewl","False"
"whews","True"
"whewt","False"
"wheys","True"
"whiba","False"
"which","True"
"whick","False"
"whids","True"
"whiff","True"
"whift","True"
"whigs","True"
"while","True"
"whilk","True"
"whill","False"
"whils","False"
"whims","True"
"whine","True"
"whing","False"
"whins","True"
"whiny","True"
"whips","True"
"whipt","True"
"whirl","True"
"whirr","True"
"whirs","True"
"whish","True"
"whisk","True"
"whisp","False"
"whiss","True"
"whist","True"
"white","True"
"whits","True"
"whity","True"
"whizz","True"
"whole","True"
"wholl","False"
"whomp","True"
"whone","False"
"whoof","True"
"whoop","True"
"whoot","True"
"whops","True"
"whore","False"
"whorl","True"
"whort","True"
"whory","False"
"whose","True"
"whoso","True"
"whsle","False"
"whuff","False"
"whulk","False"
"whump","True"
"whush","False"
"whute","False"
"wicca","True"
"wicht","False"
"wicks","True"
"wicky","True"
"widdy","True"
"widen","True"
"wider","True"
"wides","True"
"widow","True"
"width","True"
"wield","True"
"wierd","False"
"wifed","True"
"wifes","True"
"wifie","True"
"wigan","True"
"wiggy","True"
"wight","True"
"wilco","True"
"wilds","True"
"wiled","True"
"wiles","True"
"wilga","True"
"willi","False"
"wills","True"
"willy","True"
"wilts","True"
"wince","True"
"winch","True"
"winds","True"
"windy","True"
"windz","False"
"wined","True"
"winer","False"
"wines","True"
"winey","True"
"wings","True"
"wingy","True"
"winks","True"
"winly","False"
"winna","True"
"winos","True"
"winze","True"
"wiped","True"
"wiper","True"
"wipes","True"
"wired","True"
"wirer","True"
"wires","True"
"wiros","False"
"wirra","True"
"wised","True"
"wisen","False"
"wiser","True"
"wises","True"
"wisha","True"
"wisht","True"
"wishy","False"
"wisps","True"
"wispy","True"
"wisse","False"
"wiste","False"
"wists","True"
"witan","True"
"witch","True"
"wited","True"
"witen","False"
"wites","True"
"withe","True"
"withy","True"
"witty","True"
"wived","True"
"wiver","True"
"wives","True"
"wiyat","False"
"wiyot","False"
"wizen","True"
"wizes","True"
"wlity","False"
"wloka","False"
"woads","True"
"woady","False"
"woald","True"
"wocas","False"
"woden","False"
"wodge","True"
"wodgy","False"
"woful","True"
"wogul","False"
"woibe","False"
"wokas","False"
"woken","True"
"wolds","True"
"woldy","False"
"wolfs","True"
"wolly","True"
"wolof","False"
"wolve","True"
"woman","True"
"wombs","True"
"womby","True"
"women","True"
"wonga","True"
"wonky","True"
"wonna","False"
"wonts","True"
"woods","True"
"woody","True"
"wooed","True"
"wooer","True"
"woofs","True"
"woofy","True"
"woold","True"
"woolf","False"
"wools","True"
"wooly","True"
"woomp","False"
"woons","True"
"woops","True"
"woosh","True"
"wootz","True"
"woozy","True"
"wopsy","False"
"words","True"
"wordy","True"
"works","True"
"worky","False"
"world","True"
"worms","True"
"wormy","True"
"worry","True"
"worse","True"
"worst","True"
"worth","True"
"worts","True"
"wouch","False"
"wough","False"
"would","True"
"wound","True"
"woven","True"
"wowed","True"
"wrack","True"
"wramp","False"
"wrang","True"
"wraps","True"
"wrapt","True"
"wrast","True"
"wrath","True"
"wrawl","True"
"wreak","True"
"wreat","False"
"wreck","True"
"wrens","True"
"wrest","True"
"wrick","True"
"wride","False"
"wried","True"
"wrier","True"
"wries","True"
"wring","True"
"wrist","True"
"write","True"
"writh","False"
"writs","True"
"wrive","False"
"wroke","True"
"wrong","True"
"wroot","True"
"wrote","True"
"wroth","True"
"wrung","True"
"wryer","True"
"wryly","True"
"wudge","False"
"wunna","False"
"wurly","False"
"wurst","True"
"wuzzy","False"
"wyled","True"
"wyles","True"
"wynds","True"
"wynne","False"
"wynns","True"
"wyson","False"
"wysty","False"
"wyted","True"
"wytes","True"
"wyver","False"
"xebec","True"
"xenia","True"
"xenic","True"
"xenon","True"
"xenos","False"
"xenyl","False"
"xeres","False"
"xeric","True"
"xerox","True"
"xerus","True"
"xicak","False"
"xinca","False"
"xoana","True"
"xurel","False"
"xviii","False"
"xxiii","False"
"xylan","True"
"xylem","True"
"xylia","False"
"xylic","True"
"xylol","True"
"xylon","False"
"xylyl","True"
"xyrid","False"
"xyris","False"
"xysti","True"
"xysts","True"
"yabbi","False"
"yabby","True"
"yaboo","False"
"yacal","False"
"yacca","True"
"yacht","True"
"yacks","True"
"yadim","False"
"yaffs","True"
"yager","True"
"yagis","True"
"yagua","False"
"yahan","False"
"yahoo","True"
"yaird","True"
"yajna","False"
"yakan","False"
"yakin","False"
"yakka","True"
"yakut","False"
"yalla","False"
"yamel","False"
"yamen","True"
"yameo","False"
"yampa","False"
"yamph","False"
"yamun","True"
"yanan","False"
"yangs","True"
"yanks","True"
"yanky","False"
"yaply","False"
"yapok","True"
"yapon","True"
"yappy","True"
"yaqui","False"
"yarak","True"
"yaray","False"
"yards","True"
"yarer","True"
"yarke","False"
"yarly","False"
"yarns","True"
"yarry","False"
"yarth","False"
"yasht","False"
"yasna","False"
"yauds","True"
"yauld","True"
"yaups","True"
"yawed","True"
"yawey","True"
"yawls","True"
"yawns","True"
"yawny","True"
"yawps","True"
"yazoo","False"
"yclad","True"
"yeans","True"
"yeara","False"
"yeard","True"
"yearn","True"
"years","True"
"yeast","True"
"yecch","True"
"yechs","True"
"yechy","True"
"yeech","False"
"yeggs","True"
"yelek","False"
"yelks","True"
"yells","True"
"yelps","True"
"yemen","False"
"yenta","True"
"yente","True"
"yeply","False"
"yerba","True"
"yerga","False"
"yerks","True"
"yerth","False"
"yerva","False"
"yeses","True"
"yesso","False"
"yesty","True"
"yetis","True"
"yetts","True"
"yeuks","True"
"yeuky","True"
"yeven","True"
"yezdi","False"
"yezzy","False"
"yfere","True"
"ygapo","False"
"yield","True"
"yikes","True"
"yills","True"
"yince","True"
"yinst","False"
"yipes","True"
"yirds","True"
"yirrs","True"
"yirth","True"
"ylems","True"
"yobbo","True"
"yocco","False"
"yocks","True"
"yodel","True"
"yodhs","True"
"yodle","True"
"yogas","True"
"yogee","True"
"yoghs","True"
"yogic","True"
"yogin","True"
"yogis","True"
"yoick","True"
"yojan","True"
"yoked","True"
"yokel","True"
"yoker","True"
"yokes","True"
"yolks","True"
"yolky","True"
"yomer","False"
"yomim","True"
"yomin","False"
"yomud","False"
"yonic","True"
"yonis","True"
"yores","True"
"youff","False"
"young","True"
"youre","False"
"yourn","True"
"yours","True"
"yourt","True"
"youse","True"
"youth","True"
"youve","False"
"youze","False"
"yoven","False"
"yowed","True"
"yowes","True"
"yowie","True"
"yowls","True"
"yquem","False"
"ytter","False"
"yuans","True"
"yucca","True"
"yucch","True"
"yuchi","False"
"yucks","True"
"yucky","True"
"yugas","True"
"yukon","False"
"yulan","True"
"yules","True"
"yuman","False"
"yummy","True"
"yunca","False"
"yupon","True"
"yurak","False"
"yurok","False"
"yurta","True"
"yurts","True"
"yuruk","False"
"zabra","True"
"zabti","False"
"zaire","True"
"zakah","False"
"zakat","True"
"zaman","True"
"zambo","True"
"zamia","True"
"zande","False"
"zante","True"
"zanza","True"
"zanze","True"
"zapas","False"
"zapus","False"
"zaque","False"
"zarfs","True"
"zaxes","True"
"zayat","False"
"zayin","True"
"zazen","True"
"zeals","True"
"zebec","True"
"zebra","True"
"zebub","True"
"zebus","True"
"zeins","True"
"zeism","False"
"zeiss","False"
"zeist","False"
"zemmi","False"
"zemni","False"
"zendo","True"
"zerda","True"
"zerma","False"
"zeros","True"
"zests","True"
"zesty","True"
"zetas","True"
"zhmud","False"
"ziara","False"
"zibet","True"
"ziega","False"
"ziffs","True"
"zigan","True"
"zihar","False"
"zilch","True"
"zilla","True"
"zills","True"
"zimbi","True"
"zimme","False"
"zimmi","False"
"zimmy","False"
"zinco","True"
"zincs","True"
"zincy","True"
"zineb","True"
"zings","True"
"zingy","True"
"zinke","True"
"zinky","True"
"zippy","True"
"zirai","False"
"zirak","False"
"ziram","True"
"zitis","True"
"zizel","True"
"zizia","False"
"zizit","True"
"zlote","True"
"zloty","True"
"zmudz","False"
"zoaea","True"
"zocco","True"
"zoeae","True"
"zoeal","True"
"zoeas","True"
"zogan","False"
"zohak","False"
"zoism","True"
"zoist","True"
"zokor","False"
"zolle","False"
"zombi","True"
"zonal","True"
"zonar","False"
"zonda","True"
"zoned","True"
"zoner","True"
"zones","True"
"zonic","False"
"zonta","False"
"zooid","True"
"zooks","True"
"zooms","True"
"zoona","False"
"zoons","True"
"zooty","True"
"zoque","False"
"zoril","True"
"zoris","True"
"zorro","True"
"zosma","False"
"zowie","True"
"zucco","False"
"zudda","False"
"zulus","True"
"zunis","False"
"zygal","True"
"zygon","True"
"zymes","True"
"zymic","True"
"zymin","False"
