"rank","word","count","wordle_valid"
"1","about","1226734006","True"
"2","other","978481319","True"
"3","which","810514085","True"
"4","their","782849411","True"
"5","there","701170205","True"
"6","first","578161543","True"
"7","would","572644147","True"
"8","these","541003982","True"
"9","click","536746424","True"
"10","price","501651226","True"
"11","state","453104133","True"
"12","email","443949646","True"
"13","world","431934249","True"
"14","music","414028837","True"
"15","after","372948094","True"
"16","video","365410017","True"
"17","where","360468339","True"
"18","books","347710184","True"
"19","years","337841309","True"
"20","order","336631187","True"
"21","items","330505325","True"
"22","group","321842984","True"
"23","under","313296421","True"
"24","games","305930896","True"
"25","could","302311431","True"
"26","great","301487430","True"
"27","hotel","297974790","True"
"28","store","291308910","True"
"29","terms","277705910","True"
"30","right","273620358","True"
"31","local","270742935","True"
"32","those","270014141","True"
"33","using","269448880","True"
"34","phone","256643812","True"
"35","forum","254478181","True"
"36","based","252405204","True"
"37","black","244690155","True"
"38","check","244491090","True"
"39","index","242826246","True"
"40","being","242783091","True"
"41","women","242520455","True"
"42","today","239271204","True"
"43","south","238581133","True"
"44","pages","234001114","True"
"45","found","232005894","True"
"46","house","231310420","True"
"47","photo","227125249","True"
"48","power","226596368","True"
"49","while","226194991","True"
"50","three","223417394","True"
"51","total","222649459","True"
"52","place","220970235","True"
"53","think","217856550","True"
"54","north","217809513","True"
"55","media","216432510","True"
"56","water","215178488","True"
"57","since","214302926","True"
"58","guide","213378807","True"
"59","board","212361059","True"
"60","white","209863729","True"
"61","small","208371878","True"
"62","times","202950880","True"
"63","sites","202755734","True"
"64","level","202563642","True"
"65","hours","198242904","True"
"66","image","197874283","True"
"67","title","196676017","True"
"68","shall","191963867","True"
"69","class","191087771","True"
"70","money","190205072","True"
"71","every","189325890","True"
"72","reply","184777992","True"
"73","value","182061247","True"
"74","press","179652730","True"
"75","learn","179428286","True"
"76","stock","176295589","True"
"77","sales","173244220","True"
"78","large","165863763","True"
"79","table","165341452","True"
"80","start","161913408","True"
"81","model","161205740","True"
"82","human","160573748","True"
"83","movie","158421100","True"
"84","march","158281269","True"
"85","yahoo","155733641","True"
"86","going","155284081","True"
"87","study","152978354","True"
"88","staff","151553180","True"
"89","again","150781416","True"
"90","april","149976767","False"
"91","never","149556758","True"
"92","users","149320234","True"
"93","topic","149001702","True"
"94","below","145701629","True"
"95","party","144707500","True"
"96","login","144200144","True"
"97","legal","142048771","True"
"98","above","141894620","True"
"99","quote","139242226","True"
"100","rates","137089538","True"
"101","young","136341684","True"
"102","field","135289140","True"
"103","paper","134939426","True"
"104","girls","132325396","True"
"105","night","130531484","True"
"106","texas","129399241","True"
"107","poker","129054826","True"
"108","issue","128427156","True"
"109","range","128314924","True"
"110","court","127719981","True"
"111","audio","127014703","True"
"112","light","126699632","True"
"113","write","126645151","True"
"114","offer","126228968","True"
"115","given","125542966","True"
"116","files","125524478","True"
"117","event","125515260","True"
"118","china","124472054","True"
"119","needs","123595776","True"
"120","might","123196001","True"
"121","month","123027963","True"
"122","major","122592252","True"
"123","areas","121986327","True"
"124","space","121505269","True"
"125","cards","121094522","True"
"126","child","119747393","True"
"127","enter","119394206","True"
"128","share","119294241","True"
"129","added","118410414","True"
"130","radio","113285624","True"
"131","color","112965658","True"
"132","track","112385243","True"
"133","least","111229798","True"
"134","trade","110086585","True"
"135","david","109067044","False"
"136","green","108287905","True"
"137","close","107853068","True"
"138","drive","107799371","True"
"139","short","106755242","True"
"140","means","105946662","True"
"141","daily","105837757","True"
"142","beach","105642682","True"
"143","costs","101090970","True"
"144","style","101024266","True"
"145","front","100886343","True"
"146","parts","100637505","True"
"147","early","100013194","True"
"148","miles","100012522","True"
"149","sound","100010833","True"
"150","rules","97658641","True"
"151","final","97649084","True"
"152","adult","97583096","True"
"153","thing","97451660","True"
"154","cheap","97049762","True"
"155","third","95489240","True"
"156","gifts","95412416","True"
"157","cover","94501729","True"
"158","often","92551460","True"
"159","watch","92006970","True"
"160","deals","91189968","True"
"161","words","90910143","True"
"162","james","90535679","True"
"163","heart","90249265","True"
"164","error","89396475","True"
"165","clear","88447610","True"
"166","makes","87829598","True"
"167","india","87391857","True"
"168","taken","87019836","True"
"169","cases","86255673","True"
"170","quick","85584600","True"
"171","whole","85202530","True"
"172","later","84857974","True"
"173","basic","84840226","True"
"174","shows","84804638","True"
"175","along","83444756","True"
"176","among","83431590","True"
"177","death","83216831","True"
"178","speed","83135749","True"
"179","brand","82807581","True"
"180","stuff","81444510","True"
"181","japan","81110725","True"
"182","doing","80821946","True"
"183","loans","80821333","True"
"184","shoes","80755612","True"
"185","entry","80717798","True"
"186","notes","79958318","True"
"187","force","79199815","True"
"188","river","78843808","True"
"189","album","77914316","True"
"190","views","77333335","True"
"191","plans","77295630","True"
"192","build","77203075","True"
"193","types","77070740","True"
"194","lines","76806341","True"
"195","apply","76341478","True"
"196","asked","75532722","True"
"197","cross","74230978","True"
"198","weeks","73571749","True"
"199","lower","72606927","True"
"200","names","71918906","True"
"201","leave","70957750","True"
"202","teens","70859771","True"
"203","woman","70613606","True"
"204","cable","70082598","True"
"205","score","69315004","True"
"206","shown","68755779","True"
"207","flash","68391647","True"
"208","ideas","67309657","True"
"209","allow","67052567","True"
"210","homes","66753480","True"
"211","super","66703287","True"
"212","asian","66078353","False"
"213","cause","65904680","True"
"214","focus","65626732","True"
"215","voice","64600528","True"
"216","comes","64256803","True"
"217","brown","64112042","True"
"218","forms","63561604","True"
"219","glass","63559754","True"
"220","happy","63471922","True"
"221","smith","63357901","True"
"222","thank","63234550","True"
"223","ready","62667516","True"
"224","round","61836702","True"
"225","built","61502894","True"
"226","blood","61348302","True"
"227","earth","61059905","True"
"228","italy","60280461","False"
"229","basis","59901425","True"
"230","award","59652161","True"
"231","peter","59541743","True"
"232","extra","59377307","True"
"233","rated","59102029","True"
"234","quite","58777731","True"
"235","horse","58453720","True"
"236","stars","58352743","True"
"237","owner","58189056","True"
"238","takes","57784233","True"
"239","bring","57608074","True"
"240","agent","57103658","True"
"241","valid","57094711","True"
"242","grand","56599468","True"
"243","trial","56547673","True"
"244","wrote","56421594","True"
"245","ships","56365355","True"
"246","metal","56181783","True"
"247","funds","55721876","True"
"248","guest","55293215","True"
"249","seems","55276661","True"
"250","grade","54275130","True"
"251","panel","53784382","True"
"252","floor","53759851","True"
"253","match","53532481","True"
"254","plant","53247607","True"
"255","sense","52629633","True"
"256","stage","52518330","True"
"257","goods","52507183","True"
"258","maybe","51895609","True"
"259","spain","51553238","True"
"260","youth","51426255","True"
"261","break","51242970","True"
"262","dance","51147967","True"
"263","apple","50551171","True"
"264","enjoy","50141455","True"
"265","block","49694725","True"
"266","civil","49495349","True"
"267","steel","49452604","True"
"268","songs","49272598","True"
"269","fixed","49215402","True"
"270","wrong","49156828","True"
"271","hands","49087727","True"
"272","paris","48831449","True"
"273","fully","48616832","True"
"274","worth","48075237","True"
"275","peace","47856201","True"
"276","coast","47716394","True"
"277","grant","47609624","True"
"278","agree","47500911","True"
"279","scale","46307526","True"
"280","stand","46292709","True"
"281","frame","46079991","True"
"282","chief","45699591","True"
"283","gives","45649146","True"
"284","heard","45436523","True"
"285","begin","45434902","True"
"286","royal","45407189","True"
"287","clean","45381752","True"
"288","bible","45080741","True"
"289","suite","44829675","True"
"290","vegas","44810653","True"
"291","chris","44754518","False"
"292","piece","44298807","True"
"293","sheet","44295187","True"
"294","seven","44224906","True"
"295","older","44222089","True"
"296","cells","44128080","True"
"297","calls","43661633","True"
"298","whose","43634263","True"
"299","naked","43110969","True"
"300","lives","42750046","True"
"301","stone","42494931","True"
"302","tests","42336117","True"
"303","buyer","42024703","True"
"304","steve","41997245","False"
"305","label","41359857","True"
"306","scott","41326573","False"
"307","canon","41144763","True"
"308","waste","41089558","True"
"309","chair","40764005","True"
"310","phase","40722940","True"
"311","shirt","40501964","True"
"312","crime","40361756","True"
"313","count","40345803","True"
"314","claim","40085342","True"
"315","patch","39999745","True"
"316","santa","39664896","False"
"317","alone","39326417","True"
"318","jones","39297134","True"
"319","saint","38929141","True"
"320","drugs","38827156","True"
"321","fresh","38781893","True"
"322","dates","38442243","True"
"323","upper","38341510","True"
"324","prime","38308402","True"
"325","began","38269468","True"
"326","steps","38254292","True"
"327","shops","38241315","True"
"328","creek","38159464","True"
"329","urban","38087999","True"
"330","labor","37866418","True"
"331","admin","37835381","True"
"332","heavy","37668153","True"
"333","solid","37426444","True"
"334","theme","37219937","True"
"335","touch","36831035","True"
"336","goals","36766773","True"
"337","serve","36697856","True"
"338","magic","36676771","True"
"339","smart","36636558","True"
"340","latin","36548259","False"
"341","avoid","36508203","True"
"342","birth","36286070","True"
"343","abuse","36269685","True"
"344","facts","36041603","True"
"345","faith","35936559","True"
"346","chain","35928367","True"
"347","moved","35713495","True"
"348","reach","35687918","True"
"349","gamma","35426622","True"
"350","truth","35345925","True"
"351","films","35200065","True"
"352","owned","35050234","True"
"353","draft","35033621","True"
"354","chart","35027490","True"
"355","jesus","34929061","True"
"356","clubs","34881779","True"
"357","equal","34832354","True"
"358","codes","34503537","True"
"359","kinds","34482138","True"
"360","teams","34383288","True"
"361","funny","34281806","True"
"362","tried","34201786","True"
"363","named","34099544","True"
"364","laser","34080740","True"
"365","harry","33867934","True"
"366","taxes","33674672","True"
"367","mouse","33667003","True"
"368","brain","33612784","True"
"369","dream","33518573","True"
"370","false","33476460","True"
"371","falls","33213513","True"
"372","stats","33096627","True"
"373","carry","33056477","True"
"374","hello","32960381","True"
"375","clips","32846497","True"
"376","brief","32599674","True"
"377","ended","32588866","True"
"378","eight","32567724","True"
"379","wants","32538214","True"
"380","alert","32472727","True"
"381","queen","32366847","True"
"382","sweet","32311923","True"
"383","diego","32238555","False"
"384","truck","32136249","True"
"385","votes","32059663","True"
"386","ocean","31928741","True"
"387","signs","31899467","True"
"388","depth","31879926","True"
"389","train","31816971","True"
"390","feeds","31593736","True"
"391","route","31439231","True"
"392","frank","31392284","True"
"393","anime","31334688","True"
"394","speak","31324712","True"
"395","query","31284313","True"
"396","rural","30998929","True"
"397","judge","30905832","True"
"398","bytes","30848384","True"
"399","fight","30784313","True"
"400","filed","30718907","True"
"401","korea","30582894","False"
"402","banks","30582183","True"
"403","kelly","30510238","True"
"404","leads","30507300","True"
"405","brian","30060564","False"
"406","miami","29904805","False"
"407","wales","29821525","True"
"408","noted","29754565","True"
"409","spent","29719451","True"
"410","davis","29689352","False"
"411","helps","29607993","True"
"412","cycle","29585286","True"
"413","sleep","29491537","True"
"414","scene","29372413","True"
"415","drink","29254937","True"
"416","intel","28995654","True"
"417","rings","28827859","True"
"418","henry","28769085","True"
"419","guess","28743465","True"
"420","ahead","28375319","True"
"421","devel","28152649","True"
"422","delta","28051872","True"
"423","cisco","27894293","True"
"424","alpha","27832836","True"
"425","bonus","27819488","True"
"426","adobe","27538755","True"
"427","trees","27378116","True"
"428","dress","27318959","True"
"429","refer","27099706","True"
"430","babes","27016030","True"
"431","layer","26912270","True"
"432","spend","26713310","True"
"433","clock","26624872","True"
"434","ratio","26457942","True"
"435","proof","26305059","True"
"436","empty","26206017","True"
"437","maine","26049821","False"
"438","ideal","26036289","True"
"439","specs","26029159","True"
"440","parks","25974927","True"
"441","cream","25898758","True"
"442","boxes","25787744","True"
"443","hills","25770218","True"
"444","aware","25700328","True"
"445","shape","25675227","True"
"446","irish","25658075","False"
"447","firms","25497302","True"
"448","usage","25440406","True"
"449","mixed","25395056","True"
"450","exist","25349128","True"
"451","wheel","25342937","True"
"452","angel","25294123","True"
"453","width","25182453","True"
"454","noise","25171520","True"
"455","array","25150016","True"
"456","greek","25059132","True"
"457","sharp","24904199","True"
"458","occur","24679212","True"
"459","coach","24514961","True"
"460","kevin","24511652","False"
"461","plate","24275560","True"
"462","logic","23989892","True"
"463","sizes","23751367","True"
"464","plain","23747230","True"
"465","costa","23702154","True"
"466","trail","23648838","True"
"467","buddy","23611087","True"
"468","setup","23534848","True"
"469","blues","23387172","True"
"470","scope","23349420","True"
"471","crazy","23032837","True"
"472","bears","22926868","True"
"473","mouth","22880351","True"
"474","meter","22874915","True"
"475","fruit","22767191","True"
"476","lewis","22640158","True"
"477","sugar","22450333","True"
"478","stick","22399126","True"
"479","allen","22368068","False"
"480","genre","22344091","True"
"481","slide","22339084","True"
"482","exact","22304937","True"
"483","bound","22303643","True"
"484","micro","22219932","True"
"485","dolls","22065047","True"
"486","paint","21926890","True"
"487","delay","21911190","True"
"488","czech","21849930","False"
"489","novel","21821189","True"
"490","ultra","21795075","True"
"491","idaho","21791957","False"
"492","plays","21753930","True"
"493","lodge","21541130","True"
"494","boobs","21461250","True"
"495","broad","21370126","True"
"496","sarah","21321998","False"
"497","clark","21305891","False"
"498","foods","21150689","True"
"499","guard","21137924","True"
"500","newly","21102330","True"
"501","raise","21099943","True"
"502","drama","20939845","True"
"503","bands","20842378","True"
"504","lunch","20807419","True"
"505","dildo","20789655","True"
"506","audit","20786243","True"
"507","tower","20686918","True"
"508","jason","20616747","False"
"509","shell","20599318","True"
"510","solar","20423792","True"
"511","catch","20400979","True"
"512","doubt","20311261","True"
"513","tasks","20273373","True"
"514","const","20236664","False"
"515","doors","20229491","True"
"516","forth","20149609","True"
"517","bruce","19999866","False"
"518","twice","19945569","True"
"519","egypt","19926686","False"
"520","shift","19811555","True"
"521","marks","19747824","True"
"522","loved","19719299","True"
"523","birds","19693729","True"
"524","saved","19635976","True"
"525","shots","19611119","True"
"526","moore","19585613","False"
"527","treat","19442315","True"
"528","piano","19419956","True"
"529","teach","19079783","True"
"530","rapid","19070672","True"
"531","hairy","19060619","True"
"532","dutch","19000979","True"
"533","boots","18968708","True"
"534","holds","18963546","True"
"535","pulse","18893735","True"
"536","metro","18738665","True"
"537","pearl","18707334","True"
"538","penis","18478169","True"
"539","heads","18400524","True"
"540","logos","18366230","True"
"541","honda","18261029","True"
"542","bills","18248816","True"
"543","opera","18225169","True"
"544","asset","18178753","True"
"545","blank","18150537","True"
"546","humor","18085495","True"
"547","lived","18050710","True"
"548","tight","17981854","True"
"549","meant","17832930","True"
"550","plane","17799728","True"
"551","meets","17760399","True"
"552","tampa","17654589","False"
"553","grace","17642126","True"
"554","susan","17638870","False"
"555","adams","17620255","False"
"556","villa","17587586","True"
"557","inner","17552078","True"
"558","roman","17431193","True"
"559","taste","17311343","True"
"560","sides","17269191","True"
"561","cache","17250923","True"
"562","lease","17180592","True"
"563","proud","17167504","True"
"564","giant","17098874","True"
"565","seats","17070818","True"
"566","alarm","17059844","True"
"567","usual","17044981","True"
"568","angle","17016075","True"
"569","honor","16787246","True"
"570","eagle","16785232","True"
"571","pants","16774383","True"
"572","nurse","16772151","True"
"573","quiet","16746894","True"
"574","comic","16695850","True"
"575","crown","16651038","True"
"576","maker","16635947","True"
"577","crack","16633701","True"
"578","picks","16627992","True"
"579","smoke","16567733","True"
"580","craft","16528294","True"
"581","apart","16507181","True"
"582","blind","16485480","True"
"583","coins","16449733","True"
"584","gross","16440590","True"
"585","actor","16282891","True"
"586","finds","16280898","True"
"587","fifth","16255266","True"
"588","prize","16204739","True"
"589","dirty","16101662","True"
"590","wayne","16090093","False"
"591","alive","16064787","True"
"592","prove","16046788","True"
"593","wings","16044458","True"
"594","ridge","15993437","True"
"595","modem","15984492","True"
"596","larry","15900632","False"
"597","moves","15789001","True"
"598","throw","15751985","True"
"599","trend","15747018","True"
"600","busty","15705827","True"
"601","worse","15677739","True"
"602","boats","15600762","True"
"603","tells","15534490","True"
"604","fiber","15530318","True"
"605","graph","15526746","True"
"606","talks","15484166","True"
"607","bonds","15431252","True"
"608","fraud","15378751","True"
"609","roger","15353411","True"
"610","crash","15302627","True"
"611","inter","15269346","True"
"612","grove","15189493","True"
"613","spray","15148133","True"
"614","roads","15093621","True"
"615","faces","15050854","True"
"616","cocks","15043799","True"
"617","mayor","15030847","True"
"618","yield","15022494","True"
"619","hence","14992334","True"
"620","radar","14982375","True"
"621","lakes","14947463","True"
"622","diary","14922472","True"
"623","kings","14914273","True"
"624","flags","14870655","True"
"625","baker","14862470","True"
"626","shock","14850388","True"
"627","walls","14837851","True"
"628","ebony","14831025","True"
"629","drawn","14827380","True"
"630","beast","14787561","True"
"631","dodge","14768509","True"
"632","pizza","14763787","True"
"633","yards","14733347","True"
"634","woods","14647735","True"
"635","jokes","14622894","True"
"636","globe","14554904","True"
"637","kerry","14514771","True"
"638","ghost","14490042","True"
"639","pride","14428078","True"
"640","keith","14391094","False"
"641","linda","14380554","False"
"642","chile","14372798","True"
"643","maria","14347893","True"
"644","brass","14298573","True"
"645","plaza","14274314","True"
"646","quest","14258533","True"
"647","trans","14243681","True"
"648","booty","14218854","True"
"649","acres","14208905","True"
"650","venue","14204074","True"
"651","vital","14166642","True"
"652","excel","14133468","True"
"653","modes","14131325","True"
"654","enemy","14084182","True"
"655","wells","14073676","True"
"656","opens","14070477","True"
"657","lucky","14053901","True"
"658","thick","14030556","True"
"659","iraqi","13999381","False"
"660","vista","13991160","True"
"661","chips","13982676","True"
"662","terry","13981773","True"
"663","flood","13979267","True"
"664","arena","13966572","True"
"665","grown","13931521","True"
"666","jerry","13908229","True"
"667","smile","13893537","True"
"668","lands","13891179","True"
"669","armed","13866785","True"
"670","laura","13801282","True"
"671","candy","13772033","True"
"672","tiger","13763074","True"
"673","folks","13760930","True"
"674","balls","13683840","True"
"675","boost","13675076","True"
"676","icons","13649671","True"
"677","moral","13643598","True"
"678","keeps","13624468","True"
"679","pound","13620117","True"
"680","roses","13584758","True"
"681","bread","13575360","True"
"682","tough","13560922","True"
"683","gonna","13542156","True"
"684","chest","13516414","True"
"685","billy","13515249","True"
"686","craig","13480763","True"
"687","solve","13452150","True"
"688","nancy","13381057","True"
"689","tones","13373535","True"
"690","sight","13360499","True"
"691","reads","13174104","True"
"692","roles","13171507","True"
"693","glory","13158826","True"
"694","saudi","13123149","False"
"695","fault","13112664","True"
"696","karen","13067717","False"
"697","rugby","12992179","True"
"698","fluid","12943336","True"
"699","barry","12921548","True"
"700","devil","12869511","True"
"701","grass","12868953","True"
"702","marie","12862466","False"
"703","kenya","12839981","False"
"704","sized","12775596","True"
"705","manga","12774174","True"
"706","theft","12744763","True"
"707","swing","12734467","True"
"708","dated","12707511","True"
"709","shoot","12695618","True"
"710","elite","12673836","True"
"711","poems","12662561","True"
"712","robot","12656312","True"
"713","winds","12628386","True"
"714","gnome","12609820","True"
"715","noble","12604679","True"
"716","shore","12568485","True"
"717","loves","12566621","True"
"718","loose","12556710","True"
"719","rocks","12427428","True"
"720","genes","12396954","True"
"721","horny","12363955","True"
"722","hosts","12228736","True"
"723","atlas","12221120","True"
"724","feels","12212683","True"
"725","ralph","12190683","True"
"726","corps","12150135","True"
"727","liver","12139363","True"
"728","decor","12098868","True"
"729","texts","12095723","True"
"730","evans","12020970","False"
"731","fails","12015364","True"
"732","aging","12014007","True"
"733","alice","11994061","False"
"734","clerk","11923960","True"
"735","jeans","11896655","True"
"736","fonts","11884559","True"
"737","favor","11867822","True"
"738","sigma","11864409","True"
"739","aside","11768649","True"
"740","essay","11750312","True"
"741","camps","11712039","True"
"742","aaron","11698784","False"
"743","trace","11697252","True"
"744","packs","11683277","True"
"745","spoke","11577917","True"
"746","arrow","11563142","True"
"747","rough","11557184","True"
"748","weird","11556427","True"
"749","holes","11529280","True"
"750","blade","11527988","True"
"751","meals","11515834","True"
"752","robin","11423944","True"
"753","strap","11414669","True"
"754","crowd","11409218","True"
"755","cloud","11337220","True"
"756","valve","11325360","True"
"757","knife","11297715","True"
"758","shelf","11287023","True"
"759","liked","11282738","True"
"760","adopt","11272339","True"
"761","outer","11245167","True"
"762","tales","11222332","True"
"763","islam","11214742","False"
"764","nodes","11208722","True"
"765","seeds","11196921","True"
"766","cited","11195944","True"
"767","tired","11158233","True"
"768","steam","11141309","True"
"769","acute","11128841","True"
"770","stood","11116275","True"
"771","carol","11109404","True"
"772","stack","11090579","True"
"773","curve","11071177","True"
"774","amber","11065507","True"
"775","waves","11006010","True"
"776","camel","11005001","True"
"777","lamps","11000656","True"
"778","juice","10973425","True"
"779","chase","10971945","True"
"780","sauce","10968629","True"
"781","beads","10825324","True"
"782","flows","10797166","True"
"783","fewer","10792786","True"
"784","voted","10746027","True"
"785","bikes","10740880","True"
"786","gates","10734618","True"
"787","slave","10692715","False"
"788","combo","10592758","True"
"789","haven","10569212","True"
"790","charm","10554644","True"
"791","basin","10544774","True"
"792","ranch","10539650","True"
"793","drunk","10519219","True"
"794","toner","10508427","True"
"795","latex","10502825","True"
"796","delhi","10491603","False"
"797","alien","10490554","True"
"798","broke","10460811","True"
"799","nepal","10459583","False"
"800","discs","10404995","True"
"801","rocky","10404321","True"
"802","fleet","10364423","True"
"803","bunch","10355431","True"
"804","cents","10301064","True"
"805","omega","10289113","True"
"806","civic","10283668","True"
"807","saver","10258158","True"
"808","grill","10254124","True"
"809","grain","10244623","True"
"810","wanna","10232302","True"
"811","seeks","10174194","True"
"812","gains","10137566","True"
"813","salon","10079006","True"
"814","turbo","10058686","True"
"815","thats","10034213","False"
"816","aimed","10030370","True"
"817","reset","10021033","True"
"818","brush","10018684","True"
"819","spare","10009522","True"
"820","kodak","10005470","False"
"821","honey","9978043","True"
"822","gauge","9952466","True"
"823","faced","9938155","True"
"824","sixth","9920054","True"
"825","farms","9908537","True"
"826","cheat","9903572","True"
"827","sandy","9897487","True"
"828","macro","9885853","True"
"829","laugh","9822471","True"
"830","pitch","9800556","True"
"831","autos","9798008","True"
"832","perry","9785838","True"
"833","dozen","9776227","True"
"834","teeth","9769437","True"
"835","cloth","9764137","True"
"836","stamp","9760468","True"
"837","cargo","9748668","True"
"838","salem","9735569","False"
"839","likes","9727733","True"
"840","tapes","9719559","True"
"841","zones","9719114","True"
"842","races","9715279","True"
"843","maple","9704551","True"
"844","depot","9688338","True"
"845","blend","9680982","True"
"846","julie","9674906","False"
"847","janet","9666108","False"
"848","probe","9643801","True"
"849","helen","9600641","False"
"850","debug","9581095","True"
"851","chuck","9574825","True"
"852","bingo","9539002","True"
"853","minds","9529696","True"
"854","leeds","9491065","False"
"855","cedar","9484993","True"
"856","blair","9463587","False"
"857","hopes","9462715","True"
"858","mason","9461838","True"
"859","burns","9460104","True"
"860","mario","9447559","False"
"861","pairs","9432115","True"
"862","chose","9409845","True"
"863","blast","9387171","True"
"864","brake","9321885","True"
"865","congo","9310976","True"
"866","olive","9298184","True"
"867","cyber","9289150","True"
"868","clone","9284578","True"
"869","dicks","9280692","True"
"870","relay","9275052","True"
"871","tears","9274206","True"
"872","oasis","9270498","True"
"873","angry","9267505","True"
"874","lover","9234545","True"
"875","malta","9212218","False"
"876","daddy","9211193","True"
"877","ferry","9208954","True"
"878","omaha","9193841","False"
"879","loads","9175948","True"
"880","motel","9170238","True"
"881","rally","9155530","True"
"882","dying","9123557","True"
"883","stuck","9120620","True"
"884","vocal","9082826","True"
"885","organ","9077449","True"
"886","lemon","9066930","True"
"887","toxic","9065369","True"
"888","bench","8992211","True"
"889","rider","8987802","True"
"890","butts","8968856","True"
"891","bobby","8964342","True"
"892","sheep","8962638","True"
"893","wines","8939582","True"
"894","salad","8923706","True"
"895","paste","8913055","True"
"896","katie","8878399","False"
"897","relax","8856944","True"
"898","sword","8835685","True"
"899","sells","8827377","True"
"900","coral","8818272","True"
"901","pixel","8813200","True"
"902","float","8808655","True"
"903","colin","8807299","True"
"904","paths","8806073","True"
"905","acids","8793940","True"
"906","dairy","8781961","True"
"907","admit","8780656","True"
"908","fancy","8777135","True"
"909","samoa","8775146","False"
"910","squad","8744772","True"
"911","wages","8737438","True"
"912","males","8708016","True"
"913","chaos","8690268","True"
"914","wheat","8685589","True"
"915","bases","8663363","True"
"916","bride","8650665","True"
"917","begun","8636352","True"
"918","socks","8632058","True"
"919","essex","8617835","False"
"920","fever","8582665","True"
"921","drums","8560748","True"
"922","rover","8537021","True"
"923","flame","8527495","True"
"924","tanks","8526525","True"
"925","spell","8506049","True"
"926","emily","8497262","False"
"927","annex","8465905","True"
"928","sudan","8447525","False"
"929","hints","8393784","True"
"930","wired","8371548","True"
"931","elvis","8369987","False"
"932","argue","8353605","True"
"933","arise","8337093","True"
"934","jamie","8330541","False"
"935","bitch","8302447","False"
"936","chess","8293823","True"
"937","oscar","8285553","True"
"938","menus","8283476","True"
"939","canal","8278196","True"
"940","amino","8273641","True"
"941","herbs","8271850","True"
"942","lying","8260845","True"
"943","drill","8248787","True"
"944","bryan","8247764","False"
"945","hobby","8237250","True"
"946","tries","8236889","True"
"947","trick","8208473","True"
"948","drops","8187657","True"
"949","wider","8186703","True"
"950","screw","8177263","True"
"951","blame","8170544","True"
"952","fifty","8133138","True"
"953","uncle","8127694","True"
"954","jacob","8114034","False"
"955","randy","8110369","True"
"956","brick","8094369","True"
"957","naval","8091649","True"
"958","donna","8058734","True"
"959","cabin","8052267","True"
"960","eddie","8038567","False"
"961","fired","8031937","True"
"962","syria","8013914","False"
"963","tires","8007166","True"
"964","retro","8000179","True"
"965","anger","7991036","True"
"966","glenn","7963817","False"
"967","handy","7936655","True"
"968","crops","7931319","True"
"969","guild","7923630","True"
"970","tribe","7890695","True"
"971","batch","7835050","True"
"972","alter","7831337","True"
"973","ghana","7826979","False"
"974","edges","7826115","True"
"975","amend","7806844","True"
"976","chick","7771502","True"
"977","thong","7747699","True"
"978","medal","7747036","True"
"979","walks","7744070","True"
"980","sucks","7743126","True"
"981","booth","7723310","True"
"982","bones","7717501","True"
"983","breed","7716901","True"
"984","polar","7715471","True"
"985","carey","7679924","False"
"986","danny","7664864","True"
"987","patio","7627536","True"
"988","lloyd","7624316","False"
"989","beans","7607524","True"
"990","snake","7606395","True"
"991","julia","7556335","False"
"992","berry","7551906","True"
"993","ought","7523238","True"
"994","fixes","7513516","True"
"995","sends","7512707","True"
"996","mazda","7509120","False"
"997","timer","7488669","True"
"998","tyler","7474964","True"
"999","verse","7469512","True"
"1000","highs","7468394","True"
"1001","ellen","7450956","False"
"1002","racks","7436380","True"
"1003","nasty","7434847","True"
"1004","watts","7423674","True"
"1005","forty","7415064","True"
"1006","tubes","7413309","True"
"1007","floyd","7401451","False"
"1008","queue","7398569","True"
"1009","exams","7364984","True"
"1010","welsh","7346867","True"
"1011","belly","7346354","True"
"1012","haiti","7332685","False"
"1013","elder","7299470","True"
"1014","sonic","7298920","True"
"1015","thumb","7284386","True"
"1016","ranks","7222499","True"
"1017","debut","7220643","True"
"1018","penny","7162062","True"
"1019","remix","7132676","True"
"1020","alias","7132147","True"
"1021","newer","7122879","True"
"1022","spice","7120274","True"
"1023","ascii","7108409","False"
"1024","donor","7096675","True"
"1025","trash","7092806","True"
"1026","manor","7084688","True"
"1027","diane","7081367","True"
"1028","disco","7067687","True"
"1029","milan","6999311","False"
"1030","shade","6996835","True"
"1031","digit","6991045","True"
"1032","lyric","6970278","True"
"1033","grave","6929008","True"
"1034","devon","6896016","True"
"1035","saves","6892635","True"
"1036","lobby","6887477","True"
"1037","punch","6872844","True"
"1038","gotta","6870320","True"
"1039","karma","6862407","True"
"1040","betty","6858121","True"
"1041","mardi","6842238","False"
"1042","shake","6839319","True"
"1043","holly","6834032","True"
"1044","mercy","6831149","True"
"1045","fence","6796605","True"
"1046","diana","6795021","False"
"1047","shame","6785296","True"
"1048","fatal","6779744","True"
"1049","flesh","6768724","True"
"1050","jesse","6744751","True"
"1051","qatar","6695603","False"
"1052","sheer","6684477","True"
"1053","witch","6671560","True"
"1054","cohen","6665722","True"
"1055","kathy","6661457","False"
"1056","smell","6642666","True"
"1057","satin","6620674","True"
"1058","tunes","6610108","True"
"1059","lucia","6571033","False"
"1060","nerve","6567418","True"
"1061","renew","6561081","True"
"1062","locks","6536771","True"
"1063","euros","6533754","True"
"1064","rebel","6527810","True"
"1065","hired","6526426","True"
"1066","hindu","6505867","False"
"1067","slope","6469975","True"
"1068","nails","6463889","True"
"1069","whats","6462263","True"
"1070","rides","6461201","True"
"1071","merit","6450895","True"
"1072","disks","6445126","True"
"1073","condo","6444848","True"
"1074","fairy","6435300","True"
"1075","shaft","6431372","True"
"1076","drain","6411642","True"
"1077","monte","6411384","True"
"1078","fires","6407259","True"
"1079","panic","6396440","True"
"1080","leone","6393163","True"
"1081","beats","6367861","True"
"1082","merry","6367037","True"
"1083","scuba","6366349","True"
"1084","verde","6352373","False"
"1085","dried","6331606","True"
"1086","derby","6319608","True"
"1087","annie","6267924","False"
"1088","derek","6266654","False"
"1089","steal","6257493","True"
"1090","fears","6244239","True"
"1091","tuner","6238319","True"
"1092","alike","6220739","True"
"1093","scout","6176157","True"
"1094","dealt","6174968","True"
"1095","bucks","6165133","True"
"1096","badge","6145138","True"
"1097","heath","6139151","True"
"1098","realm","6122762","True"
"1099","jenny","6118544","True"
"1100","yemen","6111610","False"
"1101","buses","6101027","True"
"1102","rouge","6084449","True"
"1103","yeast","6083904","True"
"1104","kenny","6065528","False"
"1105","singh","6049797","False"
"1106","brook","6044943","True"
"1107","wives","6031432","True"
"1108","xerox","6022102","True"
"1109","papua","6002552","False"
"1110","armor","6001844","True"
"1111","viral","5969493","True"
"1112","pipes","5966191","True"
"1113","laden","5964620","True"
"1114","merge","5961585","True"
"1115","edgar","5959034","False"
"1116","allan","5945293","False"
"1117","sperm","5944531","True"
"1118","craps","5943974","True"
"1119","frost","5940685","True"
"1120","sally","5933047","True"
"1121","yacht","5932756","True"
"1122","tracy","5931717","False"
"1123","whale","5928569","True"
"1124","shark","5904454","True"
"1125","grows","5899321","True"
"1126","cliff","5898886","True"
"1127","tract","5897046","True"
"1128","shine","5881862","True"
"1129","wendy","5873301","False"
"1130","ozone","5865280","True"
"1131","pasta","5855460","True"
"1132","serum","5854942","True"
"1133","swift","5850031","True"
"1134","focal","5844761","True"
"1135","samba","5838327","True"
"1136","wound","5820050","True"
"1137","belle","5820002","True"
"1138","cindy","5809307","False"
"1139","lined","5802278","True"
"1140","boxed","5778226","True"
"1141","cubic","5774261","True"
"1142","spies","5756937","True"
"1143","elect","5748899","True"
"1144","bunny","5730050","True"
"1145","chevy","5729809","True"
"1146","flyer","5718564","True"
"1147","baths","5707960","True"
"1148","climb","5697476","True"
"1149","dover","5683356","True"
"1150","token","5672353","True"
"1151","dylan","5656291","False"
"1152","belts","5651790","True"
"1153","burke","5646090","True"
"1154","clara","5633877","False"
"1155","flush","5625285","True"
"1156","hayes","5621719","False"
"1157","moses","5615802","True"
"1158","johns","5610302","True"
"1159","jewel","5603871","True"
"1160","teddy","5602073","True"
"1161","dryer","5592001","True"
"1162","ruled","5589851","True"
"1163","funky","5587279","True"
"1164","scary","5571680","True"
"1165","cakes","5565500","True"
"1166","mixer","5558245","True"
"1167","tooth","5551049","True"
"1168","stays","5547528","True"
"1169","drove","5545848","True"
"1170","upset","5544484","True"
"1171","mines","5542234","True"
"1172","logan","5539308","True"
"1173","lance","5509634","True"
"1174","colon","5494297","True"
"1175","lanes","5489762","True"
"1176","purse","5488891","True"
"1177","align","5478643","True"
"1178","bless","5477461","True"
"1179","crest","5477034","True"
"1180","alloy","5468839","True"
"1181","tulsa","5463904","False"
"1182","casey","5462971","False"
"1183","draws","5458448","True"
"1184","bloom","5456938","True"
"1185","surge","5436623","True"
"1186","spank","5416004","True"
"1187","vault","5408483","True"
"1188","wires","5401677","True"
"1189","mails","5397230","True"
"1190","blake","5393654","False"
"1191","orbit","5389062","True"
"1192","bacon","5385205","True"
"1193","spine","5370074","True"
"1194","fatty","5363547","True"
"1195","joyce","5353720","False"
"1196","marco","5331228","False"
"1197","isaac","5321504","False"
"1198","oxide","5321340","True"
"1199","badly","5290145","True"
"1200","scoop","5272369","True"
"1201","blink","5257629","True"
"1202","carlo","5253391","False"
"1203","tiles","5251527","True"
"1204","tamil","5245277","False"
"1205","fuzzy","5241931","True"
"1206","grams","5240826","True"
"1207","forge","5226805","True"
"1208","dense","5225392","True"
"1209","brave","5221356","True"
"1210","awful","5217370","True"
"1211","whore","5199489","False"
"1212","wagon","5198530","True"
"1213","knock","5196013","True"
"1214","peers","5188853","True"
"1215","notre","5174371","False"
"1216","mambo","5164902","True"
"1217","flour","5162842","True"
"1218","choir","5156247","True"
"1219","blond","5155053","True"
"1220","burst","5147573","True"
"1221","fibre","5134463","False"
"1222","daisy","5124326","True"
"1223","crude","5119129","True"
"1224","bored","5114852","True"
"1225","allah","5096394","False"
"1226","fares","5093799","True"
"1227","hoped","5086531","True"
"1228","safer","5085040","True"
"1229","marsh","5073104","True"
"1230","ricky","5071881","False"
"1231","theta","5070673","True"
"1232","stake","5061965","True"
"1233","arbor","5057261","True"
"1234","rifle","5047417","True"
"1235","bulbs","5028440","True"
"1236","waist","5013500","True"
"1237","sewer","5008805","True"
"1238","bosch","5007744","False"
"1239","romeo","4990395","True"
"1240","demos","4984806","True"
"1241","sided","4982500","True"
"1242","cuban","4974134","False"
"1243","resin","4966700","True"
"1244","linen","4960413","True"
"1245","seals","4958012","True"
"1246","decay","4956622","True"
"1247","usher","4948609","True"
"1248","skate","4932092","True"
"1249","lynch","4920597","False"
"1250","franc","4916960","True"
"1251","flats","4911343","True"
"1252","heels","4907543","True"
"1253","voter","4905374","True"
"1254","urine","4903932","True"
"1255","capri","4902351","True"
"1256","towel","4901668","True"
"1257","sears","4897480","True"
"1258","flies","4894680","True"
"1259","crane","4888961","True"
"1260","habit","4880657","True"
"1261","coupe","4874541","True"
"1262","benin","4874165","False"
"1263","lords","4862111","True"
"1264","tends","4861901","True"
"1265","spark","4842423","True"
"1266","spike","4833410","True"
"1267","tonga","4813052","True"
"1268","backs","4797208","True"
"1269","hunks","4776866","True"
"1270","libya","4775799","False"
"1271","sedan","4769270","True"
"1272","cares","4757269","True"
"1273","flora","4756211","True"
"1274","hardy","4748572","True"
"1275","bells","4743841","True"
"1276","denim","4737554","True"
"1277","andre","4737505","False"
"1278","buick","4731433","False"
"1279","doses","4717242","True"
"1280","baked","4716100","True"
"1281","glove","4714578","True"
"1282","plush","4692870","True"
"1283","weber","4692730","True"
"1284","nelly","4686900","True"
"1285","urged","4685830","True"
"1286","brent","4683680","True"
"1287","adapt","4675567","True"
"1288","fuels","4657731","True"
"1289","brett","4651730","False"
"1290","paula","4650017","False"
"1291","stern","4643592","True"
"1292","shawn","4642740","True"
"1293","idiot","4635830","True"
"1294","debit","4633794","True"
"1295","edits","4631228","True"
"1296","raven","4630541","True"
"1297","slice","4628779","True"
"1298","aspen","4626441","True"
"1299","lemma","4623172","True"
"1300","venus","4618752","True"
"1301","halls","4607236","True"
"1302","pause","4606318","True"
"1303","demon","4602331","True"
"1304","gabon","4595710","False"
"1305","asses","4583177","True"
"1306","couch","4581367","True"
"1307","downs","4578206","True"
"1308","rogue","4576302","True"
"1309","optic","4558869","True"
"1310","chili","4553187","True"
"1311","grief","4552843","True"
"1312","sweat","4551615","True"
"1313","masks","4548281","True"
"1314","celeb","4548138","True"
"1315","assoc","4545277","False"
"1316","quake","4544481","True"
"1317","alley","4541475","True"
"1318","twain","4530277","True"
"1319","boise","4529204","False"
"1320","buffy","4519674","True"
"1321","loyal","4498834","True"
"1322","renal","4494106","True"
"1323","spite","4493143","True"
"1324","chill","4489643","True"
"1325","liner","4486145","True"
"1326","lifts","4479565","True"
"1327","vivid","4479514","True"
"1328","acted","4468180","True"
"1329","byron","4463413","False"
"1330","riley","4443795","True"
"1331","ninja","4439780","True"
"1332","sands","4428127","True"
"1333","steak","4413680","True"
"1334","cobra","4412823","True"
"1335","threw","4410853","True"
"1336","walsh","4391300","False"
"1337","ninth","4390562","True"
"1338","marry","4388137","True"
"1339","atoms","4375988","True"
"1340","drake","4373046","True"
"1341","della","4365759","False"
"1342","rails","4364886","True"
"1343","fried","4364192","True"
"1344","cairo","4364029","False"
"1345","malls","4362513","True"
"1346","woody","4355633","True"
"1347","cried","4352198","True"
"1348","plugs","4333394","True"
"1349","coded","4330278","True"
"1350","supra","4329457","True"
"1351","franz","4321556","False"
"1352","palau","4315852","False"
"1353","rival","4298220","True"
"1354","beige","4288534","True"
"1355","homer","4281428","True"
"1356","gases","4277836","True"
"1357","genus","4275567","True"
"1358","debts","4259542","True"
"1359","myths","4253827","True"
"1360","knees","4250743","True"
"1361","poets","4248574","True"
"1362","woven","4248524","True"
"1363","pedro","4247791","True"
"1364","trent","4242725","False"
"1365","rigid","4240019","True"
"1366","salsa","4234056","True"
"1367","blown","4229918","True"
"1368","baton","4229776","True"
"1369","abbey","4224864","True"
"1370","bruno","4216245","False"
"1371","evite","4214149","True"
"1372","diets","4207940","True"
"1373","sauna","4202256","True"
"1374","bowls","4193933","True"
"1375","cruel","4180956","True"
"1376","eager","4175668","True"
"1377","chang","4168927","True"
"1378","feast","4166016","True"
"1379","ankle","4146793","True"
"1380","decks","4131188","True"
"1381","blunt","4129800","True"
"1382","react","4126376","True"
"1383","rises","4124482","True"
"1384","shane","4124234","False"
"1385","coats","4107452","True"
"1386","fairs","4091127","True"
"1387","flute","4090740","True"
"1388","hindi","4088627","False"
"1389","harsh","4087715","True"
"1390","burma","4082398","False"
"1391","cease","4081957","True"
"1392","poles","4074284","True"
"1393","jenna","4054943","False"
"1394","equip","4044391","True"
"1395","hedge","4041429","True"
"1396","curry","4029540","True"
"1397","dewey","4024315","False"
"1398","pouch","4023912","True"
"1399","hooks","4023408","True"
"1400","peaks","4011396","True"
"1401","didnt","4002254","False"
"1402","bombs","3999701","True"
"1403","niche","3999108","True"
"1404","cigar","3993843","True"
"1405","curse","3982181","True"
"1406","forex","3977390","True"
"1407","titan","3974407","True"
"1408","anita","3972924","False"
"1409","shout","3965861","True"
"1410","nudes","3964133","True"
"1411","straw","3958211","True"
"1412","reuse","3950428","True"
"1413","loses","3942953","True"
"1414","suede","3941313","True"
"1415","peach","3938068","True"
"1416","uncut","3929056","True"
"1417","stove","3914849","True"
"1418","freak","3908219","True"
"1419","bluff","3906671","True"
"1420","sadly","3905175","True"
"1421","avail","3902711","True"
"1422","hatch","3896261","True"
"1423","stein","3893544","True"
"1424","drift","3889505","True"
"1425","crisp","3880385","True"
"1426","scans","3877627","True"
"1427","onset","3858839","True"
"1428","assay","3855224","True"
"1429","leigh","3853134","False"
"1430","tents","3850460","True"
"1431","snack","3847152","True"
"1432","squid","3828491","True"
"1433","maxim","3820484","True"
"1434","slate","3813904","True"
"1435","pagan","3805644","True"
"1436","widow","3804620","True"
"1437","skies","3796788","True"
"1438","kicks","3792491","True"
"1439","canoe","3790795","True"
"1440","juicy","3778910","True"
"1441","moody","3776452","True"
"1442","pedal","3763705","True"
"1443","tuned","3761208","True"
"1444","mayer","3758894","False"
"1445","geoff","3757759","False"
"1446","scrap","3757085","True"
"1447","bella","3753635","False"
"1448","terra","3747696","True"
"1449","vapor","3744912","True"
"1450","aloud","3743858","True"
"1451","goose","3739382","True"
"1452","hydro","3725464","True"
"1453","playa","3723548","True"
"1454","abide","3722809","True"
"1455","bliss","3708978","True"
"1456","parse","3698919","True"
"1457","jelly","3698541","True"
"1458","mania","3688699","True"
"1459","edwin","3688662","False"
"1460","clare","3687106","False"
"1461","bolts","3682849","True"
"1462","typed","3681027","True"
"1463","satan","3653674","False"
"1464","cheer","3648929","True"
"1465","marty","3646752","False"
"1466","clamp","3639509","True"
"1467","grape","3638159","True"
"1468","deeds","3636121","True"
"1469","traps","3628684","True"
"1470","racer","3625077","True"
"1471","guilt","3623942","True"
"1472","sweep","3623863","True"
"1473","doyle","3618714","False"
"1474","ducks","3618693","True"
"1475","vince","3616647","False"
"1476","param","3613208","False"
"1477","lunar","3611744","True"
"1478","posed","3604888","True"
"1479","forks","3592612","True"
"1480","boxer","3592432","True"
"1481","weigh","3587993","True"
"1482","rodeo","3587192","True"
"1483","moose","3581329","True"
"1484","crush","3576348","True"
"1485","cathy","3575710","False"
"1486","lever","3566558","True"
"1487","tasty","3565676","True"
"1488","rants","3561826","True"
"1489","tarot","3561389","True"
"1490","carts","3559795","True"
"1491","cocoa","3557169","True"
"1492","mixes","3552046","True"
"1493","panty","3546636","True"
"1494","bulls","3540837","True"
"1495","hurry","3536968","True"
"1496","clash","3531117","True"
"1497","biker","3530897","True"
"1498","stain","3512824","True"
"1499","reign","3505605","True"
"1500","baron","3504549","True"
"1501","bates","3503755","True"
"1502","stiff","3492842","True"
"1503","rabbi","3488700","True"
"1504","sushi","3488691","True"
"1505","puffy","3488647","True"
"1506","elbow","3484326","True"
"1507","stark","3479265","True"
"1508","circa","3475462","True"
"1509","razor","3451657","True"
"1510","cough","3451640","True"
"1511","tibet","3443821","False"
"1512","isles","3443470","True"
"1513","ovens","3443150","True"
"1514","inlet","3433125","True"
"1515","bronx","3430081","False"
"1516","gloss","3426618","True"
"1517","panda","3424825","True"
"1518","porch","3420626","True"
"1519","eaten","3412832","True"
"1520","steep","3399504","True"
"1521","dinar","3399128","True"
"1522","creed","3398609","True"
"1523","carat","3398374","True"
"1524","nobel","3397169","False"
"1525","faxes","3386604","True"
"1526","midst","3381410","True"
"1527","borne","3379421","True"
"1528","tempo","3372997","True"
"1529","torch","3360286","True"
"1530","lohan","3352800","True"
"1531","hacks","3348166","True"
"1532","attic","3347389","True"
"1533","piper","3346631","True"
"1534","stems","3336905","True"
"1535","avery","3318822","False"
"1536","tenth","3317039","True"
"1537","desks","3315227","True"
"1538","aided","3314916","True"
"1539","cutie","3305791","True"
"1540","notch","3302495","True"
"1541","seoul","3297895","False"
"1542","lacks","3296569","True"
"1543","bowie","3287191","True"
"1544","poses","3280246","True"
"1545","scent","3277212","True"
"1546","akron","3270629","False"
"1547","fines","3270544","True"
"1548","grasp","3270025","True"
"1549","ounce","3268355","True"
"1550","toast","3262695","True"
"1551","quota","3245515","True"
"1552","versa","3244429","False"
"1553","starr","3240045","True"
"1554","jumbo","3237095","True"
"1555","maths","3231878","True"
"1556","flint","3230800","True"
"1557","dummy","3230609","True"
"1558","awake","3230337","True"
"1559","burnt","3221640","True"
"1560","studs","3215366","True"
"1561","roast","3205415","True"
"1562","petty","3195594","True"
"1563","felix","3192747","False"
"1564","shiny","3192674","True"
"1565","smash","3192001","True"
"1566","ample","3187842","True"
"1567","scarf","3181107","True"
"1568","hated","3173792","True"
"1569","spicy","3170817","True"
"1570","fools","3167945","True"
"1571","beard","3166516","True"
"1572","wedge","3162851","True"
"1573","peggy","3160922","True"
"1574","denis","3155542","True"
"1575","hyper","3153749","True"
"1576","cites","3151464","True"
"1577","gamer","3144985","True"
"1578","savvy","3140230","True"
"1579","terri","3137162","False"
"1580","silva","3132617","True"
"1581","prima","3131523","True"
"1582","fetal","3127968","True"
"1583","palms","3127466","True"
"1584","chord","3123447","True"
"1585","hawks","3117529","True"
"1586","comet","3116034","True"
"1587","erase","3086642","True"
"1588","bites","3086130","True"
"1589","prose","3085898","True"
"1590","swear","3082372","True"
"1591","intra","3081776","True"
"1592","clown","3081501","True"
"1593","taboo","3079923","True"
"1594","dwarf","3072068","True"
"1595","pines","3062800","True"
"1596","fucks","3058134","True"
"1597","urges","3054809","True"
"1598","codec","3048388","True"
"1599","pablo","3042285","False"
"1600","beams","3032813","True"
"1601","dough","3032657","True"
"1602","welch","3031408","True"
"1603","boone","3027314","False"
"1604","horde","3026646","True"
"1605","nanny","3025474","True"
"1606","roach","3017586","True"
"1607","angus","3016497","False"
"1608","ashes","3011008","True"
"1609","natal","3010028","True"
"1610","locus","3009222","True"
"1611","prone","3001079","True"
"1612","clues","2988321","True"
"1613","crews","2986282","True"
"1614","timed","2978189","True"
"1615","scare","2972708","True"
"1616","thief","2970770","True"
"1617","motif","2961524","True"
"1618","hurts","2956264","True"
"1619","sofia","2954155","False"
"1620","spear","2942538","True"
"1621","nigel","2942111","False"
"1622","blanc","2937810","False"
"1623","birch","2936180","True"
"1624","slash","2935535","True"
"1625","mikes","2933878","True"
"1626","stacy","2924335","False"
"1627","helix","2921411","True"
"1628","dixie","2920964","True"
"1629","shook","2917411","True"
"1630","matte","2909215","True"
"1631","heidi","2908650","False"
"1632","zebra","2902469","True"
"1633","fetch","2897593","True"
"1634","unite","2888724","True"
"1635","shear","2886210","True"
"1636","ponds","2882178","True"
"1637","mates","2878121","True"
"1638","avian","2877167","True"
"1639","visas","2876354","True"
"1640","champ","2867858","True"
"1641","recap","2861982","True"
"1642","crawl","2859784","True"
"1643","flaws","2856172","True"
"1644","hazel","2841268","True"
"1645","messy","2833021","True"
"1646","rupee","2831536","True"
"1647","irene","2830387","False"
"1648","lungs","2828099","True"
"1649","vinci","2825779","False"
"1650","jacks","2818856","True"
"1651","stole","2814273","True"
"1652","kirby","2813914","True"
"1653","quasi","2804115","True"
"1654","exile","2801261","True"
"1655","anglo","2798286","True"
"1656","anton","2794807","False"
"1657","kappa","2793667","True"
"1658","vague","2783775","True"
"1659","wraps","2781569","True"
"1660","warns","2775722","True"
"1661","sting","2773263","True"
"1662","bravo","2772503","True"
"1663","liter","2768775","True"
"1664","nicht","2762565","True"
"1665","basil","2757419","True"
"1666","paced","2755521","True"
"1667","giles","2741044","False"
"1668","shack","2739743","True"
"1669","sleek","2734565","True"
"1670","ariel","2731662","True"
"1671","cafes","2730706","True"
"1672","hitch","2730000","True"
"1673","nexus","2728391","True"
"1674","tango","2727306","True"
"1675","ernst","2726438","False"
"1676","sings","2723225","True"
"1677","carte","2722336","True"
"1678","queer","2717979","True"
"1679","pains","2717960","True"
"1680","ahmed","2715850","False"
"1681","comma","2711522","True"
"1682","geeks","2710575","True"
"1683","avant","2710283","True"
"1684","torah","2698722","True"
"1685","freed","2683280","True"
"1686","cheek","2681029","True"
"1687","lasts","2678667","True"
"1688","bowel","2666510","True"
"1689","chats","2666432","True"
"1690","mafia","2666020","True"
"1691","shire","2665081","True"
"1692","scams","2662588","True"
"1693","lipid","2662396","True"
"1694","clyde","2658680","False"
"1695","mains","2652029","True"
"1696","rests","2645136","True"
"1697","vegan","2642418","True"
"1698","groom","2637912","True"
"1699","weeds","2634421","True"
"1700","beers","2633610","True"
"1701","clive","2633530","False"
"1702","darby","2631164","False"
"1703","fills","2630389","True"
"1704","grips","2629556","True"
"1705","kayak","2628993","True"
"1706","altar","2627835","True"
"1707","gears","2626927","True"
"1708","risen","2619862","True"
"1709","rhino","2619135","True"
"1710","ruler","2615554","True"
"1711","swept","2612095","True"
"1712","arose","2609029","True"
"1713","becky","2606971","False"
"1714","klaus","2604818","False"
"1715","hogan","2600534","True"
"1716","corey","2588392","True"
"1717","trays","2586701","True"
"1718","flock","2585098","True"
"1719","chung","2584176","False"
"1720","boris","2582954","False"
"1721","shave","2580057","True"
"1722","swamp","2575587","True"
"1723","faint","2565744","True"
"1724","gland","2561362","True"
"1725","blows","2556663","True"
"1726","stoke","2552684","True"
"1727","nasal","2536094","True"
"1728","loser","2529180","True"
"1729","claus","2528018","False"
"1730","femme","2521124","True"
"1731","siege","2518421","True"
"1732","tyres","2510350","True"
"1733","butte","2505600","True"
"1734","hicks","2503430","True"
"1735","pratt","2503054","True"
"1736","chalk","2498505","True"
"1737","negro","2489080","True"
"1738","wrath","2486700","True"
"1739","grind","2482307","True"
"1740","clint","2481872","True"
"1741","blitz","2476009","True"
"1742","osaka","2472838","False"
"1743","jorge","2471105","False"
"1744","cooks","2470395","True"
"1745","rainy","2469088","True"
"1746","mitch","2464162","True"
"1747","viola","2458792","True"
"1748","diver","2452406","True"
"1749","blaze","2448412","True"
"1750","wreck","2447935","True"
"1751","sammy","2447628","True"
"1752","arabs","2444955","False"
"1753","brock","2441409","True"
"1754","hoops","2438525","True"
"1755","macon","2437697","True"
"1756","lynne","2437544","False"
"1757","chloe","2434045","False"
"1758","horns","2427037","True"
"1759","kylie","2415779","True"
"1760","naomi","2413747","False"
"1761","clair","2410656","False"
"1762","crete","2409700","False"
"1763","damon","2401346","False"
"1764","owing","2399321","True"
"1765","benny","2393928","True"
"1766","annum","2390404","False"
"1767","roche","2384778","False"
"1768","ropes","2384639","True"
"1769","morse","2382036","True"
"1770","cords","2380982","True"
"1771","ditch","2373753","True"
"1772","slick","2372634","True"
"1773","chunk","2371231","True"
"1774","reels","2371017","True"
"1775","slept","2370802","True"
"1776","gregg","2370023","False"
"1777","waits","2362199","True"
"1778","tenor","2361385","True"
"1779","scrub","2360299","True"
"1780","cello","2358848","True"
"1781","caves","2355316","True"
"1782","cocos","2354000","True"
"1783","metre","2350745","True"
"1784","topaz","2348935","True"
"1785","soaps","2347810","True"
"1786","dusty","2339959","True"
"1787","patty","2339693","True"
"1788","crate","2336818","True"
"1789","cared","2333049","True"
"1790","beech","2327119","True"
"1791","frogs","2326307","True"
"1792","agnes","2322429","False"
"1793","maori","2321308","False"
"1794","tense","2320926","True"
"1795","moran","2312457","False"
"1796","decal","2311933","True"
"1797","temps","2309859","True"
"1798","fritz","2309089","True"
"1799","mover","2309084","True"
"1800","erica","2307054","True"
"1801","betsy","2299580","False"
"1802","fauna","2298940","True"
"1803","ortho","2295530","True"
"1804","eliza","2292065","False"
"1805","darts","2290842","True"
"1806","tails","2287798","True"
"1807","hangs","2287111","True"
"1808","quark","2286617","True"
"1809","dolce","2283881","True"
"1810","veins","2282346","True"
"1811","folds","2282227","True"
"1812","angie","2281695","False"
"1813","sneak","2280877","True"
"1814","octet","2280607","True"
"1815","mccoy","2278977","False"
"1816","edith","2271217","False"
"1817","magna","2269919","False"
"1818","tidal","2268649","True"
"1819","jules","2268604","False"
"1820","ernie","2268175","False"
"1821","crust","2267452","True"
"1822","dolly","2266400","True"
"1823","miner","2264812","True"
"1824","cecil","2262884","False"
"1825","cajun","2262690","True"
"1826","diner","2261961","True"
"1827","mound","2259654","True"
"1828","ethan","2256315","False"
"1829","reese","2252849","False"
"1830","chefs","2252629","True"
"1831","scion","2245350","True"
"1832","hoods","2240850","True"
"1833","jared","2240128","False"
"1834","wears","2237421","True"
"1835","regal","2236787","True"
"1836","alvin","2232995","False"
"1837","curly","2231026","True"
"1838","hound","2228633","True"
"1839","wharf","2226856","True"
"1840","flick","2226500","True"
"1841","datum","2226219","True"
"1842","maize","2222076","True"
"1843","banff","2221531","False"
"1844","psalm","2220027","True"
"1845","gowns","2217657","True"
"1846","leaks","2214133","True"
"1847","swell","2213445","True"
"1848","ville","2213387","False"
"1849","chico","2212526","True"
"1850","levin","2202321","True"
"1851","amiga","2201683","True"
"1852","viper","2201559","True"
"1853","gypsy","2201227","True"
"1854","litre","2195204","True"
"1855","binds","2193939","True"
"1856","flare","2190533","True"
"1857","wight","2190271","True"
"1858","crank","2185208","True"
"1859","goats","2184919","True"
"1860","rains","2183544","True"
"1861","brace","2182960","True"
"1862","ryder","2181395","False"
"1863","garth","2176273","True"
"1864","paolo","2174306","True"
"1865","argus","2172332","True"
"1866","mango","2171900","True"
"1867","thigh","2171107","True"
"1868","meats","2168286","True"
"1869","windy","2162674","True"
"1870","alamo","2162395","True"
"1871","steer","2159937","True"
"1872","vogue","2159792","True"
"1873","aired","2159611","True"
"1874","vodka","2155662","True"
"1875","zaire","2154891","True"
"1876","sakai","2152556","True"
"1877","knobs","2151258","True"
"1878","salts","2144773","True"
"1879","trina","2140397","False"
"1880","pests","2136804","True"
"1881","entre","2134677","False"
"1882","doris","2132988","True"
"1883","petit","2120813","True"
"1884","fries","2119656","True"
"1885","saxon","2118651","False"
"1886","stall","2114252","True"
"1887","serif","2109334","True"
"1888","aloha","2099181","True"
"1889","utter","2096533","True"
"1890","rents","2094682","True"
"1891","cater","2092828","True"
"1892","colts","2092808","True"
"1893","dunes","2088285","True"
"1894","pinch","2082769","True"
"1895","filth","2077997","True"
"1896","kraft","2076875","True"
"1897","algae","2068644","True"
"1898","shady","2059463","True"
"1899","erect","2057313","True"
"1900","vests","2056167","True"
"1901","lydia","2055299","False"
"1902","valet","2052690","True"
"1903","cheng","2052211","False"
"1904","eliot","2049290","False"
"1905","jihad","2048833","True"
"1906","jonah","2042513","False"
"1907","raped","2040735","True"
"1908","sloan","2040295","True"
"1909","plato","2039668","False"
"1910","palma","2035402","False"
"1911","taxis","2034449","True"
"1912","hates","2034161","True"
"1913","hague","2027435","False"
"1914","tammy","2025634","True"
"1915","madam","2023575","True"
"1916","libby","2019919","False"
"1917","tease","2019275","True"
"1918","aroma","2018777","True"
"1919","rowan","2014844","True"
"1920","dwell","2014411","True"
"1921","stair","2012524","True"
"1922","quart","2002127","True"
"1923","bison","2002028","True"
"1924","fungi","2000715","True"
"1925","greed","1997460","True"
"1926","bleed","1989071","True"
"1927","incur","1984112","True"
"1928","tempe","1984024","False"
"1929","cores","1983675","True"
"1930","nifty","1981740","True"
"1931","infos","1980341","True"
"1932","dukes","1971678","True"
"1933","fudge","1969555","True"
"1934","homme","1967874","True"
"1935","weave","1965230","True"
"1936","vicki","1965107","False"
"1937","exits","1963047","True"
"1938","siena","1962358","False"
"1939","dante","1961656","False"
"1940","cured","1955657","True"
"1941","buggy","1955438","True"
"1942","recon","1955124","True"
"1943","slack","1954286","True"
"1944","vines","1952255","True"
"1945","gorge","1950264","True"
"1946","liens","1947603","True"
"1947","jonas","1943585","False"
"1948","cages","1943021","True"
"1949","pager","1942889","True"
"1950","banjo","1940675","True"
"1951","duane","1939079","False"
"1952","hanna","1937669","False"
"1953","pepsi","1933586","True"
"1954","stare","1925618","True"
"1955","flair","1924190","True"
"1956","aisle","1917319","True"
"1957","dunno","1917052","True"
"1958","limbs","1916350","True"
"1959","paved","1914582","True"
"1960","scots","1911314","True"
"1961","seize","1908868","True"
"1962","spawn","1908837","True"
"1963","epoxy","1908076","True"
"1964","punta","1904881","False"
"1965","crypt","1904607","True"
"1966","bogus","1903710","True"
"1967","faded","1899648","True"
"1968","mobil","1899550","False"
"1969","tying","1898217","True"
"1970","diode","1897828","True"
"1971","johan","1896738","False"
"1972","rubin","1889443","True"
"1973","alain","1888792","False"
"1974","deter","1887521","True"
"1975","furry","1887389","True"
"1976","cubes","1887321","True"
"1977","rinse","1885846","True"
"1978","tides","1884762","True"
"1979","venom","1883158","True"
"1980","cries","1878107","True"
"1981","ether","1877315","True"
"1982","sheds","1874143","True"
"1983","sofas","1871940","True"
"1984","boing","1870671","True"
"1985","terre","1868063","False"
"1986","haute","1863024","True"
"1987","wacky","1861879","True"
"1988","muddy","1860188","True"
"1989","shalt","1854326","True"
"1990","naive","1848489","True"
"1991","hires","1845244","True"
"1992","tanya","1843045","False"
"1993","folio","1842202","True"
"1994","barre","1839524","True"
"1995","fiery","1838655","True"
"1996","fakes","1833800","True"
"1997","emule","1826567","True"
"1998","acorn","1825652","True"
"1999","basal","1821739","True"
"2000","flirt","1817719","True"
"2001","slang","1817718","True"
"2002","finch","1816047","True"
"2003","largo","1814464","True"
"2004","tally","1812605","True"
"2005","creep","1811981","True"
"2006","agile","1808955","True"
"2007","sacks","1808394","True"
"2008","ionic","1808092","True"
"2009","stray","1807545","True"
"2010","forte","1795408","True"
"2011","hanoi","1792996","False"
"2012","waive","1789027","True"
"2013","vance","1788288","False"
"2014","greet","1784219","True"
"2015","lymph","1781845","True"
"2016","bryce","1778157","False"
"2017","latch","1777882","True"
"2018","verbs","1777489","True"
"2019","drank","1777243","True"
"2020","santo","1772980","True"
"2021","ramon","1768774","False"
"2022","dansk","1767344","False"
"2023","grabs","1763328","True"
"2024","wards","1759766","True"
"2025","hinge","1758893","True"
"2026","faire","1756290","False"
"2027","emory","1755002","False"
"2028","maven","1754819","True"
"2029","vitae","1754634","True"
"2030","hertz","1752925","True"
"2031","flown","1749635","True"
"2032","micah","1747263","False"
"2033","repay","1746487","True"
"2034","await","1745587","True"
"2035","fetus","1744267","True"
"2036","cider","1743446","True"
"2037","gangs","1743105","True"
"2038","lenny","1742017","False"
"2039","percy","1738888","False"
"2040","lilac","1738684","True"
"2041","hears","1737280","True"
"2042","huron","1733830","False"
"2043","glide","1731344","True"
"2044","creme","1724183","True"
"2045","waltz","1723021","True"
"2046","blush","1722003","True"
"2047","monde","1721758","True"
"2048","malay","1719249","False"
"2049","modal","1718570","True"
"2050","cadet","1717624","True"
"2051","loren","1716418","False"
"2052","opted","1708067","True"
"2053","tweak","1705761","True"
"2054","trait","1705417","True"
"2055","eater","1702828","True"
"2056","cyrus","1700817","False"
"2057","hides","1700672","True"
"2058","layup","1695143","True"
"2059","nazis","1694605","True"
"2060","piles","1694029","True"
"2061","bezel","1692595","True"
"2062","havoc","1692191","True"
"2063","sling","1688770","True"
"2064","axial","1685087","True"
"2065","epoch","1680235","True"
"2066","plaid","1679093","True"
"2067","fable","1678751","True"
"2068","scars","1677547","True"
"2069","susie","1677048","False"
"2070","pesos","1676404","True"
"2071","spans","1675632","True"
"2072","obese","1673406","True"
"2073","sober","1672710","True"
"2074","tread","1672572","True"
"2075","wigan","1670281","True"
"2076","paddy","1668962","True"
"2077","norma","1665222","True"
"2078","mondo","1664921","True"
"2079","otter","1662335","True"
"2080","earns","1661937","True"
"2081","sassy","1657970","True"
"2082","vases","1657182","True"
"2083","garde","1655823","False"
"2084","aries","1651320","False"
"2085","ramps","1651245","True"
"2086","dread","1649823","True"
"2087","casts","1645690","True"
"2088","heinz","1643518","False"
"2089","argos","1643473","False"
"2090","needy","1636137","True"
"2091","reich","1633237","False"
"2092","weary","1632945","True"
"2093","tweed","1631867","True"
"2094","genie","1627726","True"
"2095","chars","1627316","True"
"2096","fined","1620321","True"
"2097","apron","1617357","True"
"2098","aides","1614522","True"
"2099","forma","1614466","False"
"2100","momma","1609120","True"
"2101","sexes","1608110","True"
"2102","husky","1606901","True"
"2103","bland","1606490","True"
"2104","ching","1605671","True"
"2105","elmer","1601986","False"
"2106","sails","1601569","True"
"2107","robes","1600721","True"
"2108","adept","1595303","True"
"2109","mckay","1591040","False"
"2110","kudos","1589906","True"
"2111","krona","1585436","True"
"2112","puget","1584283","False"
"2113","ester","1581770","True"
"2114","servo","1581719","True"
"2115","snail","1580640","True"
"2116","jaime","1580471","False"
"2117","sutra","1580071","True"
"2118","mower","1579636","True"
"2119","swine","1578713","True"
"2120","heron","1576813","True"
"2121","graft","1576259","True"
"2122","envoy","1574245","True"
"2123","clans","1570521","True"
"2124","abort","1569892","True"
"2125","edged","1568009","True"
"2126","duvet","1567578","True"
"2127","spade","1567565","True"
"2128","glare","1567097","True"
"2129","grids","1562935","True"
"2130","facto","1560335","False"
"2131","haiku","1557648","True"
"2132","wafer","1554217","True"
"2133","stash","1553737","True"
"2134","roofs","1553687","True"
"2135","reefs","1553553","True"
"2136","semen","1553302","True"
"2137","hover","1553261","True"
"2138","molds","1552621","True"
"2139","elias","1552410","False"
"2140","genoa","1548016","True"
"2141","leafs","1545582","True"
"2142","agony","1543205","True"
"2143","parte","1541532","False"
"2144","lacey","1539328","True"
"2145","cones","1538688","True"
"2146","taxed","1537786","True"
"2147","gator","1536519","True"
"2148","walla","1535192","True"
"2149","taped","1534342","True"
"2150","docks","1534076","True"
"2151","bully","1532418","True"
"2152","shure","1531591","False"
"2153","rhyme","1530733","True"
"2154","patel","1528841","False"
"2155","iconv","1522476","False"
"2156","vicky","1521949","False"
"2157","triad","1519533","True"
"2158","fitch","1518593","True"
"2159","cameo","1517437","True"
"2160","leach","1516929","True"
"2161","fanny","1516099","True"
"2162","combs","1515329","True"
"2163","macao","1512986","False"
"2164","snaps","1512455","True"
"2165","hurst","1509915","True"
"2166","coils","1503707","True"
"2167","navel","1503077","True"
"2168","bumps","1501221","True"
"2169","sable","1501050","True"
"2170","annoy","1497815","True"
"2171","axiom","1495473","True"
"2172","aztec","1494241","False"
"2173","vents","1493908","True"
"2174","mater","1493901","True"
"2175","humps","1492758","True"
"2176","joker","1492319","True"
"2177","hikes","1491709","True"
"2178","wiped","1491628","True"
"2179","tudor","1490389","False"
"2180","heirs","1489908","True"
"2181","cures","1489176","True"
"2182","duffy","1487687","False"
"2183","freud","1486467","False"
"2184","brink","1484879","True"
"2185","khaki","1481504","True"
"2186","mould","1479845","True"
"2187","gimme","1471759","True"
"2188","erika","1471358","False"
"2189","croft","1468213","True"
"2190","penal","1467202","True"
"2191","cowan","1463253","True"
"2192","lapse","1459542","True"
"2193","wally","1459126","True"
"2194","shrub","1458217","True"
"2195","finer","1455912","True"
"2196","smack","1451860","True"
"2197","cloak","1450056","True"
"2198","manic","1448525","True"
"2199","choke","1448146","True"
"2200","gravy","1441099","True"
"2201","payer","1439009","True"
"2202","abbas","1437558","True"
"2203","moods","1437510","True"
"2204","glaze","1431525","True"
"2205","salle","1426680","True"
"2206","infra","1426499","True"
"2207","gated","1426083","True"
"2208","ewing","1425635","False"
"2209","amish","1424712","False"
"2210","dizzy","1424316","True"
"2211","cribs","1423971","True"
"2212","psych","1422877","True"
"2213","verge","1422550","True"
"2214","nomad","1422041","True"
"2215","thorn","1421673","True"
"2216","phono","1418855","True"
"2217","daryl","1418692","False"
"2218","hoses","1416325","True"
"2219","hymns","1409831","True"
"2220","palsy","1409502","True"
"2221","cuffs","1408615","True"
"2222","nicky","1404900","False"
"2223","xenon","1400039","True"
"2224","luigi","1398437","False"
"2225","bayou","1397958","True"
"2226","tonic","1393402","True"
"2227","tomas","1389089","False"
"2228","rites","1388265","True"
"2229","ditto","1386002","True"
"2230","oddly","1385252","True"
"2231","undue","1377567","True"
"2232","tuple","1376804","True"
"2233","elves","1375481","True"
"2234","chant","1374428","True"
"2235","hutch","1373107","True"
"2236","tufts","1372589","True"
"2237","parry","1371591","True"
"2238","mahal","1371252","False"
"2239","raves","1368538","True"
"2240","mamma","1368416","True"
"2241","folly","1367992","True"
"2242","mural","1367338","True"
"2243","wager","1366964","True"
"2244","purge","1366135","True"
"2245","poser","1361002","True"
"2246","youre","1360397","False"
"2247","perky","1360009","True"
"2248","fused","1359038","True"
"2249","scalp","1356840","True"
"2250","actin","1356491","True"
"2251","erwin","1356404","False"
"2252","melon","1355214","True"
"2253","siren","1354779","True"
"2254","clasp","1354393","True"
"2255","wipes","1350866","True"
"2256","krone","1350253","True"
"2257","aegis","1349788","True"
"2258","derry","1348652","True"
"2259","amour","1346779","True"
"2260","totes","1344312","True"
"2261","thugs","1343168","True"
"2262","ethel","1342863","False"
"2263","sonar","1341822","True"
"2264","ethyl","1339385","True"
"2265","lambs","1339048","True"
"2266","maint","1338067","False"
"2267","ulcer","1336605","True"
"2268","autor","1333530","False"
"2269","ethic","1333320","True"
"2270","taxon","1333053","True"
"2271","thine","1332569","True"
"2272","genet","1332113","True"
"2273","parma","1330679","True"
"2274","enema","1329511","True"
"2275","seams","1323885","True"
"2276","barge","1319916","True"
"2277","famed","1319098","True"
"2278","resid","1318706","True"
"2279","grimm","1317982","False"
"2280","guido","1317298","False"
"2281","rufus","1315206","False"
"2282","slant","1313083","True"
"2283","comme","1312621","False"
"2284","chops","1312600","True"
"2285","broom","1312361","True"
"2286","snare","1311615","True"
"2287","shank","1311484","True"
"2288","leash","1310125","True"
"2289","hunts","1310081","True"
"2290","acton","1309016","True"
"2291","cunts","1308527","True"
"2292","deems","1307732","True"
"2293","ligne","1303464","True"
"2294","geese","1299115","True"
"2295","mecca","1298392","True"
"2296","broth","1297117","True"
"2297","crows","1294733","True"
"2298","taper","1294069","True"
"2299","revue","1290094","True"
"2300","smear","1289528","True"
"2301","memos","1286640","True"
"2302","frist","1284684","True"
"2303","serge","1283914","True"
"2304","judah","1283019","False"
"2305","slain","1281084","True"
"2306","quail","1278967","True"
"2307","mayan","1278824","True"
"2308","icing","1277602","True"
"2309","plume","1269109","True"
"2310","reina","1265881","False"
"2311","plank","1265284","True"
"2312","enact","1263603","True"
"2313","wasnt","1262688","False"
"2314","deity","1262430","True"
"2315","claws","1260902","True"
"2316","virgo","1260695","False"
"2317","manly","1260481","True"
"2318","pings","1259320","True"
"2319","peril","1258951","True"
"2320","hairs","1258412","True"
"2321","malik","1255552","True"
"2322","quads","1254291","True"
"2323","maids","1253811","True"
"2324","louie","1252710","True"
"2325","emery","1251050","True"
"2326","libre","1247864","False"
"2327","abode","1246541","True"
"2328","savoy","1246516","True"
"2329","comfy","1245404","True"
"2330","campo","1243547","True"
"2331","polka","1242601","True"
"2332","wiper","1242341","True"
"2333","falun","1239295","False"
"2334","nicer","1239249","True"
"2335","boast","1239080","True"
"2336","gents","1239020","True"
"2337","perch","1235177","True"
"2338","angst","1232364","True"
"2339","gecko","1230211","True"
"2340","caleb","1225445","False"
"2341","codex","1224930","True"
"2342","judas","1224674","True"
"2343","barns","1223270","True"
"2344","raids","1222441","True"
"2345","facet","1221287","True"
"2346","wares","1218442","True"
"2347","verve","1218256","True"
"2348","spree","1218040","True"
"2349","embed","1217930","True"
"2350","gurus","1217822","True"
"2351","brute","1216912","True"
"2352","butch","1213820","True"
"2353","scart","1213599","True"
"2354","yarns","1211638","True"
"2355","defer","1207925","True"
"2356","liars","1207786","True"
"2357","saith","1205270","True"
"2358","aimee","1204884","False"
"2359","deans","1202452","True"
"2360","kites","1202129","True"
"2361","dumps","1200377","True"
"2362","hanks","1199778","True"
"2363","crave","1199466","True"
"2364","salty","1196416","True"
"2365","zeros","1194886","True"
"2366","valor","1193133","True"
"2367","sabre","1189329","True"
"2368","banda","1187929","True"
"2369","goofy","1187234","True"
"2370","mimic","1187154","True"
"2371","hodge","1186264","False"
"2372","ticks","1184410","True"
"2373","vigil","1183443","True"
"2374","crore","1182812","True"
"2375","banco","1182286","True"
"2376","itchy","1181967","True"
"2377","bulky","1181562","True"
"2378","booze","1178694","True"
"2379","widen","1178278","True"
"2380","bubba","1178018","True"
"2381","adore","1176240","True"
"2382","colds","1175947","True"
"2383","fluke","1168887","True"
"2384","glade","1168016","True"
"2385","licks","1166907","True"
"2386","caste","1166877","True"
"2387","libra","1165757","True"
"2388","lures","1164163","True"
"2389","flaps","1163036","True"
"2390","inset","1162898","True"
"2391","rhine","1162642","True"
"2392","druid","1160196","True"
"2393","swarm","1158175","True"
"2394","ledge","1157598","True"
"2395","drown","1156106","True"
"2396","bangs","1154062","True"
"2397","radon","1153935","True"
"2398","abyss","1152408","True"
"2399","coder","1152037","True"
"2400","niece","1151039","True"
"2401","pleas","1150940","True"
"2402","flask","1150132","True"
"2403","idols","1147911","True"
"2404","gusts","1147366","True"
"2405","hippo","1146063","True"
"2406","dudes","1144089","True"
"2407","altos","1143776","True"
"2408","overs","1143660","True"
"2409","nests","1141883","True"
"2410","cours","1138194","True"
"2411","seton","1136773","True"
"2412","tesla","1134572","True"
"2413","padre","1132184","True"
"2414","plead","1125870","True"
"2415","sheen","1124463","True"
"2416","warts","1122886","True"
"2417","medic","1122716","True"
"2418","grail","1122474","True"
"2419","farsi","1121767","False"
"2420","seine","1121610","True"
"2421","lapel","1119712","True"
"2422","pecan","1118027","True"
"2423","manny","1117673","False"
"2424","aches","1116644","True"
"2425","chime","1115076","True"
"2426","remit","1111713","True"
"2427","exert","1109622","True"
"2428","pears","1105539","True"
"2429","heats","1105492","True"
"2430","lucid","1105349","True"
"2431","shiva","1105044","True"
"2432","infer","1104540","True"
"2433","doesn","1101832","False"
"2434","boyer","1100709","False"
"2435","dandy","1098188","True"
"2436","swaps","1097437","True"
"2437","paine","1097105","False"
"2438","synod","1095269","True"
"2439","marys","1095130","False"
"2440","pharm","1095064","True"
"2441","amigo","1094662","True"
"2442","caddy","1094377","True"
"2443","scala","1093246","True"
"2444","cesar","1092865","False"
"2445","cobol","1092207","False"
"2446","brits","1089837","True"
"2447","bleak","1088632","True"
"2448","tramp","1087707","True"
"2449","porte","1084129","False"
"2450","stang","1081839","True"
"2451","hubby","1080886","True"
"2452","jakob","1079504","False"
"2453","safes","1079012","True"
"2454","andes","1076878","False"
"2455","stubs","1076600","True"
"2456","josie","1076558","False"
"2457","dents","1075764","True"
"2458","perks","1075589","True"
"2459","vibes","1073710","True"
"2460","darcy","1073638","True"
"2461","lathe","1073261","True"
"2462","petri","1072903","True"
"2463","bylaw","1070798","True"
"2464","leaps","1070198","True"
"2465","lends","1069614","True"
"2466","crook","1067661","True"
"2467","dives","1066624","True"
"2468","mikey","1066268","False"
"2469","drury","1065856","False"
"2470","stale","1065657","True"
"2471","cosmo","1065626","False"
"2472","patsy","1064602","True"
"2473","corgi","1063639","True"
"2474","swans","1063572","True"
"2475","cupid","1061697","True"
"2476","cline","1061564","True"
"2477","thema","1061529","True"
"2478","piers","1061175","True"
"2479","dykes","1060752","False"
"2480","earle","1060105","False"
"2481","hosea","1060033","False"
"2482","haste","1059853","True"
"2483","prong","1059042","True"
"2484","bitte","1056982","True"
"2485","fleur","1056974","True"
"2486","expos","1056760","True"
"2487","berth","1056010","True"
"2488","crabs","1055615","True"
"2489","lingo","1055245","True"
"2490","piggy","1053871","True"
"2491","saber","1053669","True"
"2492","platt","1052481","True"
"2493","lexis","1052387","True"
"2494","folic","1050468","True"
"2495","lager","1050146","True"
"2496","wicca","1049446","True"
"2497","doggy","1048362","True"
"2498","exxon","1048332","False"
"2499","divas","1047835","True"
"2500","babel","1047472","True"
"2501","gonzo","1046835","True"
"2502","foyer","1042532","True"
"2503","brood","1042305","True"
"2504","azure","1042257","True"
"2505","sniff","1041321","True"
"2506","posse","1038358","True"
"2507","pixie","1037554","True"
"2508","unset","1035406","True"
"2509","coles","1034873","True"
"2510","melee","1034523","True"
"2511","llama","1033922","True"
"2512","vowel","1033509","True"
"2513","fecal","1032064","True"
"2514","humid","1026485","True"
"2515","guile","1026260","True"
"2516","mined","1025833","True"
"2517","sores","1024935","True"
"2518","raman","1024735","False"
"2519","reeds","1021880","True"
"2520","lofty","1018661","True"
"2521","kanji","1018304","True"
"2522","dogma","1016614","True"
"2523","winch","1016374","True"
"2524","evils","1015737","True"
"2525","jocks","1014285","True"
"2526","floss","1013783","True"
"2527","sarge","1013607","True"
"2528","shawl","1011728","True"
"2529","bends","1010930","True"
"2530","groff","1010436","False"
"2531","pence","1009358","True"
"2532","lenin","1009073","False"
"2533","thyme","1007823","True"
"2534","chino","1007675","True"
"2535","ovary","1003163","True"
"2536","bebop","1000401","True"
"2537","merle","999346","True"
"2538","flops","997539","True"
"2539","zeiss","997032","False"
"2540","vices","995524","True"
"2541","karat","995377","True"
"2542","ginny","995339","True"
"2543","ozark","993534","False"
"2544","corso","993128","True"
"2545","abbot","992552","True"
"2546","magma","992528","True"
"2547","arson","989351","True"
"2548","haunt","985188","True"
"2549","fuses","984514","True"
"2550","britt","984387","True"
"2551","braid","981945","True"
"2552","leung","981267","False"
"2553","fists","979557","True"
"2554","chimp","978917","True"
"2555","lefty","978333","True"
"2556","heres","978028","True"
"2557","vigor","977544","True"
"2558","tween","977071","True"
"2559","glued","975384","True"
"2560","whsle","974453","False"
"2561","shuts","974390","True"
"2562","alder","972850","True"
"2563","lawns","971756","True"
"2564","midas","971675","False"
"2565","raced","970447","True"
"2566","deuce","970434","True"
"2567","riser","969986","True"
"2568","redux","969917","True"
"2569","equiv","968303","False"
"2570","inlay","965778","True"
"2571","reddy","965755","True"
"2572","craze","962477","True"
"2573","texan","961758","False"
"2574","roper","959126","True"
"2575","adolf","957923","False"
"2576","volta","957170","True"
"2577","fumes","956671","True"
"2578","totem","955271","True"
"2579","indus","954407","False"
"2580","harms","954384","True"
"2581","carve","952422","True"
"2582","apnea","950562","True"
"2583","swish","949054","True"
"2584","asker","948596","True"
"2585","relic","947341","True"
"2586","teton","947032","False"
"2587","ethos","946491","True"
"2588","cling","946281","True"
"2589","toned","943575","True"
"2590","erred","943538","True"
"2591","mabel","943150","False"
"2592","dared","942679","True"
"2593","nudge","942601","True"
"2594","doves","941403","True"
"2595","dalai","941377","False"
"2596","alden","941109","False"
"2597","heaps","937059","True"
"2598","hydra","936887","True"
"2599","anvil","936808","True"
"2600","stalk","936028","True"
"2601","inert","935898","True"
"2602","eject","935010","True"
"2603","rayon","934490","True"
"2604","mocha","933522","True"
"2605","tonne","931552","True"
"2606","faxed","930853","True"
"2607","firth","927276","True"
"2608","slams","926688","True"
"2609","cadre","925745","True"
"2610","cabot","925244","False"
"2611","squat","925062","True"
"2612","koran","923696","False"
"2613","zoned","923678","True"
"2614","pubic","923627","True"
"2615","tiara","923335","True"
"2616","hives","922837","True"
"2617","cyril","922671","False"
"2618","koala","922217","True"
"2619","porta","921063","True"
"2620","crock","918524","True"
"2621","retry","916420","True"
"2622","hiram","916284","False"
"2623","telex","916110","True"
"2624","bowed","915747","True"
"2625","verdi","912609","False"
"2626","khmer","911263","False"
"2627","clogs","910686","True"
"2628","flank","910609","True"
"2629","atoll","908471","True"
"2630","ducts","907928","True"
"2631","mules","907690","True"
"2632","spoof","907481","True"
"2633","amman","907030","True"
"2634","hefty","905281","True"
"2635","hoist","905107","True"
"2636","ceres","904726","True"
"2637","celia","901589","False"
"2638","sault","901099","True"
"2639","slabs","900683","True"
"2640","agate","900451","True"
"2641","swami","900023","True"
"2642","nahum","898297","False"
"2643","lofts","897893","True"
"2644","feral","897865","True"
"2645","truce","897431","True"
"2646","laird","896267","True"
"2647","petal","895903","True"
"2648","odors","895586","True"
"2649","vijay","895191","False"
"2650","dries","894704","True"
"2651","autre","893881","False"
"2652","peeps","893768","True"
"2653","waugh","892508","True"
"2654","tiers","892403","True"
"2655","pluck","891481","True"
"2656","prick","891337","True"
"2657","herds","889724","True"
"2658","adder","888956","True"
"2659","ascot","888745","True"
"2660","germs","888353","True"
"2661","grays","888341","True"
"2662","frees","888094","True"
"2663","vixen","885674","True"
"2664","whips","885594","True"
"2665","bally","884078","True"
"2666","fades","881747","True"
"2667","bulge","881613","True"
"2668","laude","878641","False"
"2669","nerds","878641","True"
"2670","enrol","878274","True"
"2671","gloom","878018","True"
"2672","wakes","876767","True"
"2673","marge","876008","True"
"2674","aland","874439","True"
"2675","comps","873979","True"
"2676","greco","873704","False"
"2677","edema","873634","True"
"2678","sadie","873023","False"
"2679","overt","871540","True"
"2680","slime","869502","True"
"2681","swung","867135","True"
"2682","waved","867023","True"
"2683","libel","866830","True"
"2684","fryer","866546","True"
"2685","boron","865654","True"
"2686","riffs","864669","True"
"2687","tetra","863969","True"
"2688","vowed","863379","True"
"2689","asher","863144","False"
"2690","skier","863046","True"
"2691","tiled","861822","True"
"2692","snuff","861230","True"
"2693","melia","858360","False"
"2694","flied","858118","True"
"2695","talon","858061","True"
"2696","crewe","856635","True"
"2697","ollie","855837","True"
"2698","liang","854892","True"
"2699","shred","851931","True"
"2700","sieve","851108","True"
"2701","binge","850412","True"
"2702","smyth","849678","False"
"2703","jazzy","849457","True"
"2704","janus","849375","False"
"2705","ecole","848801","False"
"2706","limbo","847468","True"
"2707","shove","847364","True"
"2708","sykes","847255","True"
"2709","flake","847014","True"
"2710","arent","846105","False"
"2711","slade","842883","True"
"2712","dumas","842623","True"
"2713","wiser","841127","True"
"2714","flung","838045","True"
"2715","fiche","837884","True"
"2716","grads","836760","True"
"2717","donut","836168","True"
"2718","paseo","835840","True"
"2719","tabor","834301","True"
"2720","tenet","834143","True"
"2721","chute","834005","True"
"2722","fonds","833672","True"
"2723","mulch","833160","True"
"2724","whine","832743","True"
"2725","fouls","830765","True"
"2726","canes","830262","True"
"2727","euler","829981","False"
"2728","diced","826353","True"
"2729","vicar","825292","True"
"2730","prank","825027","True"
"2731","delft","818200","True"
"2732","faust","817186","False"
"2733","suing","816011","True"
"2734","brine","816003","True"
"2735","piled","815240","True"
"2736","fluff","814535","True"
"2737","unfit","814145","True"
"2738","rouse","812361","True"
"2739","appel","812311","True"
"2740","yucca","812282","True"
"2741","spiel","811922","True"
"2742","gizmo","811158","True"
"2743","scamp","810996","True"
"2744","danes","809689","False"
"2745","ident","808896","True"
"2746","cysts","808464","True"
"2747","helms","805535","True"
"2748","wierd","804835","False"
"2749","moths","804700","True"
"2750","evoke","804417","True"
"2751","assam","803070","True"
"2752","marek","803041","False"
"2753","boyce","802519","False"
"2754","foxes","801589","True"
"2755","gully","800734","True"
"2756","brill","800254","True"
"2757","gauss","798776","True"
"2758","mites","798205","True"
"2759","agora","797585","False"
"2760","macho","797523","True"
"2761","reeve","797352","True"
"2762","haydn","796271","False"
"2763","keyed","795167","True"
"2764","jerks","794019","True"
"2765","bagel","792721","True"
"2766","cults","791725","True"
"2767","amaze","791672","True"
"2768","easel","791426","True"
"2769","carer","791142","True"
"2770","gable","790611","True"
"2771","laced","790357","True"
"2772","mares","789891","True"
"2773","chaps","789805","True"
"2774","lanai","789800","True"
"2775","fermi","789613","True"
"2776","keats","789512","False"
"2777","dimes","788616","True"
"2778","verso","788583","True"
"2779","cleft","787981","True"
"2780","groin","784476","True"
"2781","allie","784184","False"
"2782","bower","783946","True"
"2783","salud","782447","False"
"2784","longs","782210","True"
"2785","repro","782095","True"
"2786","swain","779597","True"
"2787","girly","778626","True"
"2788","pores","777460","True"
"2789","oiled","776472","True"
"2790","blurb","776249","True"
"2791","moray","775524","True"
"2792","horst","775209","True"
"2793","noses","775113","True"
"2794","erode","774411","True"
"2795","reals","774273","True"
"2796","brisk","774000","True"
"2797","thule","773372","False"
"2798","meath","773366","True"
"2799","ponce","773276","True"
"2800","eerie","772484","True"
"2801","epsom","771110","False"
"2802","butyl","770092","True"
"2803","shale","769742","True"
"2804","varna","769723","True"
"2805","woolf","769007","False"
"2806","anode","768949","True"
"2807","crepe","768351","True"
"2808","snell","767608","True"
"2809","avert","767435","True"
"2810","guise","767344","True"
"2811","bongo","767108","True"
"2812","shaky","766843","True"
"2813","bloke","766763","True"
"2814","necks","766318","True"
"2815","calif","766201","True"
"2816","levee","766160","True"
"2817","chews","765973","True"
"2818","phony","765758","True"
"2819","soles","765275","True"
"2820","jetty","765224","True"
"2821","delia","764694","False"
"2822","nukes","764161","True"
"2823","rerun","763880","True"
"2824","jerky","763325","True"
"2825","codon","762548","True"
"2826","argon","760267","True"
"2827","norah","760039","False"
"2828","morph","759670","True"
"2829","darin","758338","False"
"2830","clams","758323","True"
"2831","speck","757962","True"
"2832","serra","755717","True"
"2833","papal","754586","True"
"2834","duets","754275","True"
"2835","labia","753273","True"
"2836","mogul","753098","True"
"2837","addis","752836","False"
"2838","vials","751274","True"
"2839","droit","750988","True"
"2840","teeny","750932","True"
"2841","silas","749747","False"
"2842","dunne","749643","False"
"2843","petro","747577","False"
"2844","reins","747535","True"
"2845","massa","745334","True"
"2846","aural","744671","True"
"2847","hasan","742630","False"
"2848","tombs","742507","True"
"2849","frown","742356","True"
"2850","sepia","741438","True"
"2851","brava","741156","True"
"2852","wagga","738631","True"
"2853","kenai","738583","False"
"2854","forts","737169","True"
"2855","surat","736651","True"
"2856","hoyle","736006","True"
"2857","levis","734906","True"
"2858","diddy","734427","True"
"2859","goody","733518","True"
"2860","jails","731402","True"
"2861","brant","730649","True"
"2862","tania","727994","False"
"2863","tunic","727598","True"
"2864","farce","727546","True"
"2865","howdy","726642","True"
"2866","whack","725891","True"
"2867","drone","725818","True"
"2868","godly","725475","True"
"2869","spire","725421","True"
"2870","stead","724786","True"
"2871","berne","721248","False"
"2872","nicks","721039","True"
"2873","shrug","720506","True"
"2874","boils","720481","True"
"2875","greta","720377","False"
"2876","covey","720367","True"
"2877","donne","720360","True"
"2878","dials","719996","True"
"2879","aster","718311","True"
"2880","ferns","717875","True"
"2881","curls","717837","True"
"2882","wince","717079","True"
"2883","melts","716330","True"
"2884","wasps","715192","True"
"2885","chien","714912","False"
"2886","mitre","714477","True"
"2887","mille","714163","True"
"2888","norse","713187","False"
"2889","bosom","712863","True"
"2890","bales","712551","True"
"2891","rapes","712505","True"
"2892","picky","711200","True"
"2893","barth","710974","False"
"2894","perla","710761","False"
"2895","busts","710437","True"
"2896","lumen","710305","True"
"2897","shari","709021","False"
"2898","fidel","707716","False"
"2899","tonal","707113","True"
"2900","tarts","706018","True"
"2901","nance","705947","True"
"2902","foggy","704386","True"
"2903","shone","704369","True"
"2904","leafy","704018","True"
"2905","uzbek","703624","False"
"2906","brite","703473","False"
"2907","dolor","703247","True"
"2908","trove","702353","True"
"2909","eased","702343","True"
"2910","filer","702264","True"
"2911","arias","701697","True"
"2912","steed","701658","True"
"2913","retin","701007","False"
"2914","hasty","700024","True"
"2915","munch","699127","True"
"2916","clove","698870","True"
"2917","chica","698851","True"
"2918","preps","698730","True"
"2919","leech","698609","True"
"2920","mylar","698551","True"
"2921","giver","698546","True"
"2922","nymph","697326","True"
"2923","astor","697049","False"
"2924","frail","696174","True"
"2925","tikes","696108","True"
"2926","vedic","695671","False"
"2927","swank","695208","True"
"2928","churn","694218","True"
"2929","madre","693680","True"
"2930","muted","693571","True"
"2931","feats","693557","True"
"2932","bumpy","692057","True"
"2933","aleph","692035","True"
"2934","amine","689951","True"
"2935","snape","689130","False"
"2936","spake","688769","True"
"2937","awoke","688520","True"
"2938","parka","688453","True"
"2939","prune","688443","True"
"2940","cairn","688283","True"
"2941","spock","688188","False"
"2942","draco","688044","True"
"2943","galen","687054","False"
"2944","sever","686306","True"
"2945","jello","685368","True"
"2946","toric","685050","True"
"2947","titre","683909","True"
"2948","bonne","683697","True"
"2949","fling","682999","True"
"2950","hilda","681905","False"
"2951","niels","680887","False"
"2952","lindy","680830","True"
"2953","drier","679179","True"
"2954","auger","678597","True"
"2955","enoch","678182","False"
"2956","dales","678083","True"
"2957","domes","676815","True"
"2958","execs","676432","True"
"2959","hiker","676389","True"
"2960","manuf","676324","False"
"2961","leary","675295","True"
"2962","osage","673592","False"
"2963","coeds","673554","True"
"2964","crumb","673404","True"
"2965","yikes","672164","True"
"2966","grate","672155","True"
"2967","fiend","670385","True"
"2968","vespa","669846","True"
"2969","baits","669063","True"
"2970","wicks","668862","True"
"2971","fleas","668194","True"
"2972","taupe","668030","True"
"2973","heals","666561","True"
"2974","pyrex","665560","True"
"2975","conor","664769","False"
"2976","runes","664374","True"
"2977","pique","664313","True"
"2978","swore","663914","True"
"2979","trier","663496","True"
"2980","bello","663280","False"
"2981","messe","662879","False"
"2982","wilco","662169","True"
"2983","anova","661864","False"
"2984","livre","660631","True"
"2985","cools","659994","True"
"2986","prado","658805","False"
"2987","legit","658762","True"
"2988","wands","658592","True"
"2989","fishy","658490","True"
"2990","filmy","657205","True"
"2991","timid","657204","True"
"2992","barra","656133","True"
"2993","aller","655865","False"
"2994","veils","655338","True"
"2995","cajon","655061","True"
"2996","corby","653551","True"
"2997","lobos","652655","True"
"2998","leaky","650957","True"
"2999","leven","650761","False"
"3000","molar","650262","True"
"3001","mamas","649492","True"
"3002","earls","649223","True"
"3003","hyped","648758","True"
"3004","batik","648561","True"
"3005","crain","648503","False"
"3006","odour","648137","True"
"3007","sonja","648040","False"
"3008","gulch","647573","True"
"3009","hoody","647288","True"
"3010","axles","647257","True"
"3011","henna","646514","True"
"3012","bribe","646492","True"
"3013","doped","646161","True"
"3014","ghent","645064","False"
"3015","towed","644374","True"
"3016","lisle","643841","True"
"3017","medio","643387","False"
"3018","canto","643291","True"
"3019","aorta","641057","True"
"3020","delve","640909","True"
"3021","crimp","640746","True"
"3022","facie","640686","False"
"3023","clout","639706","True"
"3024","feces","639441","True"
"3025","fella","639391","True"
"3026","phage","638631","True"
"3027","dulce","638505","True"
"3028","alkyl","637228","True"
"3029","paces","634682","True"
"3030","oliva","634239","False"
"3031","rambo","632674","False"
"3032","wynne","632290","False"
"3033","glyph","632257","True"
"3034","marko","632242","False"
"3035","plumb","631703","True"
"3036","unify","631185","True"
"3037","briar","630788","True"
"3038","stent","630695","True"
"3039","dunst","630357","False"
"3040","junta","629394","True"
"3041","grout","628986","True"
"3042","curie","628416","True"
"3043","paola","627843","False"
"3044","donny","627077","True"
"3045","erick","626971","True"
"3046","groot","626768","False"
"3047","taker","625940","True"
"3048","janes","624883","True"
"3049","sages","624245","True"
"3050","accum","623651","False"
"3051","linea","623134","False"
"3052","scorn","622924","True"
"3053","whirl","622629","True"
"3054","hinds","621387","True"
"3055","tibia","620778","True"
"3056","conte","620643","True"
"3057","pesky","619402","True"
"3058","moles","619237","True"
"3059","obits","618473","True"
"3060","shams","618299","True"
"3061","lowes","617732","True"
"3062","knack","616898","True"
"3063","rivet","616847","True"
"3064","aggie","616732","True"
"3065","grunt","616546","True"
"3066","eases","615614","True"
"3067","buffs","614179","True"
"3068","lotta","613607","True"
"3069","rabid","612676","True"
"3070","cumin","612220","True"
"3071","payee","611882","True"
"3072","nosed","611383","True"
"3073","abram","610831","True"
"3074","laces","610254","True"
"3075","accel","609528","False"
"3076","aunts","609018","True"
"3077","gemma","608694","True"
"3078","hippy","608617","True"
"3079","layne","608270","False"
"3080","sheng","608205","False"
"3081","strep","608154","True"
"3082","niall","607008","False"
"3083","nappy","606925","True"
"3084","lukas","606222","False"
"3085","evade","605626","True"
"3086","coffs","605245","True"
"3087","lapis","605210","True"
"3088","webby","605178","True"
"3089","shunt","604152","True"
"3090","synch","603920","True"
"3091","allis","603850","True"
"3092","sects","603808","True"
"3093","tawny","602308","True"
"3094","salma","601080","False"
"3095","mucus","600467","True"
"3096","flips","598531","True"
"3097","aptly","598371","True"
"3098","liege","598284","True"
"3099","sheik","596893","True"
"3100","chiba","596836","False"
"3101","piety","595389","True"
"3102","goofs","594965","True"
"3103","froze","594804","True"
"3104","tacit","594255","True"
"3105","venta","593134","False"
"3106","modus","592874","True"
"3107","whisk","591308","True"
"3108","criss","590717","False"
"3109","glynn","590714","False"
"3110","unmet","590631","True"
"3111","hails","590036","True"
"3112","mauve","589931","True"
"3113","spore","589081","True"
"3114","crept","588735","True"
"3115","firma","587233","False"
"3116","dinah","587063","False"
"3117","canna","586192","True"
"3118","frith","584571","True"
"3119","aryan","584547","False"
"3120","bugle","583867","True"
"3121","fours","583578","True"
"3122","purdy","582858","False"
"3123","steen","581515","True"
"3124","avion","581489","True"
"3125","comer","581184","True"
"3126","tapas","580527","True"
"3127","calla","580506","True"
"3128","festa","580029","True"
"3129","redox","578593","True"
"3130","sitka","578381","True"
"3131","cunny","577408","False"
"3132","sulla","577268","False"
"3133","accra","577217","False"
"3134","bimbo","577216","True"
"3135","estab","576493","False"
"3136","waged","576479","True"
"3137","waxed","576427","True"
"3138","jaded","576218","True"
"3139","radii","575939","True"
"3140","rahul","575341","False"
"3141","heros","574043","True"
"3142","nears","573618","True"
"3143","lasso","573529","True"
"3144","pecos","572685","False"
"3145","waxes","572169","True"
"3146","bevel","571985","True"
"3147","coden","571963","True"
"3148","dodgy","571643","True"
"3149","neath","571177","True"
"3150","sucre","569392","True"
"3151","ender","568591","True"
"3152","coney","568494","True"
"3153","brawl","567755","True"
"3154","karel","567060","False"
"3155","datos","567059","True"
"3156","tubal","566730","True"
"3157","taupo","566050","False"
"3158","holla","565475","True"
"3159","chore","565322","True"
"3160","sighs","564251","True"
"3161","wifes","563949","True"
"3162","falco","563635","False"
"3163","mises","563099","True"
"3164","karts","562850","True"
"3165","leste","562720","False"
"3166","hasta","561700","True"
"3167","piped","560993","True"
"3168","dells","560024","True"
"3169","boson","559775","True"
"3170","anima","559141","True"
"3171","trams","558296","True"
"3172","octal","557500","True"
"3173","marla","556982","False"
"3174","gauze","556178","True"
"3175","gazed","555917","True"
"3176","moira","555353","True"
"3177","amuse","554922","True"
"3178","fixer","554896","True"
"3179","sealy","554834","False"
"3180","haves","554576","True"
"3181","idiom","554390","True"
"3182","saggy","554140","True"
"3183","merch","553953","True"
"3184","trawl","553588","True"
"3185","gamut","553397","True"
"3186","pease","551869","True"
"3187","paras","551039","True"
"3188","manta","550732","True"
"3189","compo","550501","True"
"3190","filet","550472","True"
"3191","leila","549151","False"
"3192","beryl","547615","True"
"3193","coker","547115","False"
"3194","saute","546457","True"
"3195","revel","546018","True"
"3196","madly","545418","True"
"3197","gripe","545043","True"
"3198","summa","545031","True"
"3199","forme","544011","True"
"3200","sider","543665","True"
"3201","scant","543285","True"
"3202","flier","542812","True"
"3203","perle","542072","False"
"3204","amity","540428","True"
"3205","drool","539170","True"
"3206","casas","538695","True"
"3207","eidos","538029","True"
"3208","hallo","537426","True"
"3209","hades","536971","True"
"3210","zonal","536783","True"
"3211","honky","536122","True"
"3212","muses","535008","True"
"3213","freer","534734","True"
"3214","oskar","534178","False"
"3215","leans","533946","True"
"3216","leith","533913","False"
"3217","golgi","533726","False"
"3218","foils","533300","True"
"3219","cunni","533146","False"
"3220","buoys","532923","True"
"3221","helly","532080","False"
"3222","brest","532054","False"
"3223","tongs","531760","True"
"3224","yanks","531722","True"
"3225","cabal","531622","True"
"3226","poked","530699","True"
"3227","behav","530336","False"
"3228","joshi","529845","False"
"3229","anzac","529381","False"
"3230","passe","528622","True"
"3231","chubb","528168","False"
"3232","gnats","527105","True"
"3233","goran","527051","False"
"3234","dares","526302","True"
"3235","async","526227","False"
"3236","cynic","525906","True"
"3237","merci","524151","False"
"3238","booms","524101","True"
"3239","swipe","524034","True"
"3240","clays","522200","True"
"3241","tanto","521483","True"
"3242","lubes","520715","True"
"3243","parti","520451","True"
"3244","bough","520067","True"
"3245","radix","520001","True"
"3246","grist","519954","True"
"3247","sloth","519428","True"
"3248","fates","519225","True"
"3249","stews","519188","True"
"3250","tacky","519106","True"
"3251","drags","518855","True"
"3252","bundy","518060","True"
"3253","tatoo","517554","False"
"3254","chasm","517410","True"
"3255","masse","515818","True"
"3256","rohan","515694","False"
"3257","quant","515573","True"
"3258","ravel","515098","True"
"3259","decoy","514956","True"
"3260","grime","514156","True"
"3261","rabin","513910","False"
"3262","eared","513815","True"
"3263","rigor","513599","True"
"3264","gusto","512932","True"
"3265","footy","512263","True"
"3266","tacos","512088","True"
"3267","dwelt","512083","True"
"3268","hilly","511265","True"
"3269","sager","511124","True"
"3270","caged","511070","True"
"3271","prawn","510828","True"
"3272","algal","510781","True"
"3273","rowdy","510507","True"
"3274","popes","510461","True"
"3275","leger","509988","True"
"3276","cotta","509908","True"
"3277","oryza","509378","False"
"3278","winer","509091","False"
"3279","chock","508651","True"
"3280","emits","508331","True"
"3281","hough","507632","True"
"3282","curio","506765","True"
"3283","voila","506278","True"
"3284","savor","506115","True"
"3285","engle","505048","False"
"3286","anion","504530","True"
"3287","tabby","504455","True"
"3288","therm","504374","True"
"3289","hants","504165","True"
"3290","ansel","503986","False"
"3291","dazed","503682","True"
"3292","fname","503345","False"
"3293","sited","503306","True"
"3294","puffs","502996","True"
"3295","nagel","502914","False"
"3296","fleer","502699","True"
"3297","bossa","502642","False"
"3298","gourd","502106","True"
"3299","moped","501534","True"
"3300","kelty","500637","True"
"3301","foray","499808","True"
"3302","filly","499537","True"
"3303","aesop","499263","False"
"3304","vulva","499113","True"
"3305","posey","499031","True"
"3306","libri","498310","True"
"3307","amici","498099","True"
"3308","nodal","497653","True"
"3309","aloft","497342","True"
"3310","mated","497140","True"
"3311","kafka","496055","False"
"3312","telly","496040","True"
"3313","arles","495534","True"
"3314","tempt","494586","True"
"3315","bathe","494252","True"
"3316","krebs","493522","False"
"3317","vadim","492959","False"
"3318","girth","492919","True"
"3319","lobes","491048","True"
"3320","remus","490808","False"
"3321","coals","490751","True"
"3322","brunt","489270","True"
"3323","glens","489161","True"
"3324","ember","488846","True"
"3325","atmos","488481","True"
"3326","islet","488105","True"
"3327","spode","487640","True"
"3328","bucky","487506","False"
"3329","gulls","485882","True"
"3330","balsa","485561","True"
"3331","caper","485193","True"
"3332","quack","484886","True"
"3333","drape","484861","True"
"3334","mezzo","483806","True"
"3335","giddy","483433","True"
"3336","nehru","483117","False"
"3337","oaths","483079","True"
"3338","hells","480906","True"
"3339","broil","479526","True"
"3340","cacti","478989","True"
"3341","curbs","478423","True"
"3342","senza","476965","True"
"3343","cates","476810","True"
"3344","youve","476439","False"
"3345","jiffy","475865","True"
"3346","colic","475478","True"
"3347","warms","474877","True"
"3348","saucy","474568","True"
"3349","askew","473664","True"
"3350","groan","473578","True"
"3351","toile","473077","True"
"3352","antes","472677","True"
"3353","ducky","471241","True"
"3354","abate","470646","True"
"3355","voids","470343","True"
"3356","clots","468861","True"
"3357","spina","468643","True"
"3358","chaco","467915","True"
"3359","hater","467834","True"
"3360","expel","467751","True"
"3361","gumbo","467464","True"
"3362","lated","467007","True"
"3363","mavis","466837","True"
"3364","lured","466613","True"
"3365","graff","466226","True"
"3366","hecht","465975","True"
"3367","manna","465463","True"
"3368","soars","465187","True"
"3369","adorn","464591","True"
"3370","dorms","464581","True"
"3371","pared","464171","True"
"3372","squaw","463592","True"
"3373","bouts","463473","True"
"3374","epics","462834","True"
"3375","larva","462298","True"
"3376","growl","461820","True"
"3377","brash","461753","True"
"3378","fader","461088","True"
"3379","chard","459373","True"
"3380","inept","458533","True"
"3381","divan","457821","True"
"3382","metra","457744","False"
"3383","snark","457068","True"
"3384","papas","456613","True"
"3385","thump","456603","True"
"3386","trudy","455837","False"
"3387","minas","455535","True"
"3388","bruin","455296","True"
"3389","dimer","455104","True"
"3390","dewar","454917","True"
"3391","capes","454767","True"
"3392","kerri","454701","False"
"3393","arith","454653","False"
"3394","salvo","454555","True"
"3395","twigs","454542","True"
"3396","nicol","454397","True"
"3397","degas","454377","True"
"3398","joked","454255","True"
"3399","fared","454064","True"
"3400","fleck","454043","True"
"3401","odeon","452374","True"
"3402","goers","452132","True"
"3403","slugs","450646","True"
"3404","miter","450148","True"
"3405","rafts","449911","True"
"3406","avast","449613","True"
"3407","moans","449401","True"
"3408","eaves","449278","True"
"3409","alibi","448710","True"
"3410","pikes","448113","True"
"3411","bueno","447694","False"
"3412","peels","447468","True"
"3413","prana","446960","True"
"3414","trike","446953","True"
"3415","credo","446499","True"
"3416","femur","446209","True"
"3417","bushy","445882","True"
"3418","grits","445581","True"
"3419","abner","445318","False"
"3420","maris","445115","False"
"3421","abbie","444814","False"
"3422","golem","444797","True"
"3423","faked","444208","True"
"3424","affix","444121","True"
"3425","flaky","442666","True"
"3426","distr","442162","False"
"3427","rhoda","442152","False"
"3428","flite","442097","True"
"3429","domed","441740","True"
"3430","panes","441440","True"
"3431","agric","441229","False"
"3432","treks","440547","True"
"3433","zante","440514","True"
"3434","alban","440158","False"
"3435","beets","439436","True"
"3436","betta","439416","True"
"3437","repel","439316","True"
"3438","emmet","439231","True"
"3439","litas","438897","True"
"3440","hakim","438778","True"
"3441","puree","438733","True"
"3442","bonny","438690","True"
"3443","finns","438407","False"
"3444","swath","438339","True"
"3445","rouen","437498","True"
"3446","medea","437434","False"
"3447","laine","437110","False"
"3448","prods","436798","True"
"3449","harem","435962","True"
"3450","fussy","435961","True"
"3451","hausa","435531","False"
"3452","shoal","435185","True"
"3453","biota","434729","True"
"3454","heady","434375","True"
"3455","legge","434372","True"
"3456","celts","434287","True"
"3457","fives","433791","True"
"3458","hoard","433375","True"
"3459","meson","431998","True"
"3460","senna","431701","True"
"3461","leben","431631","True"
"3462","spelt","431427","True"
"3463","barks","431387","True"
"3464","nerdy","431324","True"
"3465","artic","431117","True"
"3466","karoo","430707","True"
"3467","knelt","429464","True"
"3468","glues","428787","True"
"3469","fated","427996","True"
"3470","halts","427571","True"
"3471","yerba","427538","True"
"3472","cinch","427247","True"
"3473","cubed","426932","True"
"3474","dinky","426751","True"
"3475","honed","426659","True"
"3476","scrum","425870","True"
"3477","masai","425810","False"
"3478","lopes","425806","True"
"3479","snipe","425778","True"
"3480","mirza","425445","True"
"3481","beaux","425302","True"
"3482","mitra","425077","False"
"3483","litho","423435","True"
"3484","thane","423334","True"
"3485","salve","423303","True"
"3486","hulls","422721","True"
"3487","friar","422181","True"
"3488","pygmy","421975","True"
"3489","progs","421499","True"
"3490","blume","421456","True"
"3491","pansy","420775","True"
"3492","tosca","420659","False"
"3493","tabla","420412","True"
"3494","avoir","420314","False"
"3495","dingo","420174","True"
"3496","baggy","419677","True"
"3497","heist","419629","True"
"3498","contr","419584","False"
"3499","wield","419233","True"
"3500","adage","419158","True"
"3501","morel","418685","True"
"3502","budge","418361","True"
"3503","stine","418009","False"
"3504","kneel","417602","True"
"3505","masts","417163","True"
"3506","peony","416831","True"
"3507","lense","416227","True"
"3508","vario","416058","False"
"3509","batty","416010","True"
"3510","camus","415924","True"
"3511","bongs","415527","True"
"3512","twine","415457","True"
"3513","peres","415387","True"
"3514","geist","415207","True"
"3515","tandy","414623","False"
"3516","agape","414471","True"
"3517","comte","412474","True"
"3518","tigre","412461","False"
"3519","goudy","412320","False"
"3520","bilge","412304","True"
"3521","chewy","412145","True"
"3522","grins","412096","True"
"3523","busby","412048","True"
"3524","cheep","411919","True"
"3525","pasha","411571","True"
"3526","scour","411478","True"
"3527","leapt","411241","True"
"3528","riyal","411050","True"
"3529","taffy","411033","True"
"3530","boney","409772","True"
"3531","brows","409717","True"
"3532","pacer","409457","True"
"3533","bitty","409188","True"
"3534","flack","408860","True"
"3535","lidar","408629","True"
"3536","crass","408565","True"
"3537","yells","407816","True"
"3538","paisa","407754","True"
"3539","vocab","407673","True"
"3540","durst","407334","True"
"3541","inked","406603","True"
"3542","matty","406216","False"
"3543","licht","406129","True"
"3544","carle","405785","True"
"3545","objet","405664","True"
"3546","rumba","404980","True"
"3547","caddo","404757","False"
"3548","stung","404657","True"
"3549","milla","404162","False"
"3550","uriah","403108","False"
"3551","toads","402717","True"
"3552","liber","402617","True"
"3553","cramp","402123","True"
"3554","sodom","402032","True"
"3555","odell","402005","False"
"3556","conus","401144","True"
"3557","moxie","401036","True"
"3558","gills","400858","True"
"3559","aways","400767","True"
"3560","fugue","400733","True"
"3561","speer","400248","True"
"3562","hoary","400092","True"
"3563","engin","400063","False"
"3564","corse","400005","True"
"3565","ronde","399731","True"
"3566","bleep","397961","True"
"3567","igloo","397625","True"
"3568","rakes","396996","True"
"3569","burgh","396862","True"
"3570","dikes","396736","True"
"3571","donal","396625","False"
"3572","allot","396325","True"
"3573","hazen","396073","False"
"3574","vesta","395855","True"
"3575","jacky","395853","True"
"3576","meaty","395095","True"
"3577","gages","395070","True"
"3578","egret","394773","True"
"3579","piney","394672","True"
"3580","jerez","394206","False"
"3581","vivek","393464","False"
"3582","felon","392714","True"
"3583","nacho","392622","True"
"3584","hagar","392593","False"
"3585","grote","392411","False"
"3586","artie","391790","False"
"3587","spasm","391339","True"
"3588","samir","391305","False"
"3589","rimes","390910","True"
"3590","dusky","390563","True"
"3591","blick","389918","False"
"3592","gluon","389852","True"
"3593","slush","389608","True"
"3594","selva","389472","True"
"3595","aphis","389447","True"
"3596","shang","389327","False"
"3597","lough","389229","True"
"3598","vouch","388963","True"
"3599","gales","388808","True"
"3600","kiowa","388521","False"
"3601","jimbo","388096","False"
"3602","gipsy","387772","True"
"3603","ruddy","387590","True"
"3604","fjord","387543","True"
"3605","basso","387021","True"
"3606","fords","386914","True"
"3607","rajiv","385771","False"
"3608","axons","385758","True"
"3609","amara","385614","False"
"3610","sorel","385306","True"
"3611","boned","385216","True"
"3612","tonka","385134","True"
"3613","dirge","384505","True"
"3614","carpe","384101","False"
"3615","dames","384012","True"
"3616","catan","383854","False"
"3617","edict","382916","True"
"3618","hondo","382903","False"
"3619","shrew","382770","True"
"3620","foals","382728","True"
"3621","freya","382676","False"
"3622","arian","382565","False"
"3623","cased","382486","True"
"3624","prays","382397","True"
"3625","nonce","382363","True"
"3626","plage","381780","True"
"3627","karst","381676","True"
"3628","dongs","381527","True"
"3629","mirth","381439","True"
"3630","piezo","380481","True"
"3631","kiley","380275","True"
"3632","subst","379905","False"
"3633","booby","379438","True"
"3634","conch","379190","True"
"3635","spect","378697","True"
"3636","corny","378659","True"
"3637","noose","378201","True"
"3638","recur","378119","True"
"3639","howes","378115","True"
"3640","takin","377723","True"
"3641","camas","377315","True"
"3642","halal","376059","True"
"3643","altus","375736","False"
"3644","canis","375486","False"
"3645","taint","375008","True"
"3646","nomic","374700","True"
"3647","chine","374606","True"
"3648","crier","374599","True"
"3649","hamza","374290","True"
"3650","meeks","374262","False"
"3651","nappa","374107","True"
"3652","beset","373969","True"
"3653","swede","373827","True"
"3654","glows","372911","True"
"3655","ladle","372653","True"
"3656","cleat","371970","True"
"3657","indra","371892","False"
"3658","casco","371797","True"
"3659","sabin","371546","True"
"3660","glebe","371095","True"
"3661","motte","371048","True"
"3662","volga","371044","False"
"3663","brews","369926","True"
"3664","hamel","369886","False"
"3665","laity","368163","True"
"3666","hales","367827","True"
"3667","mandi","367548","True"
"3668","aliso","367140","False"
"3669","beefy","366863","True"
"3670","tajik","366621","False"
"3671","bursa","366398","True"
"3672","lites","366325","True"
"3673","welds","366291","True"
"3674","noire","366191","False"
"3675","wahoo","366081","True"
"3676","bazar","365968","True"
"3677","clung","365864","True"
"3678","orale","365838","False"
"3679","baume","365778","False"
"3680","ponca","365528","False"
"3681","maxis","365513","True"
"3682","iliad","364994","True"
"3683","graze","364990","True"
"3684","afoot","364417","True"
"3685","woken","364304","True"
"3686","hotly","364264","True"
"3687","stave","363443","True"
"3688","vertu","363403","True"
"3689","shins","362796","True"
"3690","crick","362258","True"
"3691","sedge","361236","True"
"3692","finca","360811","True"
"3693","hirst","360563","False"
"3694","rendu","360383","False"
"3695","curvy","360365","True"
"3696","shona","359977","False"
"3697","sikhs","359700","False"
"3698","jeeps","359631","True"
"3699","rages","359354","True"
"3700","tithe","359291","True"
"3701","omani","359028","False"
"3702","cocky","358614","True"
"3703","beano","358497","True"
"3704","scape","358228","True"
"3705","idler","358013","True"
"3706","slaps","357339","True"
"3707","spate","357156","True"
"3708","semis","357039","True"
"3709","madge","356968","True"
"3710","gleam","356949","True"
"3711","halos","356716","True"
"3712","metis","355814","True"
"3713","scran","355642","True"
"3714","tamer","355602","True"
"3715","moyen","354954","False"
"3716","creat","354814","False"
"3717","trice","354532","True"
"3718","sagan","354147","False"
"3719","aviso","354132","True"
"3720","penta","353973","False"
"3721","pilar","353742","True"
"3722","thorp","353392","True"
"3723","stile","353280","True"
"3724","xenia","353193","True"
"3725","nadir","353146","True"
"3726","kedar","353028","False"
"3727","debby","352940","True"
"3728","gavel","352668","True"
"3729","appro","352278","True"
"3730","sahib","352239","True"
"3731","senor","352047","True"
"3732","profs","352040","True"
"3733","foams","351933","True"
"3734","facia","351671","True"
"3735","feist","351412","True"
"3736","splat","350981","True"
"3737","bogey","350651","True"
"3738","islay","349830","False"
"3739","mages","349589","True"
"3740","vying","348440","True"
"3741","pooch","348386","True"
"3742","glace","348348","True"
"3743","adios","348221","True"
"3744","fatwa","347937","True"
"3745","stade","347571","True"
"3746","whims","347565","True"
"3747","pombe","347525","True"
"3748","fangs","347216","True"
"3749","rabat","347104","True"
"3750","wiles","347101","True"
"3751","ensue","347067","True"
"3752","conto","347030","True"
"3753","sybil","346919","True"
"3754","pekin","346788","True"
"3755","domus","346237","False"
"3756","borer","345460","True"
"3757","clump","345355","True"
"3758","mensa","345320","True"
"3759","tarps","344956","True"
"3760","tilde","344748","True"
"3761","midis","344574","True"
"3762","skids","343992","True"
"3763","skeet","343898","True"
"3764","taber","342966","True"
"3765","dimly","342692","True"
"3766","naira","342118","True"
"3767","rhein","342044","False"
"3768","bijou","341954","True"
"3769","razer","341675","True"
"3770","hymen","341598","True"
"3771","forgo","340426","True"
"3772","tacks","340393","True"
"3773","brats","339931","True"
"3774","lakhs","339793","True"
"3775","faery","339469","True"
"3776","poise","339263","True"
"3777","meiji","339225","False"
"3778","duchy","339003","True"
"3779","etude","338721","True"
"3780","dette","338645","False"
"3781","gaunt","338487","True"
"3782","effie","338283","False"
"3783","boden","338169","False"
"3784","suave","336960","True"
"3785","tulle","336799","True"
"3786","gabby","336756","True"
"3787","micky","336259","True"
"3788","gooey","335656","True"
"3789","manet","335542","True"
"3790","kondo","335378","True"
"3791","bidet","335335","True"
"3792","didst","335242","True"
"3793","carex","335219","True"
"3794","croat","334462","False"
"3795","manos","334298","True"
"3796","kendo","334180","True"
"3797","tangy","333638","True"
"3798","artsy","333481","True"
"3799","wilds","333381","True"
"3800","golds","333197","True"
"3801","brads","332940","True"
"3802","grebe","332810","True"
"3803","blobs","332665","True"
"3804","payed","332515","True"
"3805","banca","332173","False"
"3806","rondo","332097","True"
"3807","piste","332028","True"
"3808","jewry","331914","False"
"3809","whoop","331753","True"
"3810","cacao","331714","True"
"3811","glick","331648","False"
"3812","soggy","331525","True"
"3813","linac","331196","True"
"3814","beret","330199","True"
"3815","golly","329846","True"
"3816","scrip","328826","True"
"3817","matti","328688","False"
"3818","crump","328553","True"
"3819","cyclo","328470","True"
"3820","marci","328204","False"
"3821","mince","328039","True"
"3822","frets","327989","True"
"3823","fluor","327545","True"
"3824","hunch","327195","True"
"3825","laney","326778","False"
"3826","benzo","326701","False"
"3827","mingo","326048","False"
"3828","rater","325717","True"
"3829","mazes","325527","True"
"3830","farts","325011","True"
"3831","anise","324336","True"
"3832","rebbe","323839","True"
"3833","surah","323774","True"
"3834","rolfe","323348","False"
"3835","dixit","322848","True"
"3836","swabs","322684","True"
"3837","prise","322565","True"
"3838","simba","322561","True"
"3839","terns","322293","True"
"3840","raged","322172","True"
"3841","hosta","322160","True"
"3842","lazar","321985","True"
"3843","hiked","321931","True"
"3844","umbra","321800","True"
"3845","mahdi","321743","False"
"3846","amply","321480","True"
"3847","chaka","321285","False"
"3848","phare","320138","True"
"3849","kabel","319861","False"
"3850","duped","319795","True"
"3851","inane","319343","True"
"3852","corky","318993","True"
"3853","snags","318312","True"
"3854","olden","318215","True"
"3855","herne","318137","False"
"3856","tatar","317945","True"
"3857","acker","317695","True"
"3858","lyase","317653","True"
"3859","llano","317161","True"
"3860","reedy","316918","True"
"3861","ceded","316917","True"
"3862","amide","316773","True"
"3863","sleds","316641","True"
"3864","wreak","316442","True"
"3865","vivre","316235","False"
"3866","capra","316123","False"
"3867","bloat","315923","True"
"3868","seder","315708","True"
"3869","addie","315504","False"
"3870","surya","314172","False"
"3871","yazoo","314167","False"
"3872","leche","313394","False"
"3873","herve","312705","False"
"3874","conga","312319","True"
"3875","agave","312239","True"
"3876","zilla","311318","True"
"3877","beeps","311081","True"
"3878","equus","310941","False"
"3879","greys","310921","True"
"3880","wench","310447","False"
"3881","kling","309783","False"
"3882","pawns","309696","True"
"3883","midge","308737","True"
"3884","glial","308665","True"
"3885","chron","308082","False"
"3886","melba","308005","True"
"3887","bream","307756","True"
"3888","imago","307167","True"
"3889","orcas","307125","True"
"3890","jakes","307048","True"
"3891","betas","306327","True"
"3892","basta","306217","True"
"3893","selle","305996","True"
"3894","penna","305448","True"
"3895","ricks","305248","True"
"3896","heald","305244","True"
"3897","sleet","305148","True"
"3898","drips","303778","True"
"3899","saree","303706","True"
"3900","fille","303542","True"
"3901","soapy","303519","True"
"3902","savin","303518","True"
"3903","tardy","303140","True"
"3904","crunk","303067","True"
"3905","theor","302768","False"
"3906","harps","302084","True"
"3907","knuth","301480","False"
"3908","arjun","301474","False"
"3909","boner","301402","True"
"3910","coppa","301351","False"
"3911","smelt","301053","True"
"3912","renin","300995","True"
"3913","yearn","300957","True"
"3914","paged","300118","True"
"3915","erupt","300083","True"
"3916","baile","299798","False"
"3917","carne","299731","False"
"3918","sodas","299348","True"
"3919","plats","299052","True"
"3920","daman","298839","True"
"3921","mamie","298552","True"
"3922","upped","298533","True"
"3923","trine","297941","True"
"3924","lieut","297564","False"
"3925","belay","297360","True"
"3926","slats","297172","True"
"3927","galls","296535","True"
"3928","unary","296481","True"
"3929","heave","296454","True"
"3930","rarer","296244","True"
"3931","elses","296128","False"
"3932","ahold","295977","True"
"3933","dobra","295948","True"
"3934","coven","295821","True"
"3935","mores","295725","True"
"3936","elegy","295636","True"
"3937","passo","295194","False"
"3938","taunt","295148","True"
"3939","aphid","295138","True"
"3940","myrrh","294893","True"
"3941","chaff","294863","True"
"3942","hasnt","294856","False"
"3943","showy","294798","True"
"3944","emcee","294621","True"
"3945","spied","294373","True"
"3946","aloof","294291","True"
"3947","snore","294125","True"
"3948","duper","293268","True"
"3949","machi","293238","True"
"3950","ochre","293192","True"
"3951","quell","292803","True"
"3952","clary","292452","True"
"3953","bande","292263","False"
"3954","duomo","291121","True"
"3955","dined","290743","True"
"3956","sensu","290647","False"
"3957","orang","290223","True"
"3958","magus","290097","True"
"3959","bores","289979","True"
"3960","silex","289557","True"
"3961","vireo","289521","True"
"3962","umber","289235","True"
"3963","goths","289217","True"
"3964","areal","289091","True"
"3965","laban","288870","False"
"3966","downy","288639","True"
"3967","kudzu","288577","True"
"3968","helge","288017","False"
"3969","lemur","287912","True"
"3970","terse","287692","True"
"3971","utile","287546","True"
"3972","trite","287494","True"
"3973","shard","287428","True"
"3974","coroa","287365","False"
"3975","hanky","287363","True"
"3976","tasco","287034","False"
"3977","pavia","286964","False"
"3978","kiddy","286716","True"
"3979","sence","286280","False"
"3980","sires","286232","True"
"3981","roque","285897","True"
"3982","dowel","285802","True"
"3983","bards","285757","True"
"3984","stags","285274","True"
"3985","seedy","284954","True"
"3986","spass","284951","False"
"3987","mazur","284430","False"
"3988","caret","284139","True"
"3989","parra","283456","True"
"3990","vichy","282961","True"
"3991","weeps","282891","True"
"3992","quoth","282770","True"
"3993","combe","282561","True"
"3994","apres","282360","True"
"3995","testa","282061","True"
"3996","ditty","281979","True"
"3997","skiff","281833","True"
"3998","gummy","281705","True"
"3999","hight","281662","True"
"4000","varia","281539","True"
"4001","rebar","281535","True"
"4002","rogan","281333","False"
"4003","sisal","280742","True"
"4004","clave","279866","True"
"4005","pokes","279744","True"
"4006","hunky","279599","True"
"4007","atria","279451","True"
"4008","tabac","279442","False"
"4009","sagas","279405","True"
"4010","cress","279364","True"
"4011","lanny","279015","False"
"4012","ficus","278867","True"
"4013","culpa","278558","True"
"4014","froth","278469","True"
"4015","derma","278422","True"
"4016","vinod","277627","False"
"4017","tubby","277187","True"
"4018","mired","276967","True"
"4019","breve","276955","True"
"4020","gconv","276662","False"
"4021","raver","276658","True"
"4022","smote","276278","True"
"4023","axion","276049","True"
"4024","bolus","275931","True"
"4025","murat","275580","False"
"4026","capel","275357","False"
"4027","mushy","275321","True"
"4028","dozer","275217","True"
"4029","dowry","275011","True"
"4030","adieu","274747","True"
"4031","maida","274571","False"
"4032","snuck","274495","True"
"4033","campy","274413","True"
"4034","awash","274221","True"
"4035","barbs","274090","True"
"4036","clift","273901","True"
"4037","locum","273698","True"
"4038","payor","273084","True"
"4039","aback","272920","True"
"4040","griff","272880","True"
"4041","scaly","272847","True"
"4042","esker","272809","True"
"4043","glint","272373","True"
"4044","stoic","272080","True"
"4045","panos","271969","False"
"4046","alums","271859","True"
"4047","modoc","271847","False"
"4048","amiss","271389","True"
"4049","carbo","270809","True"
"4050","livid","270785","True"
"4051","hares","270712","True"
"4052","pokey","270609","True"
"4053","smite","270393","True"
"4054","alist","270374","True"
"4055","sarin","270347","True"
"4056","chump","270215","True"
"4057","schuh","270056","False"
"4058","vamos","270017","False"
"4059","scoot","269666","True"
"4060","ingle","269023","True"
"4061","hyena","268889","True"
"4062","daffy","268813","True"
"4063","blurs","268623","True"
"4064","stabs","268482","True"
"4065","klick","268102","True"
"4066","larch","267733","True"
"4067","boles","267384","True"
"4068","aline","267309","True"
"4069","byway","266973","True"
"4070","pleat","266830","True"
"4071","hsien","266552","False"
"4072","utero","266458","False"
"4073","swash","265955","True"
"4074","udell","265951","False"
"4075","tanga","265576","True"
"4076","birdy","265549","False"
"4077","clank","265523","True"
"4078","marts","265406","True"
"4079","locos","265108","True"
"4080","ruble","265028","True"
"4081","brier","264521","True"
"4082","coves","264469","True"
"4083","damme","264150","True"
"4084","noddy","263991","True"
"4085","doers","263783","True"
"4086","thais","263711","False"
"4087","blimp","263458","True"
"4088","cleve","263089","True"
"4089","chomp","263066","True"
"4090","macaw","261749","True"
"4091","jager","261574","True"
"4092","opals","261351","True"
"4093","salix","261339","True"
"4094","dived","261166","True"
"4095","baldy","261017","True"
"4096","plier","260940","True"
"4097","loner","260915","True"
"4098","comox","260786","False"
"4099","banal","260129","True"
"4100","rears","260073","True"
"4101","gluck","259856","False"
"4102","ganga","259850","False"
"4103","spong","259708","False"
"4104","guava","259541","True"
"4105","clade","259453","True"
"4106","holed","259059","True"
"4107","actos","258309","False"
"4108","bigot","258267","True"
"4109","goons","258119","True"
"4110","titer","258055","True"
"4111","paves","257565","True"
"4112","burge","256662","False"
"4113","balms","256614","True"
"4114","assis","256221","False"
"4115","irate","256072","True"
"4116","sitar","255993","True"
"4117","pushy","255990","True"
"4118","sheaf","255879","True"
"4119","roars","255578","True"
"4120","bilbo","255543","True"
"4121","dingy","255349","True"
"4122","horas","255233","True"
"4123","lotte","255085","True"
"4124","duals","255075","True"
"4125","azide","254983","True"
"4126","rands","254831","True"
"4127","lanas","254590","True"
"4128","truer","254461","True"
"4129","limes","254454","True"
"4130","kraut","254150","True"
"4131","reams","253943","True"
"4132","quays","253791","True"
"4133","slung","253265","True"
"4134","bight","253016","True"
"4135","fells","252935","True"
"4136","tucks","252616","True"
"4137","jacko","252600","False"
"4138","ables","252284","True"
"4139","oxbow","252273","True"
"4140","calyx","252215","True"
"4141","phill","251954","False"
"4142","coram","251898","True"
"4143","pails","250638","True"
"4144","burly","250632","True"
"4145","akasa","250625","False"
"4146","mange","250483","True"
"4147","dings","250449","True"
"4148","mowed","250292","True"
"4149","gouda","249914","False"
"4150","causa","249786","True"
"4151","evert","249660","True"
"4152","helio","249588","True"
"4153","leeks","249429","True"
"4154","hiper","249242","False"
"4155","blots","249068","True"
"4156","creda","248956","False"
"4157","raked","248939","True"
"4158","bizet","248816","False"
"4159","gaudy","248813","True"
"4160","muang","248567","False"
"4161","frosh","248077","True"
"4162","kebab","248067","True"
"4163","janos","247278","False"
"4164","ambit","247267","True"
"4165","ghoul","247064","True"
"4166","clack","246726","True"
"4167","salmo","246710","False"
"4168","whiff","246582","True"
"4169","maile","246432","True"
"4170","caulk","245944","True"
"4171","limba","245623","True"
"4172","borel","245222","True"
"4173","claro","244919","True"
"4174","flees","244621","True"
"4175","blocs","244531","True"
"4176","albin","244455","False"
"4177","sayer","243924","True"
"4178","tarry","243850","True"
"4179","joule","243810","True"
"4180","tuber","243798","True"
"4181","vexed","243525","True"
"4182","micra","243254","True"
"4183","plied","243191","True"
"4184","twang","243118","True"
"4185","ombre","243069","True"
"4186","belli","242871","False"
"4187","calms","242513","True"
"4188","havel","242432","False"
"4189","obeys","242408","True"
"4190","voile","242035","True"
"4191","layed","241694","True"
"4192","ghazi","241650","True"
"4193","whorl","241096","True"
"4194","carib","241085","False"
"4195","kyung","241054","False"
"4196","gouge","240551","True"
"4197","chirp","240510","True"
"4198","gyrus","240316","True"
"4199","ganja","240308","True"
"4200","halve","240290","True"
"4201","breck","240154","False"
"4202","tamed","239956","True"
"4203","rower","239796","True"
"4204","zaman","239727","True"
"4205","aunty","239524","True"
"4206","snafu","239431","True"
"4207","shaul","239120","True"
"4208","albee","239116","True"
"4209","prams","238922","True"
"4210","monad","238651","True"
"4211","bandy","238539","True"
"4212","shits","238365","True"
"4213","wasco","238137","False"
"4214","snide","238032","True"
"4215","satis","237793","True"
"4216","dusts","237576","True"
"4217","gruff","237505","True"
"4218","buxom","237464","True"
"4219","phebe","236602","False"
"4220","nanda","235971","False"
"4221","knead","235592","True"
"4222","lamas","235575","True"
"4223","rebut","235254","True"
"4224","oriya","234760","False"
"4225","shree","234667","False"
"4226","alpen","234450","False"
"4227","ating","234390","False"
"4228","wendi","234302","False"
"4229","coups","234254","True"
"4230","segue","234120","True"
"4231","dotty","234104","True"
"4232","ingot","234052","True"
"4233","mimeo","233985","True"
"4234","guppy","233792","True"
"4235","signa","233687","True"
"4236","coley","233644","True"
"4237","choco","233557","True"
"4238","telia","233234","True"
"4239","homey","233113","True"
"4240","glean","232952","True"
"4241","anjou","231958","False"
"4242","missa","231828","True"
"4243","bogle","231716","True"
"4244","poppa","231519","True"
"4245","irfan","231426","False"
"4246","dinos","231419","True"
"4247","pasty","231237","True"
"4248","prine","231151","False"
"4249","paver","231018","True"
"4250","shoji","231018","True"
"4251","lindo","230640","False"
"4252","agios","230082","True"
"4253","ovals","230020","True"
"4254","crone","229759","True"
"4255","ising","229673","False"
"4256","pubes","229514","True"
"4257","tical","229501","True"
"4258","matts","229482","True"
"4259","laver","229347","True"
"4260","peeks","229261","True"
"4261","creel","228934","True"
"4262","delis","228848","True"
"4263","fosse","228402","True"
"4264","fides","227901","True"
"4265","indic","227893","False"
"4266","pater","227685","True"
"4267","mused","227635","True"
"4268","shays","227563","True"
"4269","rebus","227042","True"
"4270","garbo","226734","True"
"4271","luger","226711","True"
"4272","foamy","226531","True"
"4273","lurid","226354","True"
"4274","hansa","226295","True"
"4275","pampa","226170","True"
"4276","antal","226145","False"
"4277","benet","226135","True"
"4278","grice","225915","True"
"4279","hoots","225519","True"
"4280","whiny","225341","True"
"4281","drago","225112","False"
"4282","huffy","225112","True"
"4283","bests","224868","True"
"4284","matra","224804","False"
"4285","tinge","224709","True"
"4286","scuff","224673","True"
"4287","loran","223906","True"
"4288","cruse","223824","True"
"4289","evens","223759","True"
"4290","muffs","223133","True"
"4291","telos","223130","True"
"4292","chums","223080","True"
"4293","tomes","222783","True"
"4294","miser","222219","True"
"4295","clima","222162","False"
"4296","treas","221867","False"
"4297","lidia","221641","False"
"4298","phlox","221261","True"
"4299","sakes","221028","True"
"4300","tepid","220695","True"
"4301","smock","220361","True"
"4302","coeff","220346","False"
"4303","cardo","220331","False"
"4304","sired","220280","True"
"4305","cubby","220112","True"
"4306","bourg","219928","True"
"4307","covet","219812","True"
"4308","kemal","219413","False"
"4309","gyros","219254","True"
"4310","effet","218343","False"
"4311","felis","218336","False"
"4312","cuddy","218200","True"
"4313","ccitt","218105","False"
"4314","cored","217931","True"
"4315","parle","217836","True"
"4316","dears","217282","True"
"4317","calor","217100","False"
"4318","waver","217064","True"
"4319","xenos","216975","False"
"4320","conic","216832","True"
"4321","bares","216791","True"
"4322","laure","216746","False"
"4323","omens","216634","True"
"4324","rheum","216585","True"
"4325","vanes","216576","True"
"4326","brule","216438","True"
"4327","sappy","216405","True"
"4328","givin","216353","False"
"4329","mocks","216156","True"
"4330","natty","215845","True"
"4331","elude","215496","True"
"4332","tripe","215448","True"
"4333","ahmet","215359","False"
"4334","gault","215308","True"
"4335","becks","215169","True"
"4336","claes","215104","True"
"4337","saran","215052","True"
"4338","bantu","215030","True"
"4339","bromo","215016","True"
"4340","liven","214914","True"
"4341","dunks","214757","True"
"4342","bunks","214252","True"
"4343","feria","214175","True"
"4344","peeve","213790","True"
"4345","gutsy","213692","True"
"4346","selah","213338","True"
"4347","shyly","213165","True"
"4348","pardo","213131","False"
"4349","scone","213031","True"
"4350","throb","212889","True"
"4351","arion","212819","False"
"4352","duels","212809","True"
"4353","arche","212646","False"
"4354","kalam","212453","True"
"4355","shims","212293","True"
"4356","mumbo","211758","False"
"4357","miler","211732","True"
"4358","evict","211591","True"
"4359","crips","211540","True"
"4360","neigh","211412","True"
"4361","roxie","211370","False"
"4362","foret","211226","False"
"4363","balmy","210906","True"
"4364","bibby","210575","False"
"4365","danke","210504","False"
"4366","pombo","210504","False"
"4367","zesty","210124","True"
"4368","canny","209480","True"
"4369","rifts","209369","True"
"4370","taiga","209181","True"
"4371","doria","208839","False"
"4372","rumen","208759","True"
"4373","incas","208640","False"
"4374","skein","208604","True"
"4375","moldy","208515","True"
"4376","matin","208467","True"
"4377","dione","208399","False"
"4378","oriel","208095","True"
"4379","nines","208082","True"
"4380","haida","208027","False"
"4381","essie","207368","False"
"4382","aught","207367","True"
"4383","narco","207216","True"
"4384","necro","206994","False"
"4385","gules","206933","True"
"4386","corks","206732","True"
"4387","horry","206484","False"
"4388","waker","206432","True"
"4389","chins","206390","True"
"4390","avena","206340","False"
"4391","chita","206091","False"
"4392","rance","206006","True"
"4393","perms","205764","True"
"4394","fossa","205501","True"
"4395","cotes","205184","True"
"4396","lurch","204983","True"
"4397","matta","204847","False"
"4398","quash","204823","True"
"4399","hokey","204777","True"
"4400","mufti","204002","True"
"4401","gasps","203961","True"
"4402","galli","203918","False"
"4403","septa","203819","True"
"4404","spars","203700","True"
"4405","frise","203691","True"
"4406","howls","203629","True"
"4407","sneer","203583","True"
"4408","curia","203518","True"
"4409","allay","203474","True"
"4410","decry","203238","True"
"4411","sizer","202590","True"
"4412","gusty","202515","True"
"4413","bafta","202503","False"
"4414","redes","201864","True"
"4415","hooch","201647","True"
"4416","alway","201600","True"
"4417","steno","201103","True"
"4418","rigel","200948","False"
"4419","plies","200925","True"
"4420","ringe","200666","False"
"4421","leper","200592","True"
"4422","foram","200416","True"
"4423","oldie","200255","True"
"4424","tater","200207","True"
"4425","anniv","200161","False"
"4426","lucan","199884","False"
"4427","canst","199219","True"
"4428","lunge","199129","True"
"4429","swale","198985","True"
"4430","hosed","198644","True"
"4431","rives","198588","True"
"4432","wrens","198351","True"
"4433","tenon","198272","True"
"4434","novae","198124","True"
"4435","yager","198064","True"
"4436","irian","197570","False"
"4437","refit","197564","True"
"4438","dosed","197560","True"
"4439","boite","197551","True"
"4440","pucks","197236","True"
"4441","kerns","197073","True"
"4442","trapt","196767","True"
"4443","ouija","196199","True"
"4444","droll","196087","True"
"4445","copia","196052","False"
"4446","turco","195996","False"
"4447","shyam","195973","False"
"4448","endow","195844","True"
"4449","razed","195746","True"
"4450","manus","195513","True"
"4451","ronco","195471","False"
"4452","knick","194588","False"
"4453","vidya","194560","False"
"4454","fizzy","194519","True"
"4455","mongo","194449","True"
"4456","offal","194416","True"
"4457","dawns","194371","True"
"4458","mungo","194356","True"
"4459","staid","194345","True"
"4460","cryst","194333","False"
"4461","pithy","194285","True"
"4462","shirk","194196","True"
"4463","pangs","194132","True"
"4464","knell","193672","True"
"4465","exalt","193526","True"
"4466","russe","193236","True"
"4467","elric","193165","False"
"4468","liana","193039","True"
"4469","oaten","192579","True"
"4470","burbs","192323","True"
"4471","zingy","192302","True"
"4472","laker","192269","True"
"4473","pinal","192156","False"
"4474","durum","192040","True"
"4475","guano","191918","True"
"4476","autem","191862","False"
"4477","boars","191697","True"
"4478","afore","191691","True"
"4479","begat","191296","True"
"4480","ripen","191197","True"
"4481","brawn","191036","True"
"4482","gaius","191025","False"
"4483","pacts","190899","True"
"4484","stipe","189957","True"
"4485","inone","189240","False"
"4486","riche","189194","False"
"4487","batts","189079","True"
"4488","sunna","188874","True"
"4489","flyby","188696","True"
"4490","wring","188579","True"
"4491","bogue","188533","True"
"4492","ophir","188402","False"
"4493","pavan","188282","True"
"4494","bryon","188252","False"
"4495","mosel","188136","False"
"4496","sooke","188108","False"
"4497","seeps","188076","True"
"4498","gumby","187785","False"
"4499","roped","187674","True"
"4500","clang","187651","True"
"4501","aubin","187571","False"
"4502","djinn","187307","True"
"4503","coble","187245","True"
"4504","orgia","187239","True"
"4505","saris","187170","True"
"4506","lakin","187040","True"
"4507","bared","186940","True"
"4508","contd","186821","False"
"4509","humus","186734","True"
"4510","lauds","186539","True"
"4511","woden","186087","False"
"4512","ladin","185937","False"
"4513","pales","185911","True"
"4514","serta","185792","False"
"4515","blain","185777","True"
"4516","felts","185685","True"
"4517","tykes","185622","True"
"4518","folie","185419","True"
"4519","frock","185379","True"
"4520","wrest","185267","True"
"4521","runic","185207","True"
"4522","abies","185002","True"
"4523","shute","184885","True"
"4524","copes","184788","True"
"4525","banus","184761","False"
"4526","recto","184754","True"
"4527","ashen","184747","True"
"4528","murph","184655","False"
"4529","thiol","184641","True"
"4530","snarl","184639","True"
"4531","caryl","184430","False"
"4532","fixup","184304","False"
"4533","etwas","184102","False"
"4534","panna","184094","False"
"4535","ohare","184088","False"
"4536","waned","183450","True"
"4537","kemps","183278","True"
"4538","finis","183173","True"
"4539","rishi","183120","True"
"4540","alois","183079","False"
"4541","leggy","182670","True"
"4542","larus","182515","False"
"4543","caved","182199","True"
"4544","corns","182185","True"
"4545","berri","181948","False"
"4546","dados","181878","True"
"4547","bocce","181807","True"
"4548","amass","181774","True"
"4549","sheva","181594","True"
"4550","iliac","181298","True"
"4551","ansar","181287","False"
"4552","arete","181243","True"
"4553","techy","181185","True"
"4554","bogan","181052","True"
"4555","sumac","181045","True"
"4556","dower","181025","True"
"4557","ricin","181022","True"
"4558","wordy","180947","True"
"4559","regia","180777","False"
"4560","reeks","180768","True"
"4561","bogie","180493","True"
"4562","jaunt","180434","True"
"4563","agers","180316","True"
"4564","spier","180057","True"
"4565","irena","179540","False"
"4566","colla","179453","False"
"4567","oleic","179394","True"
"4568","legis","179197","False"
"4569","dalle","178986","True"
"4570","octyl","178952","True"
"4571","imams","178887","True"
"4572","freon","178783","True"
"4573","dicky","178722","True"
"4574","hoppy","178655","True"
"4575","gorse","178549","True"
"4576","louse","178544","True"
"4577","burro","178515","True"
"4578","ileum","178356","True"
"4579","bassi","178307","True"
"4580","roker","178208","True"
"4581","scoff","177728","True"
"4582","maser","177541","True"
"4583","furor","177433","True"
"4584","josey","177255","False"
"4585","oomph","177199","True"
"4586","casks","177165","True"
"4587","albus","177125","False"
"4588","wader","176850","True"
"4589","sixes","176765","True"
"4590","flexo","176393","True"
"4591","frere","176281","True"
"4592","fugit","176280","False"
"4593","tikka","176038","True"
"4594","dregs","175993","True"
"4595","anker","175826","True"
"4596","udder","175766","True"
"4597","sacre","175733","False"
"4598","snead","175337","True"
"4599","asana","175243","True"
"4600","dolph","175058","False"
"4601","sewed","175012","True"
"4602","tushy","174958","True"
"4603","masha","174738","False"
"4604","kreis","174706","False"
"4605","abstr","174560","False"
"4606","malts","174495","True"
"4607","sabra","174408","True"
"4608","biome","174268","True"
"4609","echos","174213","True"
"4610","scull","174118","True"
"4611","flume","173970","True"
"4612","manas","173858","True"
"4613","bakes","173816","True"
"4614","pacha","173750","True"
"4615","aedes","173718","True"
"4616","hafiz","173633","True"
"4617","atman","173626","True"
"4618","rungs","173503","True"
"4619","lytic","173474","True"
"4620","seely","173389","True"
"4621","edger","173335","True"
"4622","radek","173328","False"
"4623","garni","173084","True"
"4624","mamba","173027","True"
"4625","borax","172497","True"
"4626","hatte","172233","False"
"4627","coped","171985","True"
"4628","indiv","171867","False"
"4629","ferme","171725","False"
"4630","chiao","171626","True"
"4631","lowed","171464","True"
"4632","staph","171410","True"
"4633","chubs","171399","True"
"4634","galax","171399","True"
"4635","carty","171372","False"
"4636","aggro","171343","True"
"4637","hayne","171264","False"
"4638","feely","171227","False"
"4639","gilly","171141","True"
"4640","kapok","170880","True"
"4641","crags","170586","True"
"4642","bodes","170580","True"
"4643","brack","170564","True"
"4644","homed","170394","True"
"4645","tates","170224","True"
"4646","scold","170208","True"
"4647","dewan","170178","True"
"4648","tress","170140","True"
"4649","suzan","169973","False"
"4650","uhuru","169967","True"
"4651","folia","169908","True"
"4652","sawed","169894","True"
"4653","serio","169675","False"
"4654","croak","169181","True"
"4655","abhor","169167","True"
"4656","peart","169113","True"
"4657","reman","169056","True"
"4658","dopey","169040","True"
"4659","tweet","168757","True"
"4660","leery","168700","True"
"4661","verry","168580","True"
"4662","rowed","168567","True"
"4663","elfin","168528","True"
"4664","emote","168497","True"
"4665","meads","168366","True"
"4666","loupe","168244","True"
"4667","rubia","167974","False"
"4668","barat","167865","False"
"4669","adela","167668","False"
"4670","frags","167627","True"
"4671","testy","167487","True"
"4672","abend","167377","False"
"4673","fibra","167312","False"
"4674","pasts","166896","True"
"4675","kashi","166616","False"
"4676","loach","166557","True"
"4677","infix","166395","True"
"4678","moyle","166237","True"
"4679","chowk","166142","True"
"4680","liras","166076","True"
"4681","geode","166060","True"
"4682","tapia","165662","False"
"4683","riven","165533","True"
"4684","jeers","165473","True"
"4685","soaks","165469","True"
"4686","kurta","165096","True"
"4687","kamik","164880","True"
"4688","snobs","164598","True"
"4689","bocca","164468","True"
"4690","dicta","164449","True"
"4691","clink","164177","True"
"4692","weirs","163720","True"
"4693","whigs","163720","True"
"4694","shill","163716","True"
"4695","bossy","163576","True"
"4696","tilia","163573","False"
"4697","arras","163483","True"
"4698","whist","163310","True"
"4699","marae","163277","True"
"4700","sayid","163143","True"
"4701","ketch","163062","True"
"4702","dobie","162980","True"
"4703","bicep","162754","True"
"4704","softs","162553","True"
"4705","lunes","162527","True"
"4706","dural","162445","True"
"4707","lapin","162426","True"
"4708","algol","162346","False"
"4709","manes","162340","True"
"4710","swart","162262","True"
"4711","kevan","162223","False"
"4712","vanda","162215","True"
"4713","weald","162053","True"
"4714","kamel","162041","False"
"4715","dicey","161963","True"
"4716","hocus","161938","True"
"4717","dowdy","161797","True"
"4718","rials","161604","True"
"4719","dungy","161356","True"
"4720","dilly","161256","True"
"4721","getid","161244","False"
"4722","shaka","161238","False"
"4723","gamba","161217","True"
"4724","folky","161177","True"
"4725","dobby","161122","True"
"4726","cuvee","160890","True"
"4727","sikes","160692","True"
"4728","bawdy","160667","True"
"4729","beaut","160328","True"
"4730","weedy","160228","True"
"4731","hadnt","160178","False"
"4732","sacra","160174","True"
"4733","grope","160148","True"
"4734","booed","160116","True"
"4735","chara","159940","True"
"4736","ghast","159837","True"
"4737","afoul","159727","True"
"4738","hames","159559","True"
"4739","pocus","159497","False"
"4740","hance","159430","True"
"4741","nobis","159308","False"
"4742","ology","159238","True"
"4743","altho","159231","True"
"4744","blest","159216","True"
"4745","mesas","159214","True"
"4746","elian","159178","False"
"4747","sures","159115","True"
"4748","picea","159045","False"
"4749","salta","158864","False"
"4750","inger","158785","False"
"4751","kapur","158659","False"
"4752","ignis","158549","False"
"4753","feuds","158477","True"
"4754","chlor","158462","False"
"4755","toque","158397","True"
"4756","hiver","158244","True"
"4757","irani","158176","False"
"4758","tains","158156","True"
"4759","paren","158052","True"
"4760","cilia","157701","True"
"4761","salar","157614","False"
"4762","avera","157436","False"
"4763","genny","157335","True"
"4764","torte","157289","True"
"4765","rajah","157089","True"
"4766","calli","157010","False"
"4767","maire","156974","True"
"4768","outed","156963","True"
"4769","comal","156852","True"
"4770","gazes","156793","True"
"4771","twats","156751","True"
"4772","peppy","156692","True"
"4773","loess","156409","True"
"4774","humic","156383","True"
"4775","egger","156232","True"
"4776","sylva","156204","True"
"4777","droop","156194","True"
"4778","waded","156095","True"
"4779","copps","155790","False"
"4780","cuppa","155780","True"
"4781","tamas","155749","False"
"4782","liane","155704","True"
"4783","grubs","155690","True"
"4784","bergh","155674","False"
"4785","flail","155382","True"
"4786","eland","155343","True"
"4787","ardor","155258","True"
"4788","sexed","155161","True"
"4789","talus","155055","True"
"4790","aeron","155041","False"
"4791","dures","155000","True"
"4792","apace","154873","True"
"4793","loral","154870","True"
"4794","carob","154818","True"
"4795","auxin","154606","True"
"4796","boric","154527","True"
"4797","dross","154345","True"
"4798","yucky","154277","True"
"4799","hauls","154079","True"
"4800","lunas","153893","True"
"4801","takao","153842","False"
"4802","baler","153800","True"
"4803","mutes","153707","True"
"4804","vobis","153590","False"
"4805","gaels","153588","False"
"4806","bundt","153250","True"
"4807","ached","153141","True"
"4808","xylem","153110","True"
"4809","recip","153029","False"
"4810","senso","152976","False"
"4811","atone","152901","True"
"4812","valse","152885","True"
"4813","douce","152874","True"
"4814","paler","152772","True"
"4815","cuter","152750","True"
"4816","herat","152529","False"
"4817","frisk","152512","True"
"4818","oiler","152495","True"
"4819","uinta","152430","False"
"4820","cella","152229","True"
"4821","pumas","152053","True"
"4822","loath","151677","True"
"4823","remap","151596","True"
"4824","longa","151573","True"
"4825","neves","151558","True"
"4826","bindi","151524","True"
"4827","arcos","151492","True"
"4828","exult","151420","True"
"4829","claps","151414","True"
"4830","pipet","151087","True"
"4831","nomen","150990","True"
"4832","agnus","150944","False"
"4833","asaph","150704","False"
"4834","swazi","150686","False"
"4835","augen","150534","False"
"4836","rubus","150384","True"
"4837","gomer","150383","True"
"4838","spews","150306","True"
"4839","galas","150294","True"
"4840","vetch","150281","True"
"4841","carrs","150212","True"
"4842","donat","149771","False"
"4843","toyed","149746","True"
"4844","extol","149713","True"
"4845","knave","149542","True"
"4846","croup","149483","True"
"4847","quire","149380","True"
"4848","brags","149273","True"
"4849","sheth","149150","False"
"4850","bails","149105","True"
"4851","moats","149042","True"
"4852","dirks","148968","True"
"4853","spann","148689","False"
"4854","ratty","148678","True"
"4855","pilaf","148512","True"
"4856","scree","148396","True"
"4857","casal","148318","False"
"4858","lamer","148317","True"
"4859","gunny","148136","True"
"4860","bunce","147990","True"
"4861","antic","147936","True"
"4862","hirer","147904","True"
"4863","fowls","147855","True"
"4864","coons","147809","False"
"4865","berms","147739","True"
"4866","nudie","147669","True"
"4867","casse","147609","False"
"4868","zakat","147546","True"
"4869","leman","147542","True"
"4870","genom","147512","True"
"4871","cushy","147465","True"
"4872","lally","147296","False"
"4873","husks","147291","True"
"4874","raved","147221","True"
"4875","reaps","147148","True"
"4876","recut","146984","True"
"4877","cesta","146961","True"
"4878","scrim","146877","True"
"4879","gilts","146810","True"
"4880","gotha","146743","False"
"4881","nihil","146679","True"
"4882","ovine","146663","True"
"4883","untie","146576","True"
"4884","annul","146490","True"
"4885","lanky","146488","True"
"4886","vises","146483","True"
"4887","outdo","146433","True"
"4888","bodhi","146406","True"
"4889","circe","146191","False"
"4890","stich","146019","True"
"4891","vagas","145828","False"
"4892","mammy","145805","True"
"4893","beaks","145800","True"
"4894","hexes","145736","True"
"4895","banns","145651","True"
"4896","ennui","145576","True"
"4897","drome","145557","True"
"4898","purer","145370","True"
"4899","trave","145105","True"
"4900","porgy","145097","True"
"4901","colas","145079","True"
"4902","ferri","144858","False"
"4903","perse","144844","True"
"4904","bleat","144793","True"
"4905","coops","144776","True"
"4906","thins","144657","True"
"4907","pappy","144540","True"
"4908","tanka","144512","True"
"4909","fasts","144307","True"
"4910","maney","144169","False"
"4911","sprig","143773","True"
"4912","ovate","143727","True"
"4913","tinea","143689","True"
"4914","danio","143619","True"
"4915","brune","143577","False"
"4916","sella","143359","True"
"4917","katha","143265","False"
"4918","dally","142954","True"
"4919","soler","142747","True"
"4920","henny","142676","True"
"4921","spica","142550","True"
"4922","shoop","142537","False"
"4923","duces","142487","True"
"4924","tings","142437","True"
"4925","cobbs","142352","True"
"4926","shorn","142311","True"
"4927","lande","142236","True"
"4928","haram","142104","True"
"4929","jebel","142078","True"
"4930","orals","141983","True"
"4931","exude","141931","True"
"4932","gamin","141727","True"
"4933","surfs","141721","True"
"4934","jiggy","141701","True"
"4935","amble","141586","True"
"4936","fiver","141567","True"
"4937","aurum","141480","True"
"4938","vadis","141371","False"
"4939","ducal","141276","True"
"4940","sooth","141125","True"
"4941","aider","140957","True"
"4942","flory","140569","True"
"4943","campi","140537","True"
"4944","tuxes","140219","True"
"4945","sabot","140101","True"
"4946","ceiba","139880","True"
"4947","scram","139774","True"
"4948","slavs","139618","False"
"4949","jawed","139535","True"
"4950","ulnar","139384","True"
"4951","lobed","139319","True"
"4952","vagus","139242","True"
"4953","yogic","139187","True"
"4954","grimy","139160","True"
"4955","haman","138972","False"
"4956","falla","138716","False"
"4957","allez","138557","False"
"4958","whare","138331","True"
"4959","grint","138262","False"
"4960","burrs","138116","True"
"4961","dessa","138054","False"
"4962","loamy","138014","True"
"4963","biddy","137910","True"
"4964","crony","137861","True"
"4965","sambo","137842","True"
"4966","swags","137708","True"
"4967","balti","137642","True"
"4968","duffs","137632","True"
"4969","westy","137410","False"
"4970","teary","137396","True"
"4971","sower","137381","True"
"4972","daren","137226","False"
"4973","tilda","137208","False"
"4974","kiddo","136981","True"
"4975","bombe","136941","True"
"4976","satyr","136838","True"
"4977","pares","136717","True"
"4978","yokes","136612","True"
"4979","clava","136230","False"
"4980","drams","136033","True"
"4981","graal","135956","True"
"4982","quent","135881","False"
"4983","fount","135738","True"
"4984","meany","135676","True"
"4985","lithe","135670","True"
"4986","anser","135651","False"
"4987","bitsy","135378","True"
"4988","robed","135344","True"
"4989","marah","135233","True"
"4990","pelts","135142","True"
"4991","molle","135060","False"
"4992","bahai","134945","False"
"4993","salva","134761","False"
"4994","nyssa","134732","True"
"4995","auras","134666","True"
"4996","skied","134470","True"
"4997","panto","134292","True"
"4998","andor","134268","False"
"4999","seers","134265","True"
"5000","begum","134200","True"
