word,a_to_h_letter_count,frequency_score,a_to_h_sequence,match_status,puzzle_id,fen,moves,rating,rating_deviation,popularity,nb_plays,themes,lichess_url,opening_tags,daily_date
"cigar","3","2308","cga","exact","5Ac55","8/1p6/1kbp1pN1/5P2/1P6/2R5/r1p3PP/5R1K w - - 3 32","g6e7 c6g2 h1g1 g2f1 g1f1 a2a1","1607","75","100","233","advantage attraction endgame long","https://lichess.org/ulafojcP#63","",""
"rebut","2","2307","eb","exact","wpXZg","1kr2b1r/1bp3q1/pp2B2p/4n1p1/1P6/P3QN2/5PPP/2R1R1K1 w - - 0 23","e6c8 e5f3 g2f3 b7c8","1598","74","100","416","advantage intermezzo middlegame short","https://lichess.org/h1nmZnrr#45","",""
"humph","2","2306","hh","exact","Wb9dk","2r5/ppq2k1p/3b2P1/1b4P1/3B4/8/P2N4/3K2QR b - - 0 32","f7g6 h1h6 g6f7 h6h7","1600","78","100","1302","crushing deflection middlegame short","https://lichess.org/9pyoyz2b/black#64","",""
"awake","3","2305","aae","exact","Z0TbD","5rk1/p1p2ppp/2p1p3/q2pP3/3Pb3/2P1P2P/1P4P1/1R1Q1RK1 w - - 1 19","b2b4 a5a2 f1f2 a2b1 d1b1 e4b1","1614","74","100","227","advantage endgame long","https://lichess.org/8p2QdoVC#37","",""
"blush","2","2304","bh","exact","TM6Sv","8/5p2/3k3P/3p4/3Kb3/1B2P3/8/8 b - - 0 60","d6e6 b3d5 e4d5 h6h7","1600","74","100","510","advancedPawn bishopEndgame crushing endgame sacrifice short","https://lichess.org/Agbug89X/black#120","",""
"focal","3","2303","fca","exact","qKdMr","8/3p4/1pp1p3/5kp1/P1PP2Rr/2K2P2/8/8 b - - 2 34","h4g4 f3g4 f5g4 c4c5 b6c5 a4a5","1597","75","100","267","advantage defensiveMove endgame long","https://lichess.org/TFdbHUOa/black#68","",""
"evade","4","2302","eade","exact","PaFUj","8/8/8/pp1P4/2k1K3/P7/8/8 b - - 0 46","c4c5 e4e5 b5b4 a3b4 a5b4 d5d6 c5c6 e5e6","1576","86","100","58","endgame","https://lichess.org/CGSbxJjb/black#92","",""
"naval","2","2301","aa","exact","Z2txS","6k1/5pp1/Qp2p2p/P7/1P2n3/4P2P/5PPK/2q5 b - - 2 31","b6a5 a6a8 g8h7 a8e4","1600","100","100","80","endgame equality fork short","https://lichess.org/C9eRaY5H/black#62","",""
"serve","2","2300","ee","exact","EGmGc","rnbq1r2/ppp1bk1p/1n4p1/3p2p1/8/1BNPQ3/PPP2PPP/R1B1R1K1 b - - 4 13","f7g7 e3e7 d8e7 e1e7","1600","75","100","866","advantage opening short","https://lichess.org/ovtu2u3V/black#26","Alekhine_Defense Alekhine_Defense_Normal_Variation",""
"heath","4","2299","heah","exact","8Q1sY","r2q4/pppn2k1/3pQp2/3Pp1r1/5bP1/N1P2K2/PP6/R6R b - - 6 22","d7c5 h1h7 g7h7 e6f7 g5g7 a1h1 f4h6 h1h6 h7h6 f7h5","1839","77","100","1433","attraction mate mateIn5 middlegame sacrifice veryLong","https://lichess.org/D74cHZJt/black#44","",""
"dwarf","3","2298","daf","exact","YLi1y","r2r4/p4kpp/5b2/8/4QP2/7P/PP1B1qP1/R2KR3 w - - 8 25","e4e3 d8d2 e3d2 a8d8 d2d8 f6d8","1595","76","100","143","crushing long middlegame pin sacrifice","https://lichess.org/F5X4DI51#49","",""
"model","2","2297","de","exact","6xb41","3r2k1/p1p1r1p1/2Qbq2p/5p2/PP2p3/2PPBN1P/5PP1/R4RK1 w - - 0 20","d3e4 d6h2 g1h2 e6c6","1600","120","100","61","discoveredAttack equality middlegame short","https://lichess.org/hOW19NLk#39","",""
"karma","2","2296","aa","exact","W51rP","r7/4kp1R/1p1p1p2/3PpP2/r1PqP3/1Q6/6PP/4R2K w - - 1 31","h2h3 a4a1 b3g3 a1e1","1601","77","100","86","endgame","https://lichess.org/9pU6rrwy#61","",""
"grade","4","2295","gade","exact","TXw37","3r3k/5Rq1/pp2Q2p/8/8/1P4P1/P3nPBP/6K1 w - - 4 31","g1f1 g7a1 f1e2 a1d1 e2e3 d1e1 e3f4 e1e6","1830","75","100","65","endgame","https://lichess.org/CW4cBcFB#61","",""
"quiet","1","2294","e","exact","S3ZhS","4B3/p7/1n2pp2/2rb1k2/Pp2q1p1/6QP/5PP1/5RK1 b - - 0 45","g4h3 e8g6","1600","76","100","329","master masterVsMaster mate mateIn1 middlegame oneMove","https://lichess.org/VQyl276r/black#90","",""
"bench","4","2293","bech","exact","M1024","2r1r2k/3QP2P/3p4/pp4p1/1n3q2/3B4/PPPR4/2K1R3 w - - 3 37","d7c8 b4d3 c1b1 e8c8 e7e8q c8e8 e1e8 h8h7","1882","75","94","4472","advantage intermezzo master middlegame pin veryLong","https://lichess.org/CGgYU007#73","",""
"abate","4","2292","abae","exact","IJUTl","4B3/6k1/P7/6r1/1K3p2/8/8/8 b - - 0 47","g5g1 a6a7 g1b1 b4a5 f4f3 a7a8q b1a1 e8a4","1896","76","98","353","advancedPawn crushing defensiveMove endgame promotion veryLong","https://lichess.org/P2mgyI4i/black#94","",""
"feign","3","2291","feg","exact","zDhgw","8/5Nkp/4p3/3p2p1/3PnQ2/5N1P/1q3rP1/4R1K1 w - - 2 34","f7g5 f2g2 g1h1 e4g3 f4g3 g2g3","1605","75","100","435","crushing long middlegame","https://lichess.org/tIaVEB79#67","",""
"major","1","2290","a","exact","PmCiK","1k1r1b1r/pp1n2pp/b1p2p2/Q3pn1P/1P5R/2N1BN2/3K1PP1/2R2q2 b - - 8 23","d7c5 a5d8","1602","78","100","430","hangingPiece mate mateIn1 middlegame oneMove queensideAttack","https://lichess.org/GAqeSIPB/black#46","",""
"death","4","2289","deah","exact","YFMfI","r6k/p6p/1p1P2p1/2p2p2/P1Qbq3/6P1/1P3P1P/R2R2K1 w - - 0 30","d6d7 d4f2 g1f2 e4c4 d7d8r a8d8 d1d8 h8g7","1189","75","100","211","advantage discoveredAttack endgame master masterVsMaster veryLong","https://lichess.org/IMRaPgHH#59","",""
"fresh","3","2288","feh","exact","WtqRg","3r2k1/5p1p/4pQ2/p1p1R3/2P5/PP1r2P1/5PKP/q7 b - - 1 31","g8f8 f6h8 f8e7 e5e6 f7e6 h8a1","1597","76","100","617","advantage discoveredAttack endgame long","https://lichess.org/Ra3ewnQ6/black#62","",""
"crust","1","2287","c","exact","S9Ffo","3r2k1/5pp1/p1p2p2/2b4p/4PN2/5P1P/bPP3P1/2K3NR w - - 0 18","b2b3 c5a3","1599","76","100","1113","endgame mate mateIn1 oneMove","https://lichess.org/WGdFF3nE#35","Richter-Veresov_Attack Richter-Veresov_Attack_Veresov_Variation",""
"colon","1","2286","c","exact","yjzco","r1b1qk1r/4bppp/p1N1p3/8/5Q2/8/PP3PPP/2R2RK1 b - - 0 16","c8b7 c6e7","1601","110","100","71","equality middlegame oneMove","https://lichess.org/QScWP11l/black#32","",""
"abase","4","2285","abae","exact","AeKY0","8/4k3/8/2P5/p5P1/5Q1K/q6P/8 w - - 0 65","c5c6 a2b3 h3g3 b3f3 g3f3 a4a3 c6c7 e7d7 c7c8q d7c8","1568","77","94","1035","crushing endgame queenEndgame veryLong","https://lichess.org/zSxQSwed#129","",""
"marry","1","2284","a","exact","TcXig","R7/7k/4pKP1/1p6/3n4/8/P3r3/8 b - - 0 46","h7h6 a8h8","1603","158","100","7","endgame","https://lichess.org/VV1T9cXT/black#92","",""
"react","3","2283","eac","exact","NkMO8","1k1r4/4q3/B3r2p/3p1p2/4p1p1/2P1Q1P1/1P3P1P/R5K1 b - - 0 34","e7a7 e3a7 b8a7 a6c8 a7b6 c8e6","1589","75","100","330","advantage discoveredAttack endgame exposedKing long queensideAttack","https://lichess.org/25pGigrm/black#68","",""
"batty","2","2282","ba","exact","sSHEs","r1b3k1/5rp1/p2p3R/q4p2/1pPP4/3QPN2/P2K1P1P/6R1 w - - 1 24","d3c2 b4b3 c2c3 a5a2","1600","76","100","1087","advantage deflection discoveredAttack middlegame short","https://lichess.org/EL8dpcX2#47","",""
"pride","2","2281","de","exact","uJSZP","r2q4/p2k1pp1/8/1pp1QP2/3pP2b/3Pn3/PP1N2B1/2R2RK1 w - - 1 24","f1f4 d8g5 e5d5 e3d5","1600","107","100","25","middlegame","https://lichess.org/rmx1tlQ7#47","",""
"floss","1","2280","f","exact","GIQka","2krr3/p1p2ppp/1p1b4/8/P7/2q1BQ1P/2P2PP1/1R1R2K1 b - - 0 18","d6c5 f3a8","1599","367","100","5","middlegame","https://lichess.org/7BkC6d6R/black#36","Nimzowitsch_Defense Nimzowitsch_Defense_Kennedy_Variation",""
"helix","2","2279","he","exact","TIxb4","8/p1p1kpp1/1p2p1p1/8/2PP4/4qQ1n/PP1N4/R5K1 w - - 3 22","g1g2 h3f4 g2h1 e3d2","1600","75","100","599","advantage endgame short","https://lichess.org/jUzzKRP6#43","",""
"croak","2","2278","ca","exact","Ld8rF","8/7p/RPBp2pk/2nPp3/1K4P1/8/2P4r/8 w - - 1 45","b6b7 c5a6 b4b5 a6b8","1599","75","100","939","crushing endgame hangingPiece master short","https://lichess.org/SEt74c6r#89","",""
"staff","3","2277","aff","exact","Ko3y6","8/4Qrk1/pp1p2p1/3P3p/P1Pb3P/1P2R1P1/4R1K1/q7 w - - 5 39","e7g5 a1f1 g2h2 f7f2 e2f2 f1f2","1607","75","100","574","crushing endgame long","https://lichess.org/75Zhz6lA#77","",""
"paper","2","2276","ae","exact","ZwDjq","3R2R1/ppp2p2/5k1p/6p1/2P5/1P3PK1/6PP/q7 w - - 4 30","g8h8 a1e1 g3g4 e1h4","1601","75","100","476","endgame mate mateIn2 queenRookEndgame short","https://lichess.org/FbdakmMv#59","",""
"unfed","3","2275","fed","exact","GBS9i","2r2rk1/5p1p/1qp1pnp1/p3N3/Bb1P4/4PQ2/1P3PPP/R1B2K2 b - - 3 19","g8g7 f3f6 g7f6 e5d7 f6g7 d7b6","1602","75","100","797","advantage attraction fork long middlegame sacrifice","https://lichess.org/WALssTlt/black#38","",""
"whelp","2","2274","he","exact","V4GXH","3rr1k1/p1p2ppp/2p5/2Q1B2q/2PR4/1P2PbP1/P4P1P/R5K1 w - - 3 23","d4h4 h5e5 c5e5 e8e5","1600","74","100","962","advantage middlegame short","https://lichess.org/RkijhZ7u#45","",""
"trawl","1","2273","a","exact","kyA7v","6N1/1p1k4/2pp4/bN2nP2/3KP3/2P5/1P6/8 w - - 4 63","b5a3 a5b6","1594","75","100","1616","endgame mate mateIn1 oneMove","https://lichess.org/c3Jfd3hC#125","",""
"outdo","1","2272","d","exact","mh2Uw","rn5r/ppp1kBp1/8/4N2p/1b1qpPb1/1Q1P4/PP4PP/R1B1KR2 w Q - 3 14","c1d2 d4e3","1600","75","100","543","mate mateIn1 middlegame oneMove pin","https://lichess.org/RQCZFZli#27","Kings_Gambit_Declined Kings_Gambit_Declined_Petrovs_Defense",""
"adobe","4","2271","adbe","exact","apAaJ","r1b3k1/1p3p1p/p2b2p1/q2Pr3/4B3/1P6/P1Q1NPPP/R2R2K1 w - - 2 20","c2c3 a5c3 e2c3 d6b4 a1c1 b4c3 c1c3 e5e4","1702","76","96","10486","capturingDefender crushing middlegame veryLong","https://lichess.org/iJ8rW4JD#39","",""
"crazy","2","2270","ca","exact","YuN7G","8/1k1q1r1p/6p1/1pQ5/1P3P2/3PB1P1/5K1P/8 b - - 0 38","d7d3 c5a7 b7c6 a7f7","1598","75","100","545","crushing endgame short skewer","https://lichess.org/O0LwrBdj/black#76","",""
"sower","1","2269","e","exact","2yTlC","4R3/rp1n3k/7b/2p2p1n/6RN/PP5P/1B6/6K1 b - - 0 37","f5g4 e8h8","1601","75","100","2022","mate mateIn1 middlegame oneMove","https://lichess.org/FokHI1lg/black#74","",""
"repay","2","2268","ea","exact","0dF4P","r3k2b/4pp2/p1ppb3/q3n1p1/4P3/2N2PB1/PPPQ2P1/2KR1B2 w q - 4 17","d2g5 e5d3 d1d3 a5g5","1601","75","100","1489","crushing discoveredAttack middlegame short","https://lichess.org/MySYGLMk#33","Sicilian_Defense Sicilian_Defense_Najdorf_Variation",""
"digit","2","2267","dg","exact","glsvh","rn1qk1nr/pp4pp/2p2p2/8/2BB4/5PbP/PPP3P1/RN1QK2R w KQkq - 2 11","d4f2 d8d1 e1d1 g3f2","1600","76","100","434","advantage opening short","https://lichess.org/CfFleQPo#21","Queens_Pawn_Game Queens_Pawn_Game_Other_variations",""
"crate","3","2266","cae","exact","SNd08","2k5/2q1b1R1/2p1p3/2B1p3/4Pp2/1Q3P2/PPK4r/8 w - - 3 34","c2c3 c7a5 b3b4 a5c5 b4c5 e7c5","1599","75","100","146","endgame","https://lichess.org/ZL7g53sW#67","",""
"cluck","2","2265","cc","exact","Rfemv","3r3k/p5bp/2p3p1/q2nP3/2Q1P3/8/PP1R3P/2KN3R b - - 0 28","a5d2 c1d2 d5b6 c4d3","1600","75","100","885","advantage hangingPiece master middlegame short","https://lichess.org/rATZc5JV/black#56","",""
"spike","1","2264","e","exact","GNZR2","7k/pb5n/1p2q3/7Q/2p2B1P/2PnK3/PP5N/R7 w - - 2 32","e3d4 e6e4","1598","76","100","1204","master mate mateIn1 middlegame oneMove","https://lichess.org/a6xc9Yen#63","",""
"mimic","1","2263","c","exact","rywcH","3rr3/1pR3pp/p2p1nk1/3b1NB1/P3n1PP/8/1P6/R5K1 b - - 0 24","e4g5 c7g7","1597","76","100","1449","hookMate mate mateIn1 middlegame oneMove","https://lichess.org/hliD5joj/black#48","",""
"pound","1","2262","d","exact","6LxtO","4R3/p1kp2Q1/1p1q1pn1/7p/2nB3K/2P2P2/P5PP/8 w - - 7 32","g7g6 d6h2","1598","75","100","332","endgame mate mateIn1 oneMove","https://lichess.org/ODCMdXp3#63","",""
"maxim","1","2261","a","exact","b0dcJ","q5k1/b1pn2pp/p2p1r2/P3p3/8/2PPN3/1P3PPP/1R1Q1RK1 w - - 0 21","e3d5 a8d5","1592","116","100","51","equality hangingPiece middlegame oneMove","https://lichess.org/qaQej4Qa#41","",""
"linen","1","2260","e","exact","OocqD","4Nr2/p4pkp/6p1/2p1Q3/4P2P/5r2/P3q1PK/8 b - - 1 29","g7h6 e5g5","1596","84","100","155","endgame mate mateIn1 oneMove","https://lichess.org/CRnTykYn/black#58","",""
"unmet","1","2259","e","exact","S0Pn7","N2k3r/pp2nppp/8/4P3/1b1n1B2/8/PPb1KPPP/2R2B1R w - - 5 13","e2e3 e7f5","1596","75","100","1471","mate mateIn1 middlegame oneMove","https://lichess.org/jT1RoBoI#25","Nimzowitsch_Defense Nimzowitsch_Defense_Scandinavian_Variation",""
"flesh","3","2258","feh","exact","4wSkP","3r1r1k/pp3Nbp/1q2Q1p1/8/3n4/P6P/1P3PP1/2R1R1K1 b - - 1 22","h8g8 f7h6 g8h8 e6g8 f8g8 h6f7","1605","77","100","1095","doubleCheck kingsideAttack long mate mateIn3 middlegame sacrifice smotheredMate","https://lichess.org/4icXMGqX/black#44","",""
"booby","2","2257","bb","exact","r08k4","2R5/8/7p/3k4/5KP1/7P/1rp5/8 w - - 0 50","g4g5 b2b4 f4f5 b4c4","1600","74","100","960","crushing endgame rookEndgame short","https://lichess.org/YPO4p6Hb#99","",""
"forth","2","2256","fh","exact","tBbEg","8/5p1p/1k1n1p1P/1p1P1P1B/1P1K4/8/8/8 w - - 11 59","h5g6 f7g6 f5g6 h7g6","1598","75","100","493","crushing endgame master short","https://lichess.org/2gJJt6mZ#117","",""
"first","1","2255","f","exact","Q8Qcd","r1r2k2/5p2/1q1P1Qp1/1p1P4/8/1p5P/PPPR4/2K5 b - - 0 28","b3a2 f6h8","1602","77","100","811","endgame mate mateIn1 oneMove","https://lichess.org/vCGPdem3/black#56","",""
"stand","2","2254","ad","exact","Fe84n","7r/p7/3Q2p1/1p5q/1k1pP3/3P2P1/P1P1R2r/6K1 b - - 1 33","h5c5 a2a3 b4a5 d6c5","1600","75","100","879","crushing deflection endgame short","https://lichess.org/NUEPqUtU/black#66","",""
"belly","2","2253","be","exact","PPOoh","5B2/3p1k2/1pb1p3/3qPp2/1Q1p2pr/3P4/1PR3P1/6K1 b - - 1 31","f7g6 b4e7 d5e5 e7h4","1601","75","100","1775","advantage endgame short","https://lichess.org/PSBgoAEi/black#62","",""
"seedy","3","2252","eed","exact","2IZuC","1b1qk2r/5r2/pp2Q2p/2p5/PnP5/5P2/1P3P2/R1B1R1K1 b k - 0 25","f7e7 e6g6 e8d7 e1d1 d7c8 d1d8","1599","74","100","1116","advantage exposedKing long middlegame skewer","https://lichess.org/uyW45cuu/black#50","",""
"yearn","2","2251","ea","exact","67UGS","8/p5k1/7R/r3n3/6N1/7P/P4K2/8 w - - 3 40","h6h5 e5d3 f2e3 a5h5","1599","76","100","72","endgame","https://lichess.org/fDaZAYwz#79","",""
"drain","2","2250","da","exact","E0g2Z","r6b/8/8/p3p1p1/1k2P3/2PP1P2/1P4P1/R2K4 b - - 0 25","b4b3 d1c1 a5a4 a1a3","1601","75","100","708","endgame mate mateIn2 short","https://lichess.org/Vl4xbmnq/black#50","",""
"bribe","3","2249","bbe","exact","bCOxX","1r3rk1/4bppp/p3pn2/1pq1Q3/2Pp4/3P2P1/P1N2PBP/1R2R1K1 b - - 1 22","b5c4 b1b8 c5e5 b8f8 g8f8 e1e5","1601","75","100","1864","advantage kingsideAttack long middlegame","https://lichess.org/KW5dSGcp/black#44","",""
"panel","2","2248","ae","exact","pdX8E","8/2k5/P7/3B2p1/1ppp4/3P2bP/P3K3/8 b - - 0 48","c4c3 a6a7 c3c2 e2d2","1598","75","100","235","advancedPawn bishopEndgame crushing endgame master short","https://lichess.org/CzBvx26c/black#96","",""
"crass","2","2247","ca","exact","BEvdN","1k1r3r/ppqb4/2n2p1p/2Npp1p1/8/B7/P3QPPP/1RR3K1 b - - 5 27","d7c8 c5a6 b8a8 a6c7","1603","166","100","27","middlegame","https://lichess.org/Xeoe05DP/black#54","",""
"flume","2","2246","fe","exact","6PTCx","r4k2/2p2pp1/p2p1q2/1p1P1b1r/P4P1p/1B1P4/1PP2Q1R/5RK1 b - - 0 25","f8e7 f2e2 e7d7 e2h5","1600","74","100","568","advantage fork middlegame short","https://lichess.org/89eFcTFu/black#50","",""
"offal","3","2245","ffa","exact","OaZNQ","r4rk1/p6p/1q2b1pn/3pP3/2p5/5N1P/PPP1B1P1/R2Q1RK1 w - - 3 22","d1d4 f8f3 d4b6 f3f1 e2f1 a7b6","1607","74","100","828","advantage kingsideAttack long middlegame","https://lichess.org/JCsIjRbd#43","",""
"agree","4","2244","agee","exact","zDObC","8/5K2/R6p/4P1k1/8/6r1/8/8 b - - 1 59","h6h5 a6g6 g5h4 g6g3 h4g3 e5e6 h5h4 e6e7 h4h3 e7e8q","1569","75","100","912","advancedPawn crushing endgame promotion rookEndgame veryLong","https://lichess.org/3qMCoL1Q/black#118","",""
"error","1","2243","e","exact","x2N10","6k1/pp1R1pp1/5b1p/8/5P2/1PrQP2K/P2N2PP/4q3 w - - 9 30","d3d5 e1h4","1596","75","100","1202","endgame master mate mateIn1 oneMove pin","https://lichess.org/Z5h7LFp3#59","",""
"argue","3","2242","age","exact","kwgOv","4k2r/1pp1bpp1/3p4/q3p2p/4P1b1/1PNPBN2/1PPK1P2/3Q2R1 w k - 0 16","d1a1 a5a1 g1a1 g4f3 a1a8 e7d8","1597","91","100","43","middlegame","https://lichess.org/NDiQOzIf#31","Four_Knights_Game Four_Knights_Game_Italian_Variation",""
"bleed","4","2241","beed","exact","IZRD3","r5nr/pp2kpbp/6p1/3P4/1Q4P1/4p3/P5BP/qN2R2K b - - 3 21","e7d8 b4d6 d8e8 e1e3 g7e5 e3e5 a1e5 d6e5","1607","75","100","978","crushing exposedKing middlegame veryLong","https://lichess.org/8zcfEQQU/black#42","",""
"delta","3","2240","dea","exact","wxYdj","8/8/8/4R3/8/3K4/1p5r/1k6 b - - 5 65","h2d2 d3d2 b1a2 e5a5 a2b3 a5b5","1606","76","100","2467","crushing endgame hangingPiece long rookEndgame","https://lichess.org/a9elcnvX/black#130","",""
"flick","2","2239","fc","exact","SamBe","6k1/1p3pbp/2p5/2P2N2/1P1p4/2nP2pq/5rB1/2Q2R1K w - - 0 37","g2h3 f2h2 h1g1 c3e2","1600","76","100","1006","fork mate mateIn2 middlegame short","https://lichess.org/hCyYWa3O#73","",""
"totem","1","2238","e","exact","SmDFx","3R4/5kp1/1pN1p2p/1Pn2PK1/6P1/2r5/4r2P/5R2 w - - 0 41","g5f4 e2e4","1595","76","100","666","endgame mate mateIn1 oneMove","https://lichess.org/I3wAgbQT#81","",""
"wooer","1","2237","e","exact","ftCEA","8/4N1pp/8/3p4/2r1p3/3bk3/PR4PP/3K4 b - - 7 41","d5d4 e7d5","1605","87","100","167","endgame mate mateIn1 oneMove","https://lichess.org/unorR34l/black#82","",""
"front","1","2236","f","exact","Qwz8G","7r/p2k2pp/1p2pp2/5b2/1b1P4/4PNB1/Pnr1KPPP/R3N2R w - - 2 18","e1c2 f5d3","1598","114","100","19","middlegame","https://lichess.org/OLyBvcOq#35","Indian_Defense Indian_Defense_Accelerated_London_System",""
"shrub","2","2235","hb","exact","xBc5D","2k4Q/p4p2/1pp4p/3q2p1/PPn3P1/6BP/5P1K/8 b - - 6 46","c8b7 h8b8 b7a6 b8c8","1602","76","100","411","endgame mate mateIn2 short","https://lichess.org/R2RqaIWe/black#92","",""
"parry","1","2234","a","exact","xRFEG","5r2/6pp/R2k4/3pp3/3Nn3/2P3P1/1P5P/4K3 b - - 2 31","d6c5 a6c6","1608","76","100","1137","endgame hookMate mate mateIn1 oneMove","https://lichess.org/fOI8493y/black#62","",""
"biome","2","2233","be","exact","db5x3","3b2k1/1b3ppp/q3p3/3pN3/2pPn3/r1P1P1B1/1Q2BPPP/1R4K1 b - - 3 28","a3b3 b2b3 c4b3 e2a6","1601","78","100","309","advantage middlegame short","https://lichess.org/rkNeWxEE/black#56","",""
"lapel","2","2232","ae","exact","ufizH","5rk1/R3R3/3K4/P7/8/8/4r3/8 b - - 4 47","e2e7 a7e7 f8a8 e7e5","1602","77","100","1050","crushing defensiveMove endgame rookEndgame short","https://lichess.org/JvkFyNVj/black#94","",""
"start","1","2231","a","exact","gv20K","8/1p6/2p1K3/N1k5/1n5b/8/4B2P/8 b - - 3 46","b7b6 a5b3","1591","77","100","925","endgame mate mateIn1 oneMove","https://lichess.org/jpTMWGl3/black#92","",""
"greet","3","2230","gee","exact","HN1yY","3q1rk1/5p2/6B1/1P2P2p/r1p1QPbP/8/1B4P1/2K4R b - - 2 28","d8d3 g6h7 g8g7 e5e6 c4c3 e4d3","1599","75","100","394","crushing deflection discoveredAttack long middlegame","https://lichess.org/3Rw0gyw7/black#56","",""
"goner","2","2229","ge","exact","GOWNr","8/5B2/1p3kP1/4p3/2P1P3/4KP2/8/6r1 w - - 9 46","f3f4 g1g3 e3f2 e5f4","1601","76","100","159","crushing deflection endgame short","https://lichess.org/ocYevDr2#91","",""
"golem","2","2228","ge","exact","Zncr4","8/5pk1/5bp1/1pp2q1n/4R3/2P1Q1P1/1P2R1KP/3r4 b - - 8 38","d1f1 g3g4 f5e4 e3e4","1601","76","100","1096","advantage fork master middlegame short","https://lichess.org/5FoTC2T4/black#76","",""
"round","1","2227","d","exact","pka1e","2rr2k1/pb2bppp/1p2p3/3q4/8/PP2P3/1B2BPPP/2RQ1RK1 w - - 0 18","c1c8 d5g2","1598","75","100","1194","kingsideAttack mate mateIn1 middlegame oneMove","https://lichess.org/sCr9t6LI#35","Nimzo-Larsen_Attack Nimzo-Larsen_Attack_Indian_Variation",""
"audit","2","2226","ad","exact","2fhTx","1k1r3r/ppp2R1p/3b4/8/6B1/2B1PP2/qPP1QP1P/2K4R w - - 0 22","c3h8 a2a1 c1d2 d6b4","1602","76","100","893","doubleCheck mate mateIn2 middlegame queensideAttack short","https://lichess.org/640xqEfF#43","",""
"lying","1","2225","g","exact","3peYz","r4qr1/pp2b1pk/4P1Qp/2pp1P2/4p3/1P5P/PBP1K2P/R5R1 b - - 2 22","h7h8 g6h6","1599","76","100","121","middlegame","https://lichess.org/S60kzgEU/black#44","",""
"gamma","3","2224","gaa","exact","agIhL","8/4Pk2/8/2B3Kp/p7/6p1/8/8 w - - 0 50","g5h5 g3g2 h5g4 a4a3 g4g3 a3a2","1600","74","100","579","advancedPawn bishopEndgame crushing endgame long","https://lichess.org/3S6MweRr#99","",""
"labor","2","2223","ab","exact","GCNp9","k2r3r/p7/2p1p1b1/Q1Ppq3/1R6/2NP3p/P1P5/1R5K b - - 4 29","e5g3 a5a7 a8a7 b4a4","1599","75","100","619","attraction mate mateIn2 middlegame queensideAttack sacrifice short","https://lichess.org/5DWtqB6F/black#58","",""
"islet","1","2222","e","exact","kSd68","5R2/6rk/3p1Q1p/p4pp1/2P2P2/P2PP1b1/4q1BK/8 w - - 4 37","h2h3 e2g4","1595","76","100","540","endgame master mate mateIn1 oneMove","https://lichess.org/PKj611UI#73","",""
"civic","2","2221","cc","exact","nCnRE","2R2rk1/p2R1p1p/1p4p1/5r2/4p3/2Q1P1Pq/PP3P1P/6K1 b - - 11 24","f5h5 c8f8 g8f8 c3h8","1600","75","100","308","attraction endgame kingsideAttack mate mateIn2 short","https://lichess.org/43AAKmfk/black#48","",""
"forge","3","2220","fge","exact","XHtv9","3r1rk1/5pp1/2p1p1p1/2Q1P1n1/2P2q2/6NP/PP4PK/R3R3 w - - 1 27","e1f1 f4g3 h2g3 g5e4 g3h2 e4c5","1600","75","100","350","advantage attraction fork long middlegame sacrifice","https://lichess.org/E2DnAtkQ#53","",""
"corny","1","2219","c","exact","zF5Gg","4k3/2R4K/1p2PP2/p2r1B2/5P2/P2p2r1/1P6/8 b - - 0 48","d5f5 c7c8","1603","77","100","1514","endgame mate mateIn1 oneMove rookEndgame","https://lichess.org/Wt78FqIB/black#96","",""
"basic","3","2218","bac","exact","1xXUs","8/7p/6p1/5p2/ppk2P2/6P1/PP1K3P/8 w - - 0 43","d2c2 b4b3 a2b3 a4b3 c2d2 c4d4","1608","76","100","559","crushing defensiveMove endgame long pawnEndgame","https://lichess.org/NucKBa6r#85","",""
"salad","3","2217","aad","exact","bGPMu","8/7p/3k4/1P2p3/p3K1P1/7B/7P/8 w - - 0 54","g4g5 a4a3 b5b6 a3a2 b6b7 d6c7","1589","74","100","564","advancedPawn bishopEndgame crushing endgame long","https://lichess.org/2OE0UXbG#107","",""
"agate","4","2216","agae","exact","9GYra","6k1/5pp1/b4n2/Q6p/1P6/1P4PP/2r2PBK/3r4 b - - 0 30","a6f1 a5a8 g8h7 g2e4 f6e4 a8e4 g7g6 e4c2","1353","75","100","2247","advantage endgame fork veryLong","https://lichess.org/fDc0oXed/black#60","",""
"spicy","1","2215","c","exact","70Rw8","1r1q1rk1/2pb1ppp/p1pb3n/6N1/3P1B2/2N5/PPQ2PPP/R4RK1 b - - 1 15","d6f4 c2h7","1604","363","100","26","middlegame","https://lichess.org/ineFIQ1a/black#30","Center_Game Center_Game_Kieseritzky_Variation",""
"spray","1","2214","a","exact","quhBs","8/KP6/4k3/8/8/8/p4p2/1r1R4 w - - 5 65","b7b8q a2a1q","1609","75","100","1955","advancedPawn endgame master mate mateIn1 oneMove promotion","https://lichess.org/pCP90Ia5#129","",""
"essay","2","2213","ea","exact","9dSlW","2r5/2r1kbpp/p3p3/1p1pR3/3R4/2P2P2/PP3KPP/5B2 w - - 4 30","d4d5 e7f6 d5b5 a6b5","1603","75","100","492","advantage endgame master short","https://lichess.org/gScP43Bl#59","",""
"fjord","2","2212","fd","exact","RsQf7","3k4/p7/1p1b4/5B1p/2P2qP1/7K/PPQ4P/8 w - - 0 40","g4h5 f4f3 h3h4 d6e7","1600","75","100","1173","endgame mate mateIn2 short","https://lichess.org/Djnfk4ER#79","",""
"spend","2","2211","ed","exact","XaSPY","r4rk1/1p1q1ppp/pb1p4/3Pp3/P1BnN3/1P1Q3R/5PPP/3R2K1 b - - 5 21","b6a7 e4f6 g7f6 d3h7","1600","75","100","491","discoveredAttack kingsideAttack mate mateIn2 middlegame sacrifice short","https://lichess.org/aHfwEHnO/black#42","",""
"kebab","4","2210","ebab","exact","1IKqD","6n1/5Q2/6pk/4Kp1p/3N1P2/4P1P1/1q2B2P/4n3 w - - 4 41","e2h5 e1d3 e5d5 b2a2 d4b3 a2b3 d5d4 b3f7","1734","74","100","137","crushing endgame skewer veryLong","https://lichess.org/OD0dxXll#81","",""
"guild","2","2209","gd","exact","VaC34","r5k1/ppp3pp/2q1p1N1/4n1B1/2P1Q3/3P4/P5PP/5RK1 b - - 0 22","c6e4 g6e7 g8h8 d3e4","1600","75","100","294","advantage endgame intermezzo short","https://lichess.org/WEneRKPC/black#44","",""
"aback","4","2208","abac","exact","tqZ88","8/5kpp/Pp3p2/1N6/8/6P1/1P2PK1P/2r5 b - - 1 28","f7e7 a6a7 c1c8 b5c7 e7d6 a7a8q c8a8 c7a8","1368","76","100","704","advancedPawn advantage endgame promotion quietMove veryLong","https://lichess.org/6gKJxBsq/black#56","",""
"alone","2","2207","ae","exact","P1dWS","r2r2k1/p5Pp/b1p2p2/5Bp1/6R1/8/PPP3P1/2K4R w - - 1 29","h1h7 a6e2 h7h1 e2g4","1608","75","100","538","advantage endgame master short","https://lichess.org/6NYbFDUP#57","",""
"hatch","4","2206","hach","exact","LnC7X","8/1R6/P3pkp1/rB3p2/5P2/7p/2K5/8 w - - 0 50","b7b6 h3h2 b5c6 a5c5 c2d2 c5c6 b6c6 h2h1q","1652","75","97","2564","advancedPawn crushing endgame exposedKing promotion veryLong","https://lichess.org/tcUmOOjQ#99","",""
"hyper","2","2205","he","exact","RMu7R","8/8/r3p2R/3P4/8/p3k3/K7/8 b - - 0 57","e3e4 h6e6 e4d4 e6a6","1599","76","100","398","crushing endgame master rookEndgame short","https://lichess.org/FhzWSS9n/black#114","",""
"thumb","2","2204","hb","exact","jTc2O","rnb1kb1Q/ppp1n3/6pB/8/2pPp3/8/PPP2PqP/RN2KR2 b Qq - 1 11","c8h3 h8f8 e8d7 b1d2","1605","76","100","117","advantage middlegame short","https://lichess.org/fGKTZITm/black#22","Latvian_Gambit Latvian_Gambit_Mayet_Attack",""
"dowry","1","2203","d","exact","uG3WI","r3k2r/1p3ppp/p3p3/2b1Nb2/3q1P2/8/PP1N1PPP/R2QK2R w KQkq - 2 13","d2b3 d4f2","1598","87","100","81","middlegame","https://lichess.org/w91OAYux#25","Indian_Defense Indian_Defense_Accelerated_London_System",""
"ought","2","2202","gh","exact","48nC9","5r2/1p4Q1/1b4Bp/3pkP1P/3p4/2p5/2P3PK/2q5 b - - 0 36","e5f4 g7h6 f4g4 h6c1","1600","76","100","99","endgame","https://lichess.org/MQcOB0ZB/black#72","",""
"belch","4","2201","bech","exact","AnZpU","2R1r1k1/1p4pp/p3p3/b3Pp2/3q3B/1Q6/1P4PP/7K b - - 1 32","e8c8 b3e6 g8h8 e6c8 a5d8 c8d8 d4d8 h4d8","1481","78","90","2673","advantage endgame fork veryLong","https://lichess.org/zwmaJvQO/black#64","",""
"dutch","3","2200","dch","exact","XIALx","2k4r/1pp2p2/2pb4/4p3/4P3/P1NP1Pqr/1PP2QP1/R4RK1 w - - 0 22","f2g3 d6c5 d3d4 c5d4 f1f2 h3h1","1608","74","100","1069","kingsideAttack long mate mateIn3 middlegame pin","https://lichess.org/fhF7YVFb#43","",""
"tweed","3","2199","eed","exact","3hmYE","8/4kpN1/Q5p1/1pp5/6P1/2P1r3/p7/3b2K1 w - - 4 46","a6a2 e3e1 g1f2 e1e2 a2e2 d1e2","1599","76","100","432","crushing endgame exposedKing fork long","https://lichess.org/FcDFO6p8#91","",""
"comet","2","2198","ce","exact","DxIWE","8/3R4/p3pk2/1p3r2/4R3/1P2K3/1P3P1P/2r5 w - - 11 47","d7d6 c1e1 e3d4 e1d1","1600","76","100","323","crushing endgame rookEndgame short","https://lichess.org/OcfRptIU#93","",""
"jaunt","1","2197","a","exact","KR2B2","r6r/2p3p1/p1kbp3/3nN3/2NP1p1p/2P5/PP3PPP/R1B3K1 b - - 3 23","c6b5 a2a4","1589","79","100","677","mate mateIn1 middlegame oneMove","https://lichess.org/AqquI9tJ/black#46","",""
"enema","3","2196","eea","exact","PlsfG","1k2r3/p1p5/1pP5/3ppq2/PP2R1P1/8/4Q1K1/8 b - - 0 43","f5g5 e2a6 g5d2 e4e2 d2e2 a6e2","1598","75","100","475","crushing defensiveMove endgame long","https://lichess.org/TTlhbaY9/black#86","",""
"steed","3","2195","eed","exact","uh1Df","8/5p2/5P1k/4K2p/4B2P/1b6/8/8 b - - 4 57","b3a2 e4d5 a2d5 e5d5 h6g6 d5e5","1599","75","100","1455","bishopEndgame crushing defensiveMove endgame long zugzwang","https://lichess.org/nyNlwoFY/black#114","",""
"abyss","2","2194","ab","exact","yUUZH","1r5k/2p3p1/p1Q3p1/3p2Pp/2nPp3/qNP1P3/P1K3P1/1B2R3 w - h6 0 27","g5h6 a3b2 c2d1 b2b1","1601","74","100","393","crushing deflection interference middlegame short","https://lichess.org/REfICvdF#53","",""
"growl","1","2193","g","exact","OP4vx","r3k2r/ppp2pp1/3p3p/3N2q1/2BpP3/P1KP2b1/1PP1Q3/R6R w kq - 0 18","c3d4 g3e5","1601","75","100","357","mate mateIn1 middlegame oneMove","https://lichess.org/plrmRMJI#35","Italian_Game Italian_Game_Anti-Fried_Liver_Defense",""
"fling","2","2192","fg","exact","88jhL","8/5k2/6p1/6Qq/5P2/6K1/5P2/8 b - - 4 58","h5g5 f4g5 f7e6 g3f4","1600","75","100","357","crushing defensiveMove endgame short","https://lichess.org/zAZfHoHm/black#116","",""
"dozen","2","2191","de","exact","3Hrlo","r4rk1/1p3p2/p4Q1p/4p3/1P4P1/3q3P/PP3P2/R1B1K2R w KQ - 0 17","f6h6 d3e4 c1e3 e4h1","1601","117","100","63","equality fork middlegame short","https://lichess.org/PYR38ubU#33","",""
"boozy","1","2190","b","exact","7xWDJ","k1r5/pp1Q4/4pN2/3p4/3P2P1/b4P2/Pq1rK3/1R2R3 w - - 0 40","e2e3 b2d4","1598","78","100","1237","mate mateIn1 middlegame oneMove","https://lichess.org/Hf7T8C6K#79","",""
"erode","3","2189","ede","exact","VOp6m","1k2r3/pp6/2rbN2p/5pp1/1P1p4/P5P1/4R2P/4R2K b - - 2 34","d6c7 e6d4 e8e2 d4c6 b7c6 e1e2","1604","125","100","73","endgame","https://lichess.org/ZTxZ4sci/black#68","",""
"world","1","2188","d","exact","agNLO","2kr2nr/ppp3pp/2n2p2/3Q4/q4Pb1/2B3N1/PPP3PP/2KR1B1R w - - 8 14","d5b3 d8d1","1606","76","100","2078","mate mateIn1 oneMove opening queensideAttack","https://lichess.org/fULB76lo#27","Nimzowitsch_Defense Nimzowitsch_Defense_Kennedy_Variation",""
"gouge","3","2187","gge","exact","Z0xDL","6k1/pp3p2/4qbpQ/3p4/3P2p1/2P2P2/PP3K2/7R w - - 4 32","h1e1 g4g3 f2f1 g3g2 f1g2 e6e1","1595","78","100","100","endgame","https://lichess.org/DVDMCH9b#63","",""
"click","2","2186","cc","exact","th1tp","r3k2r/pb3pp1/2p1p2p/8/2q3P1/b1P1BQ2/PP3PBP/R3K1R1 w Qkq - 1 15","e1c1 c4c3 c1b1 c3b2","1600","76","100","1264","mate mateIn2 middlegame pin queensideAttack short","https://lichess.org/LuZvqjFf#29","Sicilian_Defense Sicilian_Defense_Scheveningen_Variation",""
"briar","2","2185","ba","exact","t0wYE","r1b1k2r/p2pppbp/6p1/q1p1P3/1nP5/P1Q5/1P1N1PPP/R1B1KB1R w KQkq - 3 12","d2b3 b4c2 e1d2 a5c3","1600","75","100","525","advantage discoveredAttack opening pin short","https://lichess.org/NYZtJzF7#23","Sicilian_Defense Sicilian_Defense_Accelerated_Dragon",""
"great","3","2184","gea","exact","e8F4u","rn1q1b1r/p1ppk3/1p3pQ1/8/5P2/5P2/PPP4P/R1B1K2R b KQ - 0 12","d7d6 g6e4 e7d7 e4a8 b8c6 a8d8","1598","77","100","916","advantage fork long middlegame","https://lichess.org/T3MPFP2R/black#24","Bird_Opening Bird_Opening_Wagner-Zwitersch_Gambit",""
"altar","2","2183","aa","exact","frjDz","8/6k1/1K3bp1/P7/7p/1P3N2/8/8 b - - 0 51","g6g5 a5a6 g5g4 a6a7","1599","74","100","267","advancedPawn crushing endgame short","https://lichess.org/OgtEOJBy/black#102","",""
"blurt","1","2182","b","exact","X5uzX","1r5r/Q2k1ppp/4p3/1N1pP3/1b6/7P/P4PP1/5K2 b - - 8 26","d7c6 b5d4","1598","116","100","17","endgame","https://lichess.org/HFq15EH9/black#52","",""
"coast","2","2181","ca","exact","A0YwB","r1r1b1k1/3n1pp1/q2Bp2p/2p5/1RPP4/pQ2P1P1/P4PBP/2R3K1 w - - 0 25","g2a8 c5b4 a8f3 a6d6","1596","74","100","261","advantage master middlegame short","https://lichess.org/x7WVxNNF#49","",""
"duchy","3","2180","dch","exact","l4khZ","k6r/1p3q2/p7/5p2/3Q1Pn1/1P6/PKRR3r/8 b - - 7 40","h2d2 d4h8 a8a7 c2d2 f7f6 h8f6","1591","75","100","585","advantage endgame hangingPiece intermezzo long","https://lichess.org/l2R29Oh1/black#80","",""
"groin","1","2179","g","exact","nslZu","4r1k1/2p2pp1/p2p3p/1p1P2q1/3NPP2/PPQ1n1Pr/5R1K/R7 w - - 0 32","h2h3 g5h5","1602","74","100","160","middlegame","https://lichess.org/bftF1DVU#63","",""
"fixer","2","2178","fe","exact","okCT9","5rk1/5ppp/pn6/1p2q3/1P1pR3/P2P4/B4QPP/6K1 b - - 0 33","e5g5 f2f7 f8f7 e4e8","1600","76","100","1969","endgame mate mateIn2 pin sacrifice short","https://lichess.org/VzIZSMJO/black#66","",""
"group","1","2177","g","exact","2qdAj","r1bqr3/pp1n1kpB/2pb1pNp/3p4/3P1PP1/2N5/PPQ2P1P/2KRR3 b - - 5 17","d7f8 g6h8","1603","125","100","21","middlegame","https://lichess.org/Bufeb1JS/black#34","Semi-Slav_Defense Semi-Slav_Defense_Other_variations",""
"rogue","2","2176","ge","exact","cLEdH","6k1/ppp3pp/5p2/3P3r/3P2Q1/4P3/P4KPq/4R3 b - - 4 27","h5d5 g4e6 g8f8 e6d5","1601","75","100","1149","advantage endgame fork short","https://lichess.org/Se5x0im5/black#54","",""
"badly","3","2175","bad","exact","jB6kk","6k1/5pp1/4p2p/8/p3P3/3pBP1P/3Q2PK/1q6 w - - 0 34","d2c1 b1c1 e3c1 a4a3 c1a3 d3d2","1628","75","100","435","advancedPawn crushing endgame long","https://lichess.org/I5wBJfCF#67","",""
"smart","1","2174","a","exact","531KH","8/8/p2B2kp/2p3p1/KpPb2P1/P4R1P/r1P5/8 w - - 1 42","a4b3 a2a3","1588","75","100","550","endgame mate mateIn1 oneMove","https://lichess.org/KUpmCEcc#83","",""
"pithy","1","2173","h","exact","7ICpr","r1b1rk2/pp3pp1/3P1n2/q1p1p3/PbP1N3/2NP4/1P3PP1/R2QKB1R b KQ - 0 14","f6e4 h1h8","1600","78","100","349","mate mateIn1 middlegame oneMove","https://lichess.org/QdUChP27/black#28","Scandinavian_Defense Scandinavian_Defense_Modern_Variation",""
"gaudy","3","2172","gad","exact","TxXrh","r7/5kR1/p2Pp2B/Pp1nP3/2pp3r/8/1P3PP1/6K1 b - - 2 34","f7f8 g7a7 h4h6 a7a8 f8g7 d6d7","1571","88","100","32","endgame master","https://lichess.org/MpmMsZ0g/black#68","",""
"chill","2","2171","ch","exact","Y5ghE","r6r/pp1b1Rpp/3kp3/q2p3Q/8/P1NBP3/1PP3PP/6K1 b - - 6 18","d7e8 c3e4 d5e4 h5a5","1600","88","100","74","crushing middlegame short","https://lichess.org/sexqY3Qf/black#36","Caro-Kann_Defense Caro-Kann_Defense_Advance_Variation",""
"heron","2","2170","he","exact","bMAJq","2kr3r/1pp1qpp1/p1n1p1p1/8/3bNP2/3P4/PPP1B1PP/R2Q1R1K w - - 5 17","c2c3 h8h2 h1h2 e7h4","1599","77","100","1017","attraction kingsideAttack mate mateIn2 middlegame sacrifice short","https://lichess.org/AJDNmmd3#33","Scandinavian_Defense Scandinavian_Defense_Valencian_Variation",""
"vodka","2","2169","da","exact","eXexU","2k4r/1b6/4R3/1pppP3/1N1q4/3B4/PPKQ1R2/7r w - - 0 30","b4c6 d4a4 b2b3 a4a2","1599","77","100","331","crushing middlegame short","https://lichess.org/8jMXwiHU#59","",""
"finer","2","2168","fe","exact","SDzus","4k3/5p1p/p7/2B1p3/3p4/2K1P1P1/2R2qBP/1r5R w - - 0 29","e3d4 f2e3 c3c4 e3b3","1599","75","100","887","endgame mate mateIn2 short","https://lichess.org/aOm9hXZS#57","",""
"surer","1","2167","e","exact","b7CKA","r3kb1r/pp2qppp/5n2/2p1n3/1PPp4/PN3P2/1B3PPP/R2QKB1R w KQkq - 4 11","b3c5 e5f3","1594","76","100","1386","doubleCheck mate mateIn1 oneMove opening","https://lichess.org/A8xVTsVz#21","Queens_Gambit_Declined Queens_Gambit_Declined_Albin_Countergambit",""
"radio","2","2166","ad","exact","mxHxJ","8/3b4/2pb1kp1/8/R5P1/3K4/8/8 b - - 5 53","f6g5 a4d4 d7g4 d4d6","1598","108","100","84","endgame equality short","https://lichess.org/rrnOb0lV/black#106","",""
"rouge","2","2165","ge","exact","BSDmJ","r2q1rk1/pp1n2pn/3bp2p/2pp4/3Pp1QN/1PP4P/P4PP1/RNB2RK1 b - - 3 17","h7f6 g4e6 f8f7 e6d6","1602","75","100","112","opening","https://lichess.org/84ICg4iB/black#34","Scandinavian_Defense Scandinavian_Defense_Other_variations",""
"perch","3","2164","ech","exact","QpKUz","4nr1k/6q1/p1BpQ2p/8/P7/1PR5/6PP/6K1 b - - 0 30","g7c3 e6h6 h8g8 c6d5 f8f7 h6g6","1600","86","100","40","endgame","https://lichess.org/F12yKUji/black#60","",""
"retch","3","2163","ech","exact","e2i6W","r2q1rk1/pb2bp1R/1p1pp1p1/3n2B1/3N4/2P5/PPB1QPPP/R5K1 b - - 0 19","g8h7 e2h5 h7g8 c2g6 f7g6 h5g6","1625","74","100","503","crushing deflection long middlegame pin","https://lichess.org/gqz1zKGI/black#38","",""
"wrote","1","2162","e","exact","Hzrje","r1b1k2N/ppppq1pp/8/2b5/3p1PQ1/1Bn5/PPP3PP/RNB1K2R w KQq - 1 11","e1d2 e7e3","1593","76","100","468","mate mateIn1 middlegame oneMove","https://lichess.org/gJiGVI3S#21","Scotch_Game Scotch_Game_Scotch_Gambit",""
"clock","2","2161","cc","exact","7NEbi","8/3r1pp1/1Rp4p/8/2K5/k4P2/6PP/8 b - - 3 30","d7d2 c4c3 d2c2 c3c2","1599","74","100","1055","crushing endgame rookEndgame short","https://lichess.org/eVdGhSIW/black#60","",""
"tilde","2","2160","de","exact","BnQgM","3r3r/1p3p2/p2Npk1p/2n3p1/6P1/2P5/PP5P/3RR1K1 b - - 7 30","d8d7 d6e4 f6e7 e4c5","1601","75","100","873","advantage endgame short","https://lichess.org/d74z56eJ/black#60","",""
"store","1","2159","e","exact","SZ0CE","r2rn1k1/pp4pp/4R1n1/3q1N2/8/1B3Q2/PP3PPP/R5K1 b - - 2 24","d5f3 e6e8","1607","76","100","1741","doubleCheck kingsideAttack master mate mateIn1 middlegame oneMove","https://lichess.org/Gbm8cb5w/black#48","",""
"prove","1","2158","e","exact","vOr5v","6k1/1p3pp1/6q1/8/P7/2P2RKP/1P1Q1R2/4r3 w - - 1 44","g3f4 e1e4","1608","77","100","451","endgame mate mateIn1 oneMove","https://lichess.org/p4glyQ7H#87","",""
"bring","2","2157","bg","exact","z00uI","4r2k/Q1pq1p2/2p2Pp1/P2p4/3P2pB/2P2R1P/1r6/R5K1 w - - 0 29","f3f2 b2f2 h4f2 g4h3","1599","74","100","333","crushing middlegame short","https://lichess.org/arORmOSG#57","",""
"solve","1","2156","e","exact","6ktK2","8/p1p2r1p/1p5k/4Q3/5rPK/P1P4P/8/8 b - - 3 47","h6g6 e5g5","1591","77","100","1115","endgame mate mateIn1 oneMove queenRookEndgame","https://lichess.org/P14TmepJ/black#94","",""
"cheat","4","2155","chea","exact","nOJNk","1r5r/Q3kpp1/3qp2p/2N5/1nPP1b1P/p4P2/P4P2/K2R3R b - - 6 31","e7f6 c5e4 f6g6 h4h5 g6h7 e4f6 g7f6 a7f7","2465","84","96","2680","epauletteMate mate mateIn4 middlegame sacrifice veryLong","https://lichess.org/VrayOsCW/black#62","",""
"grime","2","2154","ge","exact","DVJbV","6k1/p1q2pp1/7p/3Q4/8/1P4r1/PBPPr2P/4RRK1 w - - 0 26","g1h1 g3g1 f1g1 e2h2","1602","77","100","196","mate mateIn2 middlegame sacrifice short","https://lichess.org/as3thTMD#51","",""
"exult","1","2153","e","exact","1DEeE","3r3k/6p1/p6p/1p1r4/8/1QR3B1/P3qP1P/3R3K w - - 0 32","d1d5 e2f1","1590","76","100","406","endgame mate mateIn1 oneMove","https://lichess.org/KXfJ8dSU#63","",""
"usher","2","2152","he","exact","gmnrL","6k1/p7/1p2q1p1/2p3Qp/3B1pP1/P4P1K/1P2r3/5R2 w - - 0 45","d4f6 h5g4 g5g4 e6f6","1602","74","100","274","advantage endgame short","https://lichess.org/D21qRtIG#89","",""
"epoch","3","2151","ech","exact","vzncW","r3r1k1/pbp2pp1/1p1pq2p/4P3/8/1PBQ2RP/P5P1/4R2K b - - 0 23","a8d8 e5d6 e6e1 c3e1 e8e1 h1h2","1649","77","100","1031","advantage long middlegame","https://lichess.org/I3a8CUgA/black#46","",""
"triad","2","2150","ad","exact","8EM9h","2k2br1/4p2p/1Q1nP1p1/8/q7/N1p2B2/1P1P1PPP/r1B1R1K1 w - - 2 26","a3b5 a4b5 b6b5 d6b5","1597","201","100","19","middlegame","https://lichess.org/BEz1OluW#51","",""
"break","3","2149","bea","exact","I9kvC","6k1/1p3pp1/1B5p/2P2B2/3p4/3P3P/1q2rbP1/R4QK1 w - - 0 38","f1f2 b2a1 f2f1 e2e1 f1e1 a1e1","1595","76","100","766","crushing endgame hangingPiece long pin","https://lichess.org/0jKQZrgk#75","",""
"rhino","1","2148","h","exact","KqBkt","3brr1k/pp1q3p/4R1pQ/2pB4/2Pp2P1/1P5P/P4P2/4R1K1 b - - 4 33","e8e6 h6f8","1600","80","100","845","hangingPiece kingsideAttack mate mateIn1 middlegame oneMove","https://lichess.org/GRcBWSgl/black#66","",""
"viral","1","2147","a","exact","RcjZQ","kQ2r1nr/P1p2p2/8/3q3p/2N5/7P/5PP1/bR4K1 b - - 5 28","e8b8 a7b8q","1587","75","100","1156","advancedPawn mate mateIn1 middlegame oneMove promotion","https://lichess.org/ocvqSH50/black#56","",""
"conic","2","2146","cc","exact","WNpiL","3r2k1/1p3pp1/p3p1p1/8/1b2n3/1B3N1P/PP3PP1/2R3K1 b - - 0 24","b7b6 c1c4 b4e7 c4e4","1599","74","100","434","advantage endgame fork short","https://lichess.org/ErhEGpnM/black#48","",""
"masse","2","2145","ae","exact","yMzSP","6k1/1p2r1p1/2p5/4Pp2/2bP3R/2N4R/5KPP/r7 w - f6 0 31","e5f6 a1f1 f2g3 e7e3","1592","76","100","688","crushing endgame short","https://lichess.org/4cMxoUS1#61","",""
"sonic","1","2144","c","exact","NlN9W","r5r1/2Q1kpp1/p5q1/3p4/3P3p/1P5P/P2PB1P1/R4K2 b - - 7 33","e7f6 c7e5","1604","78","100","291","dovetailMate endgame mate mateIn1 oneMove","https://lichess.org/LSKg1JAg/black#66","",""
"vital","1","2143","a","exact","HKTdg","R7/P6k/7P/5p2/8/3pp1P1/r7/4K3 w - - 0 52","a8d8 a2a1","1582","76","100","281","endgame mate mateIn1 oneMove rookEndgame","https://lichess.org/fgzvdo7x#103","",""
"trace","3","2142","ace","exact","p6nKj","r3k1n1/8/q3p1pp/2PpQp2/8/P3B2P/1P3PP1/2KR4 w q - 2 29","d1d5 a6c4 c1d2 c4d5 e5d5 e6d5","1600","75","100","154","advantage endgame long queensideAttack","https://lichess.org/PoWAloew#57","",""
"using","1","2141","g","exact","fDPZ5","r3r1k1/pp3ppp/2p5/3p4/3P2b1/4q1P1/PP1NBK1P/2RQR3 w - - 0 18","f2f1 g4h3","1597","77","100","1842","mate mateIn1 middlegame oneMove","https://lichess.org/DAFJfcCA#35","Queens_Gambit_Declined Queens_Gambit_Declined_Orthodox_Defense",""
"peach","4","2140","each","exact","Z7bzX","3r3r/Bpk2ppp/1Npb1n2/4q3/1P2P2P/P4P1B/2Q2P2/R3K2R w KQ - 3 20","b6c4 e5a1 e1e2 a1h1 a7b6 c7b8 c2a4 h1h3","1435","77","94","3817","advantage hangingPiece middlegame skewer veryLong","https://lichess.org/LwI3TpDf#39","",""
"champ","3","2139","cha","exact","PKhlA","r1bq1r1k/pp5p/2n1p3/3pP3/2pP1p2/1PP2P1Q/P1BN3P/R1B1bN1K b - - 0 20","d8e7 c1a3 e7h4 h3h4 e1h4 a3f8","1605","75","100","502","advantage long middlegame","https://lichess.org/rLSSIaoW/black#40","",""
"baton","2","2138","ba","exact","CKImX","7k/4B1p1/5p1p/4p3/pP2Q3/1q1P2PP/5P2/6K1 w - - 0 40","e4c4 b3c4 d3c4 a4a3","1601","76","100","1124","advantage endgame short","https://lichess.org/vHZ0ovpP#79","",""
"brake","3","2137","bae","exact","apuBh","2R5/6kp/1b6/3B4/4p3/1P3p2/4p2P/4K3 w - - 0 42","d5e4 b6a5 b3b4 a5b4 e1f2 e2e1q","1620","75","100","206","advancedPawn crushing endgame exposedKing long promotion","https://lichess.org/9iKKFS85#83","",""
"pluck","1","2136","c","exact","fLEZM","r2qkbnr/5ppp/p1Bp4/1p2p3/3NP3/2N5/PPPP1PPP/R1Bb1RK1 b kq - 0 10","e8e7 c3d5","1604","85","100","110","opening","https://lichess.org/0ntbo4Px/black#20","Ruy_Lopez Ruy_Lopez_Morphy_Defense",""
"craze","3","2135","cae","exact","dAs8A","q3r1k1/5pp1/2r1p2p/4P3/P1BPnb1P/1P6/1BK1QP2/6RR w - - 3 28","e2g4 c6c4 b3c4 a8a4 c2d3 e4f2","1609","75","100","973","crushing deflection long middlegame","https://lichess.org/gE2TpMh0#55","",""
"gripe","2","2134","ge","exact","GlAbs","4r3/pp6/2p2pk1/6p1/2KP1n2/P5N1/1P3P2/6R1 b - - 1 34","f4e2 g1e1 e2g3 e1e8","1602","75","100","878","advantage endgame short","https://lichess.org/DBKlqsip/black#68","",""
"weary","2","2133","ea","exact","h5yB0","5k2/1b5p/3q2p1/2QPb3/Np3n2/1P5P/5PP1/4R1K1 b - - 2 31","b7d5 e1e5 d6c5 a4c5","1604","74","100","372","advantage middlegame pin short","https://lichess.org/85ROKdzl/black#62","",""
"picky","1","2132","c","exact","70jaM","2krr3/p5pp/4bp2/2R5/5B2/6P1/P4PP1/5RK1 b - - 0 23","c8d7 c5c7","1605","77","100","247","endgame mate mateIn1 oneMove","https://lichess.org/wmrxffxI/black#46","",""
"acute","3","2131","ace","exact","OZSrc","R1k3rr/2p2p2/1n2p3/1p2N3/2pP1P2/2P3Pq/2Q4P/R5K1 b - - 2 27","b6a8 a1a8 c8b7 c2e4 c7c6 e4c6","1604","77","100","1038","long mate mateIn3 middlegame queensideAttack","https://lichess.org/ZZtBvaJB/black#54","",""
"ferry","2","2130","fe","exact","q9QG1","8/pp3pk1/2p1r1p1/6qp/4pR2/2P1QP1P/PP3K2/8 b - - 2 39","e4f3 f4f7 g7f7 e3g5","1599","75","100","746","advantage discoveredAttack endgame short","https://lichess.org/dTluXIUa/black#78","",""
"aside","3","2129","ade","exact","sIMce","8/3k4/p2p1p2/1p1K2Pp/2p2P1P/P1P5/8/8 w - - 0 39","g5f6 a6a5 f6f7 d7e7 f7f8q e7f8","1580","76","100","264","crushing endgame long pawnEndgame quietMove","https://lichess.org/2pR4fl1J#77","",""
"tapir","1","2128","a","exact","h0H0M","r4rk1/pp5p/2p2bb1/8/8/1PB1P1Q1/q1PP3P/2KR2NR w - - 0 22","c3f6 a2c2","1619","94","100","66","middlegame","https://lichess.org/qQKBAMXd#43","",""
"unify","1","2127","f","exact","e8YTE","5Q2/2p5/2pkp1Bp/p5pP/3P2P1/8/1q3PK1/7r b - - 2 33","d6d5 f8c5","1602","76","100","435","endgame master mate mateIn1 oneMove","https://lichess.org/QPme7hiZ/black#66","",""
"rebus","2","2126","eb","exact","Czk2W","6rk/4r1p1/p2p3p/1p2p3/3pPnqN/1Q1P1PP1/PP3K2/2R1R3 b - - 2 28","g4h3 e1h1 f4d3 b3d3","1597","76","100","427","advantage middlegame short","https://lichess.org/RwSKxFZs/black#56","",""
"boost","1","2125","b","exact","znrTn","1r5k/6pp/2P2p2/3Qp3/1q1pP1P1/5N1P/5P2/2KR3R w - - 0 29","c1c2 b4c3","1602","75","100","2128","endgame mate mateIn1 oneMove","https://lichess.org/3XHZmAKO#57","",""
"siege","3","2124","ege","exact","Nhbqw","r6k/1p4p1/p7/P3q2p/1P6/3Q2nP/5NP1/2BR2K1 w - - 5 30","d1d2 e5e1 g1h2 g3f1 d3f1 e1f1","1596","75","100","247","advantage fork long middlegame","https://lichess.org/NlmE9Jj5#59","",""
"tiger","2","2123","ge","exact","r0jSV","r1bk2nr/p1p1q1pp/2p5/3pb2Q/8/1P2P3/PBPP2PP/RN2K2R w KQ - 2 11","b2e5 g7g6 h5e2 e7e5","1598","74","100","1222","advantage middlegame short","https://lichess.org/u8XNTf4P#21","Nimzo-Larsen_Attack Nimzo-Larsen_Attack_Modern_Variation",""
"banal","3","2122","baa","exact","WRZP9","8/5pk1/PR4p1/8/8/1P4r1/1KP5/5b2 b - - 0 39","f7f5 b6b7 g7h6 a6a7 f1g2 a7a8q","1602","107","100","28","endgame","https://lichess.org/GKqKsTAO/black#78","",""
"crank","2","2121","ca","exact","8CZCD","2r2k2/p4pb1/1p2p1p1/8/q1b1BQ2/P1P5/1P3PPP/1K1RR3 w - - 3 26","e4c2 c4a2 b1a2 a4f4","1605","74","100","227","advantage discoveredAttack middlegame short","https://lichess.org/o53RHQHN#51","",""
"gorge","3","2120","gge","exact","QR1tQ","8/2Q3bk/4p1p1/7p/8/5PBq/1r3P2/4R1K1 b - - 1 36","h3f5 g3e5 f5g5 g1f1 g5e5 e1e5","1606","75","100","755","crushing defensiveMove endgame long pin","https://lichess.org/Bu4fXCan/black#72","",""
"query","1","2119","e","exact","Di205","6b1/8/5k1K/N1p4P/P7/1PP1n3/5N2/8 w - - 9 60","b3b4 e3f5","1610","75","100","284","endgame mate mateIn1 oneMove","https://lichess.org/qrqHDVgu#119","",""
"drink","1","2118","d","exact","xivJI","4b3/8/6p1/2p1N2p/3nPK1P/3P2PB/5k2/8 w - - 9 47","g3g4 d4e6","1606","75","100","1462","endgame master mate mateIn1 oneMove","https://lichess.org/kqUrzWAd#93","",""
"favor","2","2117","fa","exact","kI6xU","8/6p1/8/Q2k2p1/3q4/3p2PP/5PK1/8 b - - 7 58","d5e4 f2f3 e4e3 a5e1","1603","76","100","184","endgame mate mateIn2 queenEndgame short","https://lichess.org/0RHWf7jq/black#116","",""
"abbey","4","2116","abbe","exact","gGJEC","7k/p5p1/1p2B3/1P3p2/P1Qp1Pb1/q2P2Pp/7P/4K3 w - - 3 34","e1d2 a3b2 c4c2 b2b4 d2c1 b4e1 c1b2 e1e6","1739","74","100","712","crushing endgame fork veryLong","https://lichess.org/UjeANlME#67","",""
"tangy","2","2115","ag","exact","PdcaG","2r2rk1/p2n1ppp/bqN1pn2/P1b5/1p6/6P1/1PQ1PPBP/RNBR2K1 b - - 0 15","c8c6 a5b6 c5f2 g1f2","1599","77","100","580","advantage master middlegame short","https://lichess.org/lu3OL9vi/black#30","Catalan_Opening Catalan_Opening_Open_Defense",""
"panic","2","2114","ac","exact","sMgYI","4r1k1/2Q3pp/R1p2p2/3p4/1K1P4/1PP5/5P2/4q3 b - - 0 38","e1f2 a6a7 f2d4 c3d4","1599","75","100","627","crushing endgame master quietMove short","https://lichess.org/rkGj4Dy4/black#76","",""
"solar","1","2113","a","exact","VuhDC","6r1/5R2/4p3/3pP2p/3n3r/R2k4/5PP1/6K1 b - - 1 44","d3e4 a3e3","1620","91","100","133","endgame mate mateIn1 oneMove","https://lichess.org/91nNV9LA/black#88","",""
"shire","2","2112","he","exact","grJ9G","8/8/8/p2K4/3Nr3/3n4/3k3R/8 b - - 1 54","d2e3 h2e2 e3f4 e2e4","1598","74","100","256","crushing endgame master short","https://lichess.org/gVokgJPr/black#108","",""
"robot","1","2111","b","exact","GB8Go","2r4r/pQp1b1p1/4knq1/4p2p/2Bp4/3P2P1/PPP2P1P/RNB2K2 b - - 5 18","e6f5 b7f3","1603","76","100","1399","mate mateIn1 middlegame oneMove","https://lichess.org/aJwGsbi9/black#36","Ruy_Lopez Ruy_Lopez_Bird_Variation",""
"prick","1","2110","c","exact","WVU42","8/1k6/1pQ5/3Kp3/P4q2/8/8/8 b - - 5 60","b7a6 c6a8","1595","74","100","1376","endgame mate mateIn1 oneMove queenEndgame","https://lichess.org/K9v0TTb5/black#120","",""
"wince","2","2109","ce","exact","JGrcs","1k3r1r/ppp3R1/2n4p/4p1p1/2q1n1B1/1N2P1BP/PPP3P1/R3Q1K1 w - - 1 22","e1e2 c4e2 g4e2 e4g3","1600","126","100","42","equality middlegame short","https://lichess.org/wa1zTusU#43","",""
"crimp","1","2108","c","exact","cZD21","2r3k1/pp1R2p1/3b3p/3pN3/3P4/1P1Q1PqP/P5P1/6K1 w - - 3 31","d3g6 c8c1","1595","76","100","861","endgame mate mateIn1 oneMove","https://lichess.org/y8HgsZ2a#61","",""
"sugar","2","2107","ga","exact","vIatr","8/5Q1p/1p3prk/p3pR2/P1P1P2p/3P2rP/2P2RP1/q6K w - - 3 43","h1h2 g3h3 g2h3 a1g1","1599","75","100","705","endgame master mate mateIn2 sacrifice short","https://lichess.org/qyFwNQm7#85","",""
"whack","3","2106","hac","exact","CX0YD","r4r1k/6p1/pp1Bp2p/2n2p1n/2B4q/2P1PP2/P1Q1KP2/3R2R1 w - - 0 23","d6f8 h4c4 e2e1 a8f8 d1d4 c4b5","1616","74","100","574","advantage defensiveMove hangingPiece intermezzo long middlegame","https://lichess.org/lDClMMZy#45","",""
"perky","1","2105","e","exact","gu3Ab","r3q1kB/pp2br1p/2b3pP/4Qp2/2Bp4/2P1P3/PP3PP1/R3K2R b KQ - 1 22","d4e3 e5g7","1610","77","100","612","mate mateIn1 middlegame oneMove pin","https://lichess.org/XDW6lUMi/black#44","",""
"could","2","2104","cd","exact","D0AJe","3R4/p3Bp2/2k5/6p1/2p5/7P/2q3P1/5R1K w - - 0 31","d8c8 c6d7 c8a8 d7e7","1600","119","100","51","defensiveMove endgame equality short","https://lichess.org/tZECab2B#61","",""
"wrung","1","2103","g","exact","HuWAh","r1bq1rk1/ppBn2p1/4p1N1/2pp3Q/7P/2P1P3/PP3PP1/R3K2R b KQ - 0 18","d8c7 g6e7","1604","76","100","483","mate mateIn1 middlegame oneMove","https://lichess.org/PfCH1Wpf/black#36","Queens_Pawn_Game Queens_Pawn_Game_London_System",""
"light","2","2102","gh","exact","Reang","r1b1r1k1/pp3p1p/5Q2/2p3pq/4p2P/1P2PnP1/P2PNPB1/3R1R1K b - - 1 19","f3h4 g3h4 h5h4 h1g1","1600","101","100","75","equality middlegame short","https://lichess.org/9um8F3Pm/black#38","",""
"those","2","2101","he","exact","0mJJ3","2r3k1/1b2bpp1/p3p2P/1p1pN3/3P1P2/1P2qQ2/P1B2R1P/6K1 b - - 0 27","e3f3 h6h7 g8h8 e5f7","1603","75","100","948","advancedPawn deflection kingsideAttack master mate mateIn2 middlegame short","https://lichess.org/IwNavUJI/black#54","",""
"shard","3","2100","had","exact","LXoYW","r4rk1/pp2b1pp/1q3p2/3Q4/P7/1P2NPP1/5KP1/R6R b - - 0 20","g8h8 h1h7 h8h7 a1h1 h7g6 d5h5","1573","74","98","6635","attraction kingsideAttack long mate mateIn3 middlegame sacrifice","https://lichess.org/5KRoUBGJ/black#40","",""
"pleat","2","2099","ea","exact","4QNyn","4r3/5p1k/p5p1/Bp1p1qPp/2pP1P1P/P2bP1R1/1P6/4Q1K1 b - - 17 49","f5f4 e3f4 e8e1 a5e1","1594","76","100","464","crushing endgame short","https://lichess.org/ZtU86Hat/black#98","",""
"aloft","2","2098","af","exact","aJ9Sz","r4rk1/1p1P1pp1/7p/4NP2/1p1P4/8/b5PP/R4RK1 b - - 0 28","a2d5 a1a8 f8a8 f1c1","1601","75","100","403","crushing defensiveMove endgame short","https://lichess.org/ifEHyDoL/black#56","",""
"elder","3","2097","ede","exact","BOnY6","8/6p1/4P3/p1N4k/6p1/1P2K2b/3R4/7r b - - 2 48","g4g3 e6e7 h1e1 d2e2 e1e2 e3e2","1595","74","100","1330","advancedPawn crushing defensiveMove endgame long","https://lichess.org/1jbavaYk/black#96","",""
"frame","3","2096","fae","exact","VgBl6","r4k1r/4Rp2/p5pp/1p6/8/q4Q2/2P2PPP/4R1K1 b - - 1 26","a3e7 f3a8 f8g7 a8h8 g7h8 e1e7","1589","76","100","552","crushing endgame hangingPiece long","https://lichess.org/fQ1fx9oN/black#52","",""
"humor","1","2095","h","exact","g9wRR","r4rk1/1p5n/p1Pp4/4pqp1/2P4p/1P2QPBP/P5P1/3RR1K1 w - - 0 25","c6c7 h4g3","1601","95","100","90","equality hangingPiece middlegame oneMove","https://lichess.org/wwvZKmAZ#49","",""
"pause","2","2094","ae","exact","3jC5z","r3k2r/1b1q2pp/2p1Rb2/p7/Pp1P4/1Q6/NP3PPP/R5K1 b kq - 0 17","f6e7 a1e1 e8c8 e6e7","1590","132","100","49","equality middlegame quietMove short","https://lichess.org/fI7uI1CU/black#34","",""
"ulcer","2","2093","ce","exact","WxbjV","6k1/p5p1/8/1p2B2p/2b1P1K1/6P1/5r1P/3R4 w - - 0 33","g4h5 c4e2 h5g6 e2d1","1597","75","100","1170","crushing endgame fork short","https://lichess.org/SUdVYhvH#65","",""
"ultra","1","2092","a","exact","a1tW5","2kr4/pp1nr1N1/2p4B/q6P/2QPp3/2n3P1/P1P2P2/2KR3R w - - 0 24","h6d2 a5a3","1620","76","100","1548","mate mateIn1 middlegame oneMove","https://lichess.org/9UO3EQM0#47","",""
"robin","1","2091","b","exact","MiiYt","8/8/8/1PR3p1/4p1P1/5k1P/1r6/5K2 w - - 5 54","c5g5 b2b1","1597","82","100","40","endgame","https://lichess.org/WRanPdI6#107","",""
"cynic","2","2090","cc","exact","ny6Gw","5rk1/1p3pb1/p1r3p1/q1N4p/5P2/P3B1PP/1PQ5/1K1RR3 w - - 5 27","c5b7 c6c2 b7a5 c2b2","1601","76","100","127","advantage master middlegame queensideAttack short","https://lichess.org/nfCrHptw#53","",""
"aroma","2","2089","aa","exact","OSaHo","2Q2bk1/4Bp1p/6p1/8/5P2/7P/6P1/q4K2 w - - 1 35","f1f2 a1a7 f2f3 a7e7","1603","75","100","1590","advantage endgame fork short","https://lichess.org/8HRCGhmc#69","",""
"caulk","2","2088","ca","exact","UjTKC","8/8/pp1k1ppp/2p5/2P1KPP1/PP6/7P/8 w - - 0 38","b3b4 c5b4 a3b4 a6a5","1605","74","100","639","crushing endgame master pawnEndgame short","https://lichess.org/PEq7FdSi#75","",""
"shake","3","2087","hae","exact","kGp4r","1k1r4/1pqbbp1r/7p/1P2p1pn/2B1P3/5P1P/1PP3PQ/R2R2K1 b - - 2 21","c7c4 h2e5 c4c7 a1a8 b8a8 e5c7","1603","76","100","654","crushing deflection fork long middlegame pin","https://lichess.org/3Y6LbGqM/black#42","",""
"dodge","4","2086","ddge","exact","Excbe","8/p4rbk/7p/6p1/2p1Q3/6B1/q4PPP/3R2K1 b - - 2 26","h7h8 d1d8 f7f8 d8f8 g7f8 g3e5 f8g7 e4a8","1727","77","100","89","endgame","https://lichess.org/Fo9PFqEz/black#52","",""
"tacit","2","2085","ac","exact","wriN9","1r4k1/4bppp/1pN1p3/3pP3/P1nP2P1/4B3/5P1P/1R4K1 b - - 6 26","b8b7 a4a5 c4a5 c6a5","1601","79","100","90","endgame","https://lichess.org/E0HPaCV9/black#52","",""
"other","2","2084","he","exact","iaUCu","2kr3r/p3q1p1/2B2p2/2n1pb1p/7Q/2N3P1/PPP2P2/R3R1K1 b - - 0 21","d8d4 h4d4 e5d4 e1e7","1603","75","100","352","advantage middlegame short","https://lichess.org/WVu9LG1X/black#42","",""
"thorn","1","2083","h","exact","kmeNB","rn2k2r/pp3pp1/2p1pn1p/6N1/1b1P1P2/2N1P1q1/PP1BB3/R2Q1R1K w kq - 0 15","f1f3 h6g5","1599","76","100","124","middlegame","https://lichess.org/sPo7YyLZ#29","English_Opening English_Opening_Anglo-Indian_Defense",""
"trove","1","2082","e","exact","gkrkr","3rr3/pp3pk1/6p1/2q5/6P1/2P5/PRQ1B1P1/5R1K w - - 2 26","b2b5 e8h8","1611","75","100","462","mate mateIn1 middlegame oneMove","https://lichess.org/BkxyXwUd#51","",""
"bloke","2","2081","be","exact","3ok5X","1k2r3/1q2bRpp/Q7/1Pp1p3/4P1b1/4B3/6PP/R5K1 w - - 0 30","e3g5 b7a6 a1a6 e7g5","1597","110","100","74","equality middlegame short","https://lichess.org/CVpTOLTT#59","",""
"vivid","1","2080","d","exact","37SwO","2BQ4/p3rp2/5kp1/3p1q1p/2p4P/6P1/P4P2/5K2 b - - 1 42","f5e4 d8h8","1593","75","100","253","endgame mate mateIn1 oneMove","https://lichess.org/9lvfAe7u/black#84","",""
"chant","3","2079","cha","exact","ubjTg","r5k1/p1q4p/1p3Qp1/6K1/4p3/8/P1P5/5RR1 w - - 0 34","g5h6 c7h2 h6g5 h2h5 g5f4 a8f8","1562","77","100","439","advantage endgame long pin","https://lichess.org/vuMjAofn#67","",""
"choke","3","2078","che","exact","RjkZn","r4r1k/pp4pp/1nqp4/4p2b/8/2P2PB1/PPB2P1P/R2QR1K1 b - - 1 19","f8f3 c2e4 f3g3 h2g3 h5d1 e4c6","1593","74","100","596","advantage fork long middlegame","https://lichess.org/TvnJljwl/black#38","",""
"rupee","2","2077","ee","exact","jymos","6k1/6pp/5p2/2BK1P2/4RbP1/1r1p3P/P7/8 b - - 0 42","d3d2 e4e8 g8f7 e8f8","1600","74","100","558","endgame mate mateIn2 short","https://lichess.org/tmNPgD9o/black#84","",""
"nasty","1","2076","a","exact","vksLf","2kr1b1r/2pq1ppp/5n2/Q2P4/1n1P1Bb1/5N2/PPP1B1PP/2KRR3 b - - 2 15","d7d5 a5c7","1577","77","100","1618","mate mateIn1 middlegame oneMove queensideAttack","https://lichess.org/1HHD97nE/black#30","Vienna_Gambit_with_Max_Lange_Defense Vienna_Gambit_with_Max_Lange_Defense_Other_variations",""
"brine","2","2074","be","exact","3bZXi","8/8/8/1pp2p2/P3kPp1/1P4P1/4K3/8 b - - 0 40","b5a4 b3a4 e4d5 e2d3","1596","75","100","644","crushing defensiveMove endgame master pawnEndgame short","https://lichess.org/oTQeRJBL/black#80","",""
"cloth","2","2073","ch","exact","lvdBt","8/7b/2k4P/8/p7/1pK5/8/2N5 b - - 5 48","h7c2 c1d3 c2b1 h6h7","1600","75","100","657","advancedPawn crushing endgame master quietMove short","https://lichess.org/1Pm2PbqM/black#96","",""
"hoard","3","2072","had","exact","05Sf0","6k1/B1p2p1p/2p1q1p1/1p6/5P1Q/2P4P/2b3P1/6K1 b - - 1 28","e6f5 h4d8 g8g7 a7d4 f7f6 d8e7","1403","75","100","584","crushing endgame long","https://lichess.org/2CiQQ3JN/black#56","",""
"sweet","2","2071","ee","exact","lgNF8","3r1rk1/3bRp1p/p2p2p1/1p1P4/3q4/1Q1B1R2/PP4PP/7K b - - 5 24","d7g4 e7e4 d4c5 e4g4","1600","76","100","392","advantage interference middlegame short","https://lichess.org/aiGlpPgU/black#48","",""
"month","1","2070","h","exact","DWLwW","7r/pr3pb1/2R2pp1/4pk1p/6P1/4BP1P/PP6/3R2K1 b - - 0 23","h5g4 h3g4","1598","76","100","230","endgame mate mateIn1 oneMove","https://lichess.org/tSkLEvdp/black#46","",""
"lapse","2","2069","ae","exact","PN6z4","4r1k1/pp2q1pp/2p2p1B/3p4/2nP4/2P3QP/P4PPK/R7 b - - 2 23","g8h8 a1e1 g7h6 e1e7","1611","77","100","80","advantage endgame short","https://lichess.org/o9KBWnIz/black#46","",""
"watch","3","2068","ach","exact","UI9Qi","7k/b3q1pp/Q7/8/1P4P1/2P4P/3BrrB1/R6K b - - 0 43","f2g2 a6c8 e7e8 c8e8 e2e8 h1g2","1659","74","100","779","advantage long master middlegame","https://lichess.org/GXGk7uLS/black#86","",""
"today","2","2067","da","exact","lYzYy","r1bqkbr1/pp2np2/2n1pBpp/2p5/4N3/1B1P1N2/PPP2PPP/R2QK2R w KQq - 2 10","e4c5 d8a5 f3d2 a5c5","1596","98","100","82","equality fork opening short","https://lichess.org/pObNaDYD#19","",""
"focus","2","2066","fc","exact","pGcY9","8/5Rbk/4p3/1p4Qp/1P6/P4KP1/6N1/5q2 w - - 0 39","f3e3 f1c1 e3f2 c1g5","1601","76","100","1295","crushing endgame short skewer","https://lichess.org/azNTJbFj#77","",""
"smelt","1","2065","e","exact","oYXQW","4r1k1/1p2qp2/p1p5/8/1P6/PQ3Rn1/2R2bP1/2B3K1 w - - 0 31","g1f2 e7e1","1611","76","100","868","mate mateIn1 middlegame oneMove","https://lichess.org/pg57uDIL#61","",""
"tease","3","2064","eae","exact","vV81a","7k/pp4p1/6bp/2pPq1r1/2P1p3/1P3Q1P/P4P2/R5RK w - - 1 31","g1g5 e5a1 g5g1 a1g1 h1g1 e4f3","1587","77","100","411","crushing endgame exposedKing hangingPiece long","https://lichess.org/8cyMV2t0#61","",""
"cater","3","2063","cae","exact","SYWBB","r5k1/3n1pp1/1q2p2p/3p1b2/3PnB2/p3PN1P/4BPP1/R1Q3K1 b - - 1 22","b6b2 c1b2 a3b2 a1a8 g8h7 e2d3","1612","76","100","892","advantage long middlegame","https://lichess.org/ayclQE00/black#44","",""
"movie","1","2062","e","exact","2EWLE","1k3rr1/bb5p/pq6/n3RB2/1p3Q2/6N1/1PP2PPP/R5K1 b - - 0 26","a5c6 e5e8","1588","76","100","984","doubleCheck mate mateIn1 middlegame oneMove","https://lichess.org/QWlZl3bl/black#52","",""
"saute","2","2061","ae","exact","fKrwi","8/2pR1pk1/4p1pp/1pP1P3/rP3P1P/PK1Q2P1/8/4q3 w - - 13 48","d3c3 a4a3 b3a3 e1c3","1612","74","100","541","attraction crushing deflection endgame short","https://lichess.org/7tBQdqd6#95","",""
"allow","1","2060","a","exact","1whJM","5r2/8/Qpkq2pp/8/3ppP2/8/6PP/2R1n1K1 b - - 3 42","c6d5 a6a2","1624","76","100","1317","endgame mate mateIn1 oneMove","https://lichess.org/R5Ocurxm/black#84","",""
"renew","2","2059","ee","exact","4RO9C","3r2k1/7p/5p2/3q1Pp1/p7/1pp4P/4Q1PK/3R4 b - - 1 39","d5a8 e2e6 g8g7 e6e7","1601","77","100","929","crushing endgame short","https://lichess.org/DaudDO3F/black#78","",""
"their","2","2058","he","exact","DmN8s","r1b1r3/1pp2kp1/p6p/2qpnP1Q/1n1N4/N2p3P/PP3P2/R4K1R b - - 1 19","f7g8 h5e8 c5f8 e8e5","1604","78","100","1100","advantage fork hangingPiece middlegame short","https://lichess.org/6gYntXRM/black#38","",""
"slosh","1","2057","h","exact","SkHAT","1r2k3/R3p2Q/3p1p2/2pP3P/2P5/5P1K/1q6/8 b - - 6 42","b2e5 h7g8","1602","76","100","1261","endgame mate mateIn1 oneMove","https://lichess.org/PJ8CCtrA/black#84","",""
"purge","2","2056","ge","exact","59EKw","8/4k3/1p1p2pq/pPpPp2n/2P1P1Q1/P4P2/4NK2/8 b - - 3 37","h6d2 g4e6 e7f8 e6d6","1604","76","100","245","crushing deflection endgame short","https://lichess.org/Hg9ovomn/black#74","",""
"chest","3","2055","che","exact","XHyyf","2bq1rk1/r4p1p/p7/1pp3bQ/8/2NP4/PPP2PPP/R4RK1 b - - 2 19","d8f6 c3e4 f6h6 h5g5 h6g5 e4g5","1544","75","100","1322","advantage kingsideAttack long middlegame","https://lichess.org/6TE3zdxP/black#38","",""
"depot","2","2054","de","exact","I2dSJ","r3r1k1/5pp1/3Q3p/1p1qP3/4R3/7P/4R1P1/7K b - - 6 37","e8e5 d6e5 d5e5 e4e5","1599","75","100","705","advantage endgame short","https://lichess.org/KGoWEVtC/black#74","",""
"epoxy","1","2053","e","exact","YPZIV","r6r/p2bnppN/1pn1p1k1/3pP3/3P4/7R/q2BQPPP/5RK1 b - - 5 18","f7f6 e2h5","1588","76","100","1478","mate mateIn1 middlegame oneMove","https://lichess.org/nokrye9D/black#36","French_Defense French_Defense_Advance_Variation",""
"nymph","1","2052","h","exact","KIEG1","2r2n1k/6pP/Q1b1p3/4P3/PP1p1P1q/2P5/2B5/R4RK1 w - - 1 31","a6c8 h4g3","1597","75","100","1046","mate mateIn1 middlegame oneMove","https://lichess.org/IhwNoPsB#61","",""
"found","2","2051","fd","exact","KRdj2","6k1/5pp1/3b4/4NP2/2p3P1/3p3p/5B1P/3K4 w - - 2 52","f2g3 f7f6 e5d3 d6g3","1601","76","100","407","crushing endgame master short","https://lichess.org/JkAJDR3D#103","",""
"shall","2","2050","ha","exact","QKDrL","1R6/8/6p1/5p1k/5P1P/8/r4KR1/7r w - - 6 57","f2f3 h1h3 g2g3 a2a3","1613","74","100","669","crushing endgame rookEndgame short","https://lichess.org/SvYq27HF#113","",""
"harry","2","2049","ha","exact","mE1JS","8/5k2/pp4p1/3P3p/1PP1R1rP/3K4/8/8 w - - 4 43","e4g4 h5g4 b4b5 a6a5","1614","74","100","917","advantage defensiveMove endgame short","https://lichess.org/8R3i6lZB#85","",""
"stove","1","2048","e","exact","mwovF","r4qr1/pppn1k1p/3pbp1P/5P2/8/4Q1R1/P5P1/5RK1 b - - 0 28","g8g3 e3e6","1588","76","100","111","middlegame","https://lichess.org/45smzFl5/black#56","",""
"trope","1","2047","e","exact","WniVY","6k1/pp3p2/6p1/7P/2P5/1P3PQ1/P4RK1/r3q3 w - - 1 33","h5g6 e1h1","1587","75","100","843","endgame mate mateIn1 oneMove","https://lichess.org/akIXJA8N#65","",""
"fewer","3","2046","fee","exact","60Cey","1k2rRr1/ppp3Pp/6q1/8/2p5/4B3/PP2Q1PP/6K1 b - - 2 23","g8g7 f8e8 g6e8 e3a7 b8a7 e2e8","1600","75","100","1456","crushing discoveredAttack endgame long","https://lichess.org/pKbdlT8C/black#46","",""
"shawl","2","2045","ha","exact","zMrvL","r7/PRR5/6p1/3k2pp/8/6KP/r4P2/8 w - - 0 43","f2f3 h5h4 g3g4 a2g2","1582","79","100","123","endgame mate mateIn2 rookEndgame short","https://lichess.org/38J24Mzg#85","",""
"natal","2","2044","aa","exact","gZtdM","8/5p1p/3k1K2/p4P2/1ppB2PP/P1Pn4/8/8 w - - 0 46","a3b4 a5a4 f6f7 a4a3","1597","75","100","746","crushing endgame quietMove short","https://lichess.org/Z6suYF6s#91","",""
"comma","2","2043","ca","exact","k7wgm","8/8/2k5/2q5/K1R5/1P6/8/8 b - - 12 92","c6d5 c4c5 d5c5 a4a5","1595","75","100","787","crushing defensiveMove endgame short","https://lichess.org/22NsyIxr/black#184","",""
"foray","2","2042","fa","exact","eMe1t","r2qkr2/pppb2pp/3b2n1/4n1NQ/2B1PN2/8/PPP3PP/R4RK1 b q - 0 14","e5c4 f4g6 f8f1 a1f1","1591","110","100","40","middlegame","https://lichess.org/sHodoQIX/black#28","Philidor_Defense Philidor_Defense_Other_variations",""
"scare","3","2041","cae","exact","bmvkH","r3k2r/pp3pp1/1q2b2p/2bpPp2/3P4/4B3/PPQN1PPP/R4RK1 b kq - 0 14","c5d4 c2a4 e6d7 a4d4 b6d4 e3d4","1571","75","100","170","advantage long middlegame","https://lichess.org/vwCTegey/black#28","French_Defense French_Defense_Advance_Variation",""
"stair","1","2040","a","exact","ODEbV","Q3k2r/1pqb1pp1/4p1n1/1B1pP1Bp/1n1P4/5N2/1P3PPP/5RK1 b k - 2 16","c7c8 a8c8","1575","76","100","747","mate mateIn1 middlegame oneMove pin","https://lichess.org/3mhXWb3N/black#32","French_Defense French_Defense_Advance_Variation",""
"black","3","2039","bac","exact","qMxQQ","1Q6/P3kpp1/2b1p3/3p4/7p/7P/5PPK/2q5 b - - 8 44","d5d4 b8c7 e7f6 a7a8q c6a8 c7c1","1611","75","100","580","advancedPawn crushing endgame long promotion","https://lichess.org/dHhIpOL2/black#88","",""
"squad","2","2038","ad","exact","x0SQa","8/5p1p/3k2p1/np1r4/5PP1/1p1RP2P/1R1K4/8 w - - 4 44","e3e4 a5c4 d2e2 d5d3","1605","78","100","1904","crushing endgame fork pin short","https://lichess.org/Q52ja6G9#87","",""
"royal","1","2037","a","exact","gkvWS","Q4B2/1r6/k1q1p3/p1n5/1pP5/6P1/5P1P/6K1 b - - 12 38","b7a7 a8c6","1626","364","100","5","endgame","https://lichess.org/Zxzv5pkx/black#76","",""
"chunk","2","2036","ch","exact","z9wtQ","3r2k1/1p3ppp/2rNp2b/1N6/1P2P3/P5P1/1Q3P1P/n5K1 w - - 1 27","b2a1 c6c1 a1c1 h6c1","1600","103","100","83","endgame equality fork short","https://lichess.org/e8GxCrqQ#53","",""
"mince","2","2035","ce","exact","15qYS","r4rk1/1b2qpp1/p1n1p2p/1pb1P3/4N3/3B1N2/PPQ2PPP/3RR1K1 b - - 4 19","c6b4 c2c5 e7c5 e4c5","1596","75","100","1463","advantage middlegame short","https://lichess.org/S7PqMuky/black#38","",""
"shame","3","2034","hae","exact","lNJcn","4rk2/2q2p1Q/b1p5/1p6/p2P3P/2P5/PP3PPb/R6K b - - 2 27","a6b7 h7h8 f8e7 a1e1 h2e5 e1e5 c7e5 h8e5","1606","75","100","517","crushing endgame veryLong","https://lichess.org/7rVgle0g/black#54","",""
"cheek","4","2033","chee","exact","3a8mZ","1k1r4/ppp2q1p/1b2r3/6p1/1P6/P1Q4P/2K3PB/3RR3 b - - 5 31","d8d1 c3h8 f7e8 h8e8 e6e8 e1e8 d1d8 e8d8","1538","76","96","8755","mate mateIn4 middlegame queensideAttack veryLong xRayAttack","https://lichess.org/ykca4zlL/black#62","",""
"ample","2","2032","ae","exact","G0iGd","6k1/ppp2pp1/2p5/7p/2PNbP2/1P6/P1r3PP/R4K2 b - - 4 26","c2g2 a1e1 g2h2 e1e4","1587","130","100","48","endgame equality short","https://lichess.org/1eCP3wb1/black#52","",""
"flair","2","2031","fa","exact","FZZjr","8/6pk/3p1q1p/2pPp2n/bpP1P2P/rN3PQ1/P5RK/6R1 w - - 10 41","g3g6 f6g6 g2g6 a3a2","1610","76","100","519","crushing master middlegame short","https://lichess.org/jZIAdeEa#81","",""
"foyer","2","2030","fe","exact","sOWxT","r3r2k/1p2pQbp/p5p1/3BNb2/P2q1P2/8/1P2PP1P/R4RK1 b - - 1 18","d4f4 f7g8 e8g8 e5f7","1601","76","100","847","kingsideAttack mate mateIn2 middlegame sacrifice short smotheredMate","https://lichess.org/M1fM5mDI/black#36","Slav_Indian Slav_Indian_Other_variations",""
"cargo","3","2029","cag","exact","U9pxh","1k1r3r/ppp3pp/2nq4/4p1Q1/4R3/2N4P/PPp2PP1/R5K1 b - - 0 17","d6d1 c3d1 c2d1q a1d1 d8d1 g1h2","1591","75","100","738","advantage long middlegame","https://lichess.org/yubEmkA6/black#34","Scotch_Game Scotch_Game_Scotch_Gambit",""
"oxide","2","2028","de","exact","eIqoH","R7/6pk/4p2p/3p1p2/3NbP2/2P1K1P1/1r5P/8 w - - 4 34","d4e6 d5d4 e3d4 e4a8","1601","75","100","429","advantage discoveredAttack endgame short","https://lichess.org/Z3BEDECH#67","",""
"plant","1","2027","a","exact","ifFzk","1r4k1/7p/6pP/2Pp2P1/3Q4/8/p7/Kq3R2 w - - 1 39","f1b1 a2b1q","1574","75","100","736","advancedPawn endgame mate mateIn1 oneMove promotion","https://lichess.org/dgizUhB5#77","",""
"olive","1","2026","e","exact","gFuoD","5r2/pp3kp1/2p2pn1/3p1Np1/3P4/1qP4P/4Q1P1/4R1K1 b - - 0 31","b3c3 e2e6","1587","76","100","551","endgame mate mateIn1 oneMove","https://lichess.org/YzwzWgTz/black#62","",""
"inert","1","2025","e","exact","5SGhN","r3r1k1/pp1nqppp/2pb1n2/8/2PN2b1/1P3NP1/PBQ1PKBP/R4R2 w - - 1 15","a1e1 e7e3","1586","75","100","897","mate mateIn1 middlegame oneMove","https://lichess.org/tz2LR0rN#29","English_Opening English_Opening_Caro-Kann_Defensive_System",""
"askew","2","2024","ae","exact","eNaMU","1k1r3r/pp3pp1/2p5/4Q3/N3R2b/1P5q/P1P2P2/4R1K1 b - - 1 27","b8a8 a4b6 a7b6 e4a4","1587","75","100","1461","clearance mate mateIn2 middlegame queensideAttack sacrifice short","https://lichess.org/SZ84sf7G/black#54","",""
"heist","2","2023","he","exact","rOmSb","5rk1/pp2b1p1/2p1q1b1/4P2p/4p3/6B1/PP2QPPP/3R1RK1 w - - 2 25","b2b3 h5h4 g3h4 e7h4","1596","75","100","229","advantage middlegame short trappedPiece","https://lichess.org/onXmLJrt#49","",""
"shown","1","2022","h","exact","GuFL8","8/5pkp/2b3p1/4NnP1/p2P3P/P1R1B1K1/5P2/7r w - - 7 36","g3g4 h1h4","1604","76","100","269","endgame hookMate mate mateIn1 oneMove","https://lichess.org/f47ZrHit#71","",""
"zesty","1","2021","e","exact","xYHs9","r3k2r/pp3pp1/1bp5/4p1B1/Q1B1n1b1/2Pq4/P5PP/RN3R1K w kq - 0 18","c4d3 e4g3","1585","76","100","163","mate mateIn1 middlegame oneMove pin","https://lichess.org/DpqwIGrn#35","Scotch_Game Scotch_Game_Scotch_Gambit",""
"hasty","2","2020","ha","exact","l1019","2r1k2r/3bbp2/p2ppn1B/8/1Q1NP3/5P2/qPP1N3/2KR3R w k - 1 21","h6g7 h8h1 d1h1 a2a1","1581","74","100","308","crushing master middlegame short","https://lichess.org/fBRZikJr#41","",""
"trash","2","2019","ah","exact","0UCR1","k3r3/1p1Q3p/q7/2pR1p2/8/4P3/PPP3Pb/R5K1 w - - 0 28","g1h2 a6h6 h2g1 h6e3","1603","116","100","57","endgame equality short","https://lichess.org/kLkXJg6C#55","",""
"fella","3","2018","fea","exact","JzjT0","8/p4p1k/1p1PqPp1/2r1P3/4Q1P1/P7/5R2/6K1 b - - 2 32","c5e5 f2h2 h7g8 e4a8 e6e8 a8e8","1593","75","100","1522","crushing endgame long","https://lichess.org/tyG66ieC/black#64","",""
"larva","2","2017","aa","exact","MT4TY","6B1/4k3/4P3/6K1/p7/1p6/P7/8 w - - 0 61","a2b3 a4a3 g8h7 a3a2","1604","74","100","1155","advancedPawn bishopEndgame crushing endgame master short","https://lichess.org/hmTf7fB4#121","",""
"forgo","2","2016","fg","exact","nfS5d","8/8/8/5p2/5Pk1/5r2/5R1K/8 w - - 10 51","h2g2 f3f2 g2f2 g4f4","1600","77","100","56","endgame","https://lichess.org/lPPmE7V1#101","",""
"hairy","2","2015","ha","exact","wrsjP","6k1/3Q1p1p/P2pp1p1/3Pb3/7q/5P1P/r5P1/1R4RK w - - 0 35","d5e6 h4h3 g2h3 a2h2","1579","74","100","2866","endgame mate mateIn2 operaMate sacrifice short","https://lichess.org/Rf1zfanb#69","",""
"train","1","2014","a","exact","dytDL","8/3p4/1p1Nk3/4P3/7B/1pp5/r5PP/2K1R3 w - - 0 40","d6b5 a2a1","1573","76","100","1468","endgame mate mateIn1 oneMove","https://lichess.org/uGPQJ8mr#79","",""
"homer","2","2013","he","exact","ytuJZ","8/5p2/4p3/1p1p2Pp/1P1Pk2P/1P4P1/6K1/8 w - - 2 42","g3g4 h5g4 h4h5 e4f5","1604","151","100","14","endgame","https://lichess.org/rYAe42oL#83","",""
"midst","1","2011","d","exact","DC1FN","6k1/1p5p/p5p1/2pP1n2/2Pq1Q2/1P5P/P4RP1/5rK1 w - - 0 44","g1f1 d4d1","1593","76","100","1441","endgame mate mateIn1 oneMove","https://lichess.org/8bSQPm7l#87","",""
"canny","2","2010","ca","exact","y2eLm","4r1k1/1p3ppp/1qn5/r1bnp3/2B5/P4N2/1BP2PPP/R2QR1K1 w - - 2 19","d1d5 c5f2 g1h1 a5d5","1595","75","100","3059","advantage discoveredAttack fork middlegame short","https://lichess.org/pL4vDDY8#37","",""
"fetus","2","2009","fe","exact","vCVV3","2k4r/1pp2pp1/p2r1n1p/q7/4P3/2NPB2P/1Q3PP1/2KRR3 w - - 4 19","c1d2 f6e4 d2c2 e4c3","1601","88","100","81","advantage middlegame pin short","https://lichess.org/3Cf8Z3NR#37","",""
"butch","3","2008","bch","exact","VNEmC","4b3/8/1pN5/pP2k1pp/P1K1p3/4P1P1/7P/8 b - - 2 39","e8c6 b5c6 e5d6 c4b5 d6c7 h2h3 c7d6 b5b6","1553","75","100","975","crushing endgame quietMove veryLong zugzwang","https://lichess.org/RihFDb9M/black#78","",""
"farce","4","2007","face","exact","yiRXd","6k1/p3rpp1/4p2p/1pq3b1/2R5/P1P2Q2/1PBr1PPP/2R3K1 b - - 5 26","b5c4 f3a8 e7e8 a8e8 c5f8 c2h7 g8h7 e8f8","1143","76","100","704","crushing deflection kingsideAttack middlegame veryLong","https://lichess.org/lLvQgZQx/black#52","",""
"slung","1","2006","g","exact","MuOUn","6r1/5N1k/4p3/p2p3P/P1bP2r1/2P5/7K/R3R3 w - - 2 33","e1e6 g4h4","1604","77","100","250","endgame mate mateIn1 oneMove","https://lichess.org/OdU4c6EI#65","",""
"metal","2","2005","ea","exact","QFTBr","1r4k1/1b3p2/1Pr1q1p1/3p3p/P3p3/4P3/1Q1NBPPP/1R4K1 b - - 0 31","b7a6 e2a6 c6b6 a6b5","1594","76","100","848","advantage defensiveMove middlegame short","https://lichess.org/3kiWfpni/black#62","",""
"yield","2","2004","ed","exact","oVCsE","r3k3/p2n4/1p6/1PpP1b2/2PbNp2/5B2/P3K1P1/3R4 b q - 0 32","d7e5 e4d6 e8d8 d6f5","1600","111","100","64","equality fork middlegame short","https://lichess.org/IGRcGtC4/black#64","",""
"delve","3","2003","dee","exact","RHvT7","3r2k1/1p4bp/p3p1p1/4qp2/4B3/5Q1P/2RB3P/7K w - - 0 28","e4b7 d8d2 c2d2 e5e1 h1g2 e1d2","1597","75","100","461","attraction crushing fork long middlegame sacrifice","https://lichess.org/oSaizkIW#55","",""
"being","3","2002","beg","exact","qfuuk","4Q3/1R3pk1/1p1q1rpp/2pP4/2P2p2/pP6/P5PP/6K1 b - - 0 39","f4f3 b7b8 d6b8 e8b8 f3f2 g1f1","1599","75","100","491","crushing endgame long","https://lichess.org/fZMaRVpa/black#78","",""
"scour","1","2001","c","exact","YPy5r","8/8/5kp1/8/2P1RKP1/4BP2/2q5/8 w - - 4 57","c4c5 c2h2","1606","75","100","277","endgame mate mateIn1 oneMove","https://lichess.org/9QQYEoh2#113","",""
"glass","2","2000","ga","exact","v9Jdg","8/p4pbk/1p2p1p1/3n3p/q4P2/1NP4P/1PQ3P1/3R2K1 w - - 4 35","b3d4 g7d4 d1d4 a4c2","1598","76","100","897","crushing endgame short","https://lichess.org/blTDxtIv#69","",""
"gamer","3","1999","gae","exact","u6tvg","r3r1k1/pb3ppp/1p6/3P2q1/1QB5/8/PP3PPP/3RR1K1 w - - 2 23","b4d2 g5d2 e1e8 a8e8 d1d2 e8e1","1656","76","100","1007","advantage long middlegame","https://lichess.org/uWE0Lwi3#45","",""
"scrap","2","1998","ca","exact","IDpiH","r3k1nr/ppq1ppbp/3p2p1/3P1b2/1PP5/4B1P1/n1N2PBP/R2QNRK1 b kq - 2 18","c7c4 c2a3 a2c3 a3c4","1594","74","100","442","advantage middlegame short","https://lichess.org/67BHYBXK/black#36","English_Opening English_Opening_Symmetrical_Variation",""
"money","1","1997","e","exact","uRepA","2r3k1/5q2/p2Q3p/1p2p1p1/n3r3/2P3R1/P1R2PPB/6K1 w - - 0 34","d6h6 e4e1","1616","225","100","8","middlegame","https://lichess.org/cK2ktMLl#67","",""
"hinge","3","1996","hge","exact","dgWMN","6rQ/5kP1/4p3/2p1Pq1p/1p6/1P5P/P3b1B1/6RK b - - 2 40","g8g7 h8g7 f7g7 g2e4 g7f7 e4f5","1608","76","100","819","advantage discoveredAttack endgame long sacrifice","https://lichess.org/Uacf9cRJ/black#80","",""
"album","2","1995","ab","exact","G5py5","r2b4/3P3k/5ppP/8/1pp1n1P1/4N2R/1PP5/2K2R2 w - - 2 41","c2c3 a8a1 c1c2 b4b3","1603","77","100","2322","endgame mate mateIn2 short","https://lichess.org/giaPIjhW#81","",""
"vouch","2","1994","ch","exact","hj8gz","6k1/1b3pp1/1r6/pPRp4/2nP1P1p/Q3P1qP/3N2P1/2R3K1 w - - 1 28","d2f1 c4a3 f1g3 h4g3","1599","75","100","160","advantage master middlegame short","https://lichess.org/aVmAznAv#55","",""
"asset","2","1993","ae","exact","qGBZe","r7/8/2p5/1p5P/2r5/5P2/pk4P1/R3R1K1 b - - 5 42","a8e8 a1a2 b2a2 e1e8","1614","75","100","346","advantage endgame rookEndgame short","https://lichess.org/UK7veEjk/black#84","",""
"tiara","2","1992","aa","exact","jL72g","r5k1/5ppp/1p6/q3P3/1b1Q4/1P1R1N2/2P2PPP/1K5R w - - 1 25","c2c3 a5a1 b1c2 a8a2","1605","75","100","830","mate mateIn2 middlegame queensideAttack short","https://lichess.org/bQuhzzuD#49","",""
"crept","2","1991","ce","exact","S44Ug","3k1Rr1/p1p5/2p5/2Qn3p/4N3/1P4P1/P1P3K1/4q3 b - - 5 27","g8f8 c5f8 d8d7 e4c5","1596","76","100","453","endgame mate mateIn2 short","https://lichess.org/lGxe0ETy/black#54","",""
"bayou","2","1990","ba","exact","DesB3","7k/1b1NR3/2p4p/6p1/3b2Pn/1B3n1P/1P3P2/2B2K2 w - - 4 34","c1e3 b7a6 b3c4 a6c4","1601","75","100","356","mate mateIn2 middlegame short","https://lichess.org/yXocpGrj#67","",""
"atoll","1","1989","a","exact","WCpeC","k1r2b1r/p2bqp2/QPp4p/3p2p1/3N4/2N1P1n1/P1P2PPP/R4RK1 b - - 0 19","d7e8 a6c8","1572","76","100","644","hangingPiece master mate mateIn1 middlegame oneMove queensideAttack","https://lichess.org/PaZCF9vK/black#38","",""
"manor","1","1988","a","exact","eTGKo","3r4/7p/8/R6k/2p2R1P/6P1/1r6/6K1 b - - 4 38","h5g6 a5g5 g6h6 f4f6","1601","75","100","502","endgame mate mateIn2 rookEndgame short","https://lichess.org/E6CHuAIv/black#76","",""
"creak","3","1987","cea","exact","klBFd","r2qk1nr/pp3ppp/2n1b3/4P3/1bp1BP2/2p2N2/P1Q3PP/RNB1K2R b KQkq - 1 11","c6d4 c2a4 d4c6 e4c6 b7c6 a4b4","1632","75","100","500","advantage fork long middlegame","https://lichess.org/E1AwxAzy/black#22","Center_Game Center_Game_Halasz-McDonnell_Gambit",""
"showy","1","1986","h","exact","Zu29H","7k/pp4pp/7q/3PQ3/5rK1/6P1/PPR5/7r w - - 0 34","e5f4 h6h5","1604","76","100","1245","endgame mate mateIn1 oneMove","https://lichess.org/elJXPpfZ#67","",""
"phase","3","1985","hae","exact","41ODP","rn4r1/p4p1k/1p2p2p/3pP1q1/3P1P2/P3Q3/1P1K2PR/R7 b - - 0 21","g5g3 h2h6 h7h6 a1h1 h6g7 e3g3","1491","76","100","492","attraction crushing interference long middlegame sacrifice","https://lichess.org/ddN1QbWv/black#42","",""
"froth","2","1984","fh","exact","NyOry","r3r3/1pp1qp2/pnn2k2/3p1Q2/3P4/2PBP3/P4PPP/R4RK1 b - - 3 21","f6g7 f5h7 g7f6 h7h6","1597","75","100","186","mate mateIn2 middlegame short","https://lichess.org/zX6KDWkT/black#42","",""
"depth","3","1983","deh","exact","as1hm","r2q1r2/1b3pk1/pn3np1/1p2p3/3NP3/1PN1QP2/P1B3P1/R3K2R b KQ - 1 18","f8h8 d4f5 g6f5 e3g5 g7f8 h1h8","1605","76","100","250","crushing deflection long middlegame sacrifice","https://lichess.org/OngYWjds/black#36","Queens_Gambit_Declined Queens_Gambit_Declined_Marshall_Defense",""
"gloom","1","1982","g","exact","Myy2b","1rbq1rk1/3nppbp/3p2pB/2pP3n/p3P3/P4P2/1PBQ2P1/1NKR2NR w - - 0 17","h1h5 g7b2","1604","76","100","1142","mate mateIn1 oneMove opening queensideAttack","https://lichess.org/I0XWU5Vx#33","Indian_Defense Indian_Defense_Accelerated_London_System",""
"flood","2","1981","fd","exact","kS8TK","4r3/1p1Q1p2/p4qkp/5Np1/1nP1P3/1P4P1/5PBP/6K1 b - - 5 36","e8d8 f5e7 f6e7 d7e7","1599","196","100","17","endgame master","https://lichess.org/yAaNAMfa/black#72","",""
"trait","1","1980","a","exact","blfOI","4r3/5k2/q1p3pQ/p2p1p1p/8/P6P/1rP3P1/4RR1K w - - 0 27","e1e8 a6f1 h1h2 f7e8","1598","75","100","1702","advantage endgame hangingPiece intermezzo short","https://lichess.org/r2oP8ulT#53","",""
"girth","2","1979","gh","exact","Zbh20","8/4r3/7k/3B1R2/3p4/6pp/PPPK4/8 w - - 0 54","d5f3 g3g2 f5h5 h6g6","1600","74","100","219","advancedPawn advantage endgame short","https://lichess.org/obzDNr2q#107","",""
"piety","1","1978","e","exact","G5B1q","5k2/3R4/6p1/3Bb2p/4P3/2r4K/6P1/8 w - - 3 50","h3h4 e5f6","1582","76","100","1483","endgame mate mateIn1 oneMove","https://lichess.org/lFBiWmUw#99","",""
"payer","2","1977","ae","exact","2VwXn","r7/5bk1/8/5R2/1N3BP1/7P/1PP5/1K2r3 w - - 1 39","f4c1 a8a1 b1a1 e1c1","1615","370","100","10","endgame","https://lichess.org/SjSNsMpy#77","",""
"goose","2","1976","ge","exact","FGeSX","4r1k1/ppp2pp1/3p3p/2nP1N2/4nRP1/5Q1P/P1q1B1K1/5R2 w - - 3 26","f5h6 g7h6 f4f7 e4g5","1604","119","100","67","equality middlegame short","https://lichess.org/lc7T5mkY#51","",""
"float","2","1975","fa","exact","iNouT","8/8/PR6/5p2/5kpp/5P1K/r7/8 w - - 0 51","f3g4 f5g4 h3h4 a2h2","1611","74","100","360","endgame mate mateIn2 rookEndgame short","https://lichess.org/oUZyXuH7#101","",""
"donor","1","1974","d","exact","aAg86","5k2/3R4/3P2Kp/8/6P1/1p1r4/8/8 b - - 0 44","b3b2 d7d8","1607","75","100","923","endgame master mate mateIn1 oneMove rookEndgame","https://lichess.org/NAScH1S7/black#88","",""
"atone","2","1973","ae","exact","ajgkP","r4nk1/1b2r3/p1qp1Rp1/1p6/1PpP2Q1/P3P2P/1B4P1/5RK1 w - - 0 25","f6f8 a8f8 g4g6 e7g7","1584","116","100","49","equality middlegame short","https://lichess.org/10GTnrD1#49","",""
"apron","1","1972","a","exact","lU13s","6k1/4rpp1/R1p4q/1p2PQ1P/3r4/8/1P3P2/5RK1 b - - 0 33","h6e6 a6a8 e7e8 f5e6","1602","75","100","343","crushing endgame pin short","https://lichess.org/x9TFm3PV/black#66","",""
"blown","1","1971","b","exact","tRaQC","8/1R3pr1/3p4/5P2/kpK1P3/8/8/8 b - - 5 50","g7g4 b7a7","1610","75","100","1176","endgame mate mateIn1 oneMove rookEndgame","https://lichess.org/LeHTB1fy/black#100","",""
"cacao","4","1970","caca","exact","VnZf2","8/2Rn2p1/r1p1k3/p2p1p1p/N2P1P1P/4PKP1/8/8 b - - 5 31","e6d6 c7d7 d6d7 a4c5 d7c7 c5a6 c7b6 a6c5","1545","75","98","2797","attraction crushing defensiveMove endgame fork sacrifice veryLong","https://lichess.org/ftk01lxj/black#62","",""
"loser","1","1969","e","exact","SY8bG","8/8/3p1K1k/2p1r1nP/1p2P1P1/1P1B4/2P5/5R2 w - - 3 44","f1f5 e5e6","1581","119","100","36","endgame","https://lichess.org/SKb8RWRv#87","",""
"gloat","2","1968","ga","exact","tzwZ6","8/8/8/R1B5/5Pp1/P4k2/7K/r7 w - - 2 47","f4f5 g4g3 h2h3 a1h1","1606","74","100","722","endgame mate mateIn2 short","https://lichess.org/QNuMdqSL#93","",""
"awful","2","1967","af","exact","nFhjs","3b4/N2P4/3r1p2/p3pB2/Pkp1P3/8/1PK5/8 b - - 1 50","d8c7 a7b5 d6d7 f5d7","1602","76","100","1707","advantage endgame fork master short","https://lichess.org/MOqpjYpf/black#100","",""
"brink","1","1966","b","exact","odzWQ","1k3r2/r5bR/6p1/3Q4/2pN4/1pP1P1P1/1q1K1PP1/3R4 w - - 0 35","d2e1 b2f2","1613","75","100","809","attackingF2F7 mate mateIn1 middlegame oneMove","https://lichess.org/1C8KPJEJ#69","",""
"smite","1","1965","e","exact","l5ZSs","rn1q1bkr/pp2p1p1/2p2nNp/8/8/8/PPPPQPPP/R1B1K2R b KQ - 5 11","h8h7 e2e6","1619","88","100","82","opening","https://lichess.org/ONkrhMLD/black#22","Caro-Kann_Defense Caro-Kann_Defense_Two_Knights_Attack",""
"beady","4","1964","bead","exact","4QCS0","1k1r1bnr/pp2ppp1/4n2p/1Np1Q3/8/5P2/PPP2P1P/R5K1 b - - 1 17","b8a8 b5c7 e6c7 e5c7 d8b8 a1d1 g8f6 d1d8","1672","75","96","7731","advantage middlegame quietMove veryLong","https://lichess.org/S8maAhko/black#34","Zukertort_Opening Zukertort_Opening_Tennison_Gambit",""
"retro","1","1963","e","exact","yehwe","4r2k/4q2n/p5RQ/1p6/2P4P/5P2/PP3KP1/8 w - - 1 35","h4h5 e7e1","1581","77","100","1712","endgame mate mateIn1 oneMove","https://lichess.org/5Ca40tft#69","",""
"droll","1","1962","d","exact","liJwP","rnb1kbnr/pp2pppp/2p5/3q4/8/8/PPPPKPPP/RNBQ1BNR w kq - 0 4","g1f3 d5e4","1593","76","100","517","mate mateIn1 oneMove opening","https://lichess.org/0hEtDxnA#7","Caro-Kann_Defense Caro-Kann_Defense_Other_variations",""
"gawky","2","1961","ga","exact","ym03V","1bk3r1/pp3p2/P1n5/1NNp4/4p3/4Q1rq/1PP4P/R5RK b - - 0 24","g3e3 g1g8 c6d8 a6b7","1607","75","100","1593","advancedPawn hangingPiece mate mateIn2 middlegame queensideAttack short","https://lichess.org/1terQV3v/black#48","",""
"hutch","3","1960","hch","exact","YEixe","1r3rk1/p4pp1/b1qp2P1/4pP2/1P2n1P1/2PRB3/P1Q5/2K4R b - - 0 24","a6d3 h1h8 g8h8 c2h2 h8g8 h2h7","1598","75","100","490","attraction kingsideAttack long mate mateIn3 middlegame sacrifice","https://lichess.org/W00H90pI/black#48","",""
"gaily","2","1959","ga","exact","q1WF0","r7/3b4/1R4B1/1p2pPp1/1k2Pb2/1P3K2/8/1R6 w - - 3 41","f5f6 g5g4 f3e2 a8a2","1609","76","100","709","crushing endgame short","https://lichess.org/PGkU31qh#81","",""
"egret","3","1958","ege","exact","rRYL4","5r2/1p5p/p1kbR1p1/3p2r1/2p5/2P2PN1/PP3KPP/3R4 b - - 1 31","c6d7 e6d6 d7d6 g3e4 d6c6 e4g5","1595","76","100","1326","advantage attraction endgame exposedKing long pin sacrifice","https://lichess.org/Jo2Fmr2v/black#62","",""
"lilac","2","1957","ac","exact","4ewEH","8/p7/8/2K5/P1p5/2k5/2P5/8 b - - 1 45","a7a6 a4a5 c3b2 c5c4","1603","119","100","21","endgame","https://lichess.org/kJ1aztKM/black#90","",""
"sever","2","1956","ee","exact","LOB5c","7k/p1p2rpp/2p5/3pPb2/3B1P2/2P1K3/PP6/3B4 b - - 2 34","g7g6 e5e6 f7g7 e6e7","1601","75","100","550","advancedPawn advantage discoveredAttack endgame pin short","https://lichess.org/9q5P1JEZ/black#68","",""
"field","3","1955","fed","exact","KcwWE","3r4/5pk1/3pnqp1/1p1Qp3/pP6/P4NP1/2P2PKP/4R3 w - - 7 37","d5b5 f6f3 g2f3 e6d4 f3e3 d4b5","1602","75","100","559","advantage attraction endgame fork long sacrifice","https://lichess.org/zhZ7iAqI#73","",""
"fluff","3","1954","fff","exact","4rvTu","4rrk1/5ppp/p7/1pp2R2/5Q2/2qP3P/2P3P1/5R1K b - - 4 25","a6a5 f5f7 c3f6 f7f6 f8f6 f4c1","1600","74","100","216","advantage defensiveMove endgame long","https://lichess.org/GcxZOntb/black#50","",""
"hydro","2","1953","hd","exact","6v9yB","3r1q2/pp1QR1pk/2pB1rpp/3p3n/3P1P2/1B6/PPP3PP/5RK1 w - - 1 24","e7g7 h5g7 d6f8 d8d7","1600","76","100","148","advantage master middlegame short","https://lichess.org/2lFipZwg#47","",""
"flack","3","1952","fac","exact","73VKO","5rk1/p1p2p2/1p1p2pp/nQb5/1P6/5qB1/P4P1P/2KR3R w - - 0 20","b4c5 f3c3 c1b1 a5c4 b5c4 c3c4","1604","75","100","95","middlegame","https://lichess.org/8dF3DfcH#39","",""
"agape","4","1951","agae","exact","dc4jX","2k5/1p6/1Ppr2b1/R3K3/4P1pr/P7/6R1/8 b - - 2 46","d6d8 a5a8 c8d7 g2d2 d7e7 a8d8 h4h5 e5f4","1592","77","96","18767","crushing endgame veryLong","https://lichess.org/HY96Ypee/black#92","",""
"voice","2","1950","ce","exact","Za9FN","6k1/4b3/p1q1p1n1/2p1P1PK/2P1N3/1P1Q4/P7/8 w - - 0 39","h5g6 c6e8 g6h6 e7f8","1604","75","100","652","endgame mate mateIn2 short","https://lichess.org/eydOWeQE#77","",""
"stead","3","1949","ead","exact","GD2JZ","r4rk1/p4ppp/1p2p3/8/4Q2P/1Pq5/2PR1PP1/1K1R4 b - - 1 23","a7a5 e4a8 c3d2 a8f8 g8f8 d1d2","1585","75","100","886","crushing endgame long","https://lichess.org/nzR8OqgC/black#46","",""
"berth","3","1947","beh","exact","35SzT","1r6/6p1/8/4k2p/7P/5PP1/1pK5/1R6 w - - 4 52","b1b2 b8b2 c2b2 e5d4 g3g4 h5g4","1616","76","100","234","crushing endgame long rookEndgame","https://lichess.org/XmO8WD4q#103","",""
"madam","3","1946","ada","exact","4S3iu","8/pp2k1Bp/3rp3/r7/1b2p3/4P3/PPBn1PPP/K2R3R w - - 5 22","g7c3 a5a2 a1a2 d6a6 c2a4 a6a4","1600","80","100","733","anastasiaMate attraction long mate mateIn3 middlegame sacrifice","https://lichess.org/Et5I1mJM#43","",""
"night","2","1945","gh","exact","9LOlZ","r2r2k1/1q3p1p/2p1p1p1/p3N1Q1/3P2P1/PBP5/2K5/7R b - - 2 30","c6c5 g5h6 b7h1 h6h1","1601","75","100","169","crushing middlegame short","https://lichess.org/iWCDCpU3/black#60","",""
"bland","3","1944","bad","exact","K319N","1r1r3k/1q4p1/4Q2p/4P2P/p4R2/P7/KPP2R2/8 w - - 2 33","c2c3 b7b3 e6b3 a4b3 a2a1 d8d1","1646","75","100","595","endgame long mate mateIn3","https://lichess.org/4osdtlrg#65","",""
"liver","1","1943","e","exact","6KYGA","r2qkb1r/pb1p2pp/1pn1p3/3P4/4B3/5N2/PP2QPPP/R1B1K2R b KQkq - 0 11","e6d5 e4g6","1621","75","100","809","doubleCheck mate mateIn1 oneMove opening","https://lichess.org/splloLaR/black#22","French_Defense French_Defense_Normal_Variation",""
"wedge","4","1942","edge","exact","rKt9j","r1b1k2r/pp1ppp1p/3N4/2qnP3/4Q3/3B4/P2B1PPP/n4K1R b kq - 1 18","e7d6 e5d6 e8d8 d2g5 f7f6 g5f6 d5f6 e4e7","1728","76","100","146","discoveredAttack mate mateIn4 middlegame veryLong","https://lichess.org/PvZ1Iiqe/black#36","Borg_Defense Borg_Defense_Borg_Gambit",""
"augur","2","1941","ag","exact","iDUAp","8/N5R1/7p/3k4/6K1/8/r6P/8 w - - 3 57","h2h4 a2g2 g4h5 g2g7","1605","128","100","47","endgame equality short skewer","https://lichess.org/FlolL6bE#113","",""
"wacky","2","1940","ac","exact","5KmuD","8/2B5/P3p3/8/1KP1kp1r/8/8/8 b - - 0 43","f4f3 a6a7 h4h8 c7b8","1596","75","100","323","advancedPawn crushing defensiveMove endgame short","https://lichess.org/y2yB71oV/black#86","",""
"flock","2","1939","fc","exact","VNB68","1r3r2/6k1/4p1p1/p2p4/P2P4/3QPPn1/1qB3P1/5RK1 b - - 2 30","f8f6 f1b1 b2b1 c2b1","1602","119","100","58","equality middlegame short","https://lichess.org/ySjy9spl/black#60","",""
"angry","2","1938","ag","exact","8vbI7","3r3r/1k3ppp/1pp1p3/4P3/1bP5/4BPP1/PP2QKBq/R7 b - - 5 18","h7h5 a1h1 h2h1 g2h1","1606","75","100","157","advantage middlegame short trappedPiece","https://lichess.org/5kQ4Bcyv/black#36","English_Opening English_Opening_Agincourt_Defense",""
"bobby","3","1937","bbb","exact","fuiaG","1R6/8/1P6/8/2k1K1p1/5pr1/8/8 b - - 0 68","f3f2 b8c8 c4b4 b6b7 f2f1q b7b8q","1597","227","100","11","endgame","https://lichess.org/AepfEt2x/black#136","",""
"trite","1","1936","e","exact","SR4uW","2rq1r2/pb1n2p1/1pn1pPk1/2p3N1/2P1Q3/P1P5/5PPP/R1B2RK1 b - - 0 17","g6f6 e4e6","1579","79","100","510","mate mateIn1 middlegame oneMove","https://lichess.org/hGBmK2Hw/black#34","Nimzo-Indian_Defense Nimzo-Indian_Defense_Samisch_Variation",""
"aphid","3","1935","ahd","exact","IF6Cf","4rk2/pp3p2/2n4Q/8/2p5/q1P4P/P4PP1/R5K1 b - - 2 26","f8e7 a1e1 e7d7 h6d2 a3d6 d2d6 d7d6 e1e8","1562","90","100","49","endgame","https://lichess.org/nekaIoI4/black#52","",""
"midge","3","1934","dge","exact","k6asG","rn2k2r/pp3Bpp/8/4P3/3p1nbq/3P4/PPPQ2PP/R4KNR b kq - 0 14","e8f8 d2f4 g4e2 g1e2 h4f4 e2f4","1599","75","100","1039","advantage hangingPiece long opening","https://lichess.org/YCud6Zt1/black#28","Vienna_Game Vienna_Game_Stanley_Variation",""
"power","1","1933","e","exact","T4R4q","1R1R4/4kb2/4r3/4K3/1Pr1N3/8/8/8 w - - 5 56","e5d5 e6e4","1622","77","100","936","discoveredAttack endgame mate mateIn1 oneMove","https://lichess.org/ysVyOYD3#111","",""
"elope","2","1932","ee","exact","QN3Fg","k2r3r/pp2qp1p/4bnp1/8/1R2PQ2/P7/1PP1B1PP/1K5R b - - 0 21","d8d6 e4e5 d6c6 e5f6","1601","100","100","84","equality fork middlegame short","https://lichess.org/uFYZHxLt/black#42","",""
"cinch","3","1931","cch","exact","cV2TS","2r4k/ppr2pR1/7P/4Pp1P/3p1P2/8/PP6/1K4R1 w - - 0 29","h6h7 c7c1 g1c1 c8c1 b1c1 h8g7","1610","77","100","880","advantage endgame long rookEndgame","https://lichess.org/tHcYJvoY#57","",""
"upset","1","1930","e","exact","fYmYM","2krr3/Qpp5/2p5/5Pp1/1b4n1/1NN3P1/PPPBK3/R3R2q w - - 4 23","e2d1 e8e1","1623","75","100","883","mate mateIn1 middlegame oneMove pin","https://lichess.org/8fYNflib#45","",""
"bluff","3","1929","bff","exact","SM0ml","8/8/3k1p1p/3p1p1P/Pp1P1K2/1Pr1R2P/8/8 w - - 10 45","e3c3 b4c3 f4e3 f5f4 e3d3 f4f3","1601","75","100","844","crushing endgame long","https://lichess.org/8qKqjgQj#89","",""
"cramp","2","1928","ca","exact","bAuSy","r1r3k1/5pp1/4pnp1/3p4/PpqP4/1N6/1P2RPPP/R2Q2K1 w - - 3 22","a1c1 c4b3 c1c8 a8c8","1607","75","100","232","advantage master middlegame short","https://lichess.org/E411z9Ar#43","",""
"coyly","1","1926","c","exact","KucZo","6RR/4pk2/2N1p2p/3n2p1/8/6PP/5P1K/1r2r3 b - - 28 59","d5f6 c6d8","1607","75","100","555","endgame master mate mateIn1 oneMove","https://lichess.org/atqeosDs/black#118","",""
"youth","1","1925","h","exact","4WIro","3rq1r1/2pNkp1p/p1P1pn2/1p3p2/7Q/4P3/PP3PPP/2R1K2R b K - 4 19","g8g6 h4b4","1605","76","100","856","mate mateIn1 middlegame oneMove","https://lichess.org/fPFa6iCS/black#38","",""
"rhyme","2","1924","he","exact","8XElV","4rrn1/ppB2Rbk/6pp/3P4/2q1n3/2P4P/PPB1p1QK/3RN3 w - - 1 27","f7g7 h7g7 c7e5 e8e5","1594","75","100","157","crushing hangingPiece middlegame short","https://lichess.org/s9ns1ezo#53","",""
"buggy","3","1923","bgg","exact","Bckxw","6r1/pb1p1k2/1p1p4/8/8/8/PP3P1P/R1B2K2 w - - 3 24","c1e3 b7a6 f1e1 g8g1 e1d2 g1a1","1632","77","100","1027","crushing endgame long skewer","https://lichess.org/9lKomW6C#47","",""
"alien","2","1922","ae","exact","dKB8B","r4n2/ppp3pp/2n1pk2/6N1/2B5/8/PPP2PPP/2K1R3 w - - 3 18","g5e6 a8e8 e6f8 e8e1","1583","76","100","421","advantage endgame short","https://lichess.org/AlrKt3io#35","French_Defense French_Defense_Rubinstein_Variation",""
"smear","2","1921","ea","exact","Y4qAb","4q3/6k1/1pN1p2p/1PpQ1p1P/2Pp1Pn1/3P2P1/8/6K1 w - - 0 34","d5h1 e8a8 c6e5 a8a1","1594","75","100","354","crushing endgame short","https://lichess.org/ylMKB1C8#67","",""
"unfit","1","1920","f","exact","0BNak","r1b1k1nr/bpp2ppp/3p1q2/p2Pn3/2P5/P1N2N1P/1P3PP1/R1BQKB1R w KQkq - 1 10","f3e5 f6f2","1596","76","100","1063","attackingF2F7 mate mateIn1 oneMove opening","https://lichess.org/e6yNs4ga#19","English_Opening English_Opening_Kings_English_Variation",""
"cling","2","1918","cg","exact","yLqZw","5r2/7k/1bQ4p/p3qP2/Pp2p2P/6R1/1P4PK/8 b - - 0 35","b6c7 c6g6 h7h8 g6h6","1600","74","100","170","endgame","https://lichess.org/qmRMDk7W/black#70","",""
"glean","3","1917","gea","exact","7bXLL","8/5p1p/1R2bkp1/8/5K2/r6P/1p3PP1/3N4 w - - 4 45","b6b2 g6g5 f4e4 e6f5 e4d5 a3d3","1639","74","100","284","advantage endgame long","https://lichess.org/VBduD3Mp#89","",""
"label","3","1916","abe","exact","WPh0b","8/5p2/1B1R4/6p1/5k1p/P4P2/br4PP/5K2 w - - 4 43","b6f2 a2c4 f1e1 b2e2 e1d1 e2f2","1602","75","100","186","crushing deflection endgame long","https://lichess.org/WKGBT0LL#85","",""
"hunky","1","1915","h","exact","wddUM","r1bq1rk1/pp3pb1/2pp1p2/7Q/2BPP3/2N5/PPP2PP1/2K4R b - - 1 14","f8e8 h5f7","1605","75","100","302","kingsideAttack mate mateIn1 middlegame oneMove","https://lichess.org/EeTFUMDo/black#28","Pirc_Defense Pirc_Defense_Classical_Variation",""
"khaki","2","1914","ha","exact","1ct19","8/8/p7/2p1k1pp/P1P1p3/4K1PP/5P2/8 w - - 1 50","g3g4 h5g4 h3g4 a6a5","1577","76","100","1001","crushing defensiveMove endgame pawnEndgame short zugzwang","https://lichess.org/T7dgVBIx#99","",""
"poker","1","1913","e","exact","r96CZ","r2qkbr1/pp1bnp2/2p1p1pp/4B3/3PN3/3B4/PPP2PPP/R2Q1RK1 b q - 3 12","f7f5 e4d6","1577","75","100","1341","mate mateIn1 oneMove opening","https://lichess.org/ACU2CuX0/black#24","Scandinavian_Defense Scandinavian_Defense_Valencian_Variation",""
"gruel","2","1912","ge","exact","T2Wdq","5rk1/1pp4q/p2p2n1/2PPprp1/1P2Q1N1/3R1pPP/P4P1K/4R3 b - - 4 30","g6f4 g3f4 f5f4 e4h7","1596","74","100","637","advantage kingsideAttack middlegame short","https://lichess.org/aWXN66MN/black#60","",""
"twice","2","1911","ce","exact","A0ib8","2kr1b1N/ppp1p1pp/8/8/3P2R1/1PP5/P1nN3P/R3K3 w Q - 1 22","e1d1 c2e3 d1e2 e3g4","1605","114","100","53","equality fork middlegame short","https://lichess.org/M2lnlS2J#43","",""
"twang","2","1910","ag","exact","D34g8","6R1/R7/6k1/1p4rp/8/7P/1r4PK/8 b - - 7 49","g6h6 a7a6 h6h7 g8g5","1594","76","100","1129","crushing deflection endgame rookEndgame short","https://lichess.org/i6lRxaDt/black#98","",""
"shrug","2","1909","hg","exact","NabRW","5r1r/pp1qnBk1/2p2n1p/3p2bQ/3P3P/2N1P1R1/PPP3P1/5RK1 w - - 1 23","g3g5 h6g5 h5g5 g7f7","1600","76","100","2249","advantage middlegame short","https://lichess.org/Fy9FiecS#45","",""
"treat","2","1908","ea","exact","YMbYY","3rr3/R3R3/1kp1p3/1p2P2p/2p3pP/2P5/5PK1/8 b - - 7 33","b5b4 e7b7 b6c5 a7a5","1594","75","100","1601","endgame epauletteMate mate mateIn2 rookEndgame short","https://lichess.org/lHxOt2JL/black#66","",""
"waste","2","1907","ae","exact","tAwzP","r3rk2/pp4p1/2n2pB1/q6P/2bP4/P1P1QP2/2P1NP2/R3K2R w KQ - 3 20","g6e8 a8e8 h5h6 e8e3","1618","75","100","488","advantage master middlegame short","https://lichess.org/rxm2bY0E#39","",""
"merit","1","1906","e","exact","Q0wCr","8/8/6pk/1p2Q2n/7P/2P1pqPK/1P6/8 b - - 1 43","e3e2 e5h8","1576","77","100","1460","endgame mate mateIn1 oneMove","https://lichess.org/77SWqTZ7/black#86","",""
"woven","1","1905","e","exact","pFl7r","r1bq1rk1/ppp1bp2/2n3p1/6P1/2BPQ3/5N2/PPP2PP1/R3K2R b KQ - 1 13","e7g5 e4g6","1576","76","100","550","kingsideAttack mate mateIn1 middlegame oneMove pin","https://lichess.org/HcMYYsl6/black#26","French_Defense French_Defense_Exchange_Variation",""
"octal","2","1904","ca","exact","vCpEp","8/2p5/4pp1p/ppk1p3/4P1P1/PPP1K3/5PP1/8 b - - 0 34","b5b4 c3b4 a5b4 a3a4","1608","74","100","375","crushing defensiveMove endgame pawnEndgame short","https://lichess.org/qGZOArQe/black#68","",""
"needy","3","1903","eed","exact","Emq9x","1r3rk1/p5p1/p5p1/1qNp2Pp/3Q3P/1PP2P2/P7/2K1R3 b - - 0 25","b8c8 e1e7 f8f7 e7f7 g8f7 d4d5","1602","215","100","26","endgame","https://lichess.org/blFjcvHk/black#50","",""
"clown","1","1902","c","exact","dMZQ8","r3k1nr/4pp1p/p2p2pb/1pp5/2PnP3/1PqP1bPP/PR1N1PB1/2BKQ2R w kq - 0 16","d2f3 c3c1","1609","76","100","1167","mate mateIn1 oneMove opening","https://lichess.org/t9MCyq4G#31","Sicilian_Defense Sicilian_Defense_Staunton-Cochrane_Variation",""
"widow","1","1901","d","exact","U3jv9","2b1Q3/1pp3bk/3p3p/2PP4/1P2Pp2/4N1KP/3q4/1R6 w - - 0 37","g3f4 d2f2","1592","77","100","531","endgame master mate mateIn1 oneMove","https://lichess.org/bOdiaRAc#73","",""
"ruder","2","1900","de","exact","tScWT","r4rk1/2p1bp2/p3p1bQ/3q2NN/2p5/P4n1P/1PP2PP1/4RRK1 w - - 4 23","g2f3 d5g5 h6g5 e7g5","1599","75","100","831","advantage middlegame short","https://lichess.org/VFutJ3TJ#45","",""
"gauze","3","1899","gae","exact","Zlnuz","4r1k1/ppp2ppp/q7/6r1/4PQ2/5P2/PPP1R1PP/3R2K1 w - - 3 23","g1f2 g5g2 f2g2 a6e2 g2g3 e2d1","1650","76","99","2969","attraction crushing deflection endgame fork long","https://lichess.org/N2AJi0QM#45","",""
"chief","4","1898","chef","exact","RdmdX","8/1p6/p5k1/6p1/1P2K2p/P6P/2P5/8 b - - 0 37","g6f6 c2c4 g5g4 h3g4 h4h3 e4f3 h3h2 f3g2","1602","76","98","2785","crushing endgame pawnEndgame quietMove veryLong","https://lichess.org/KUJCqcO6/black#74","",""
"onset","1","1897","e","exact","u5fGU","8/7p/3pQpp1/p2Bk3/qnP4P/6P1/4PP2/6K1 b - - 4 32","e5d4 e6e3","1576","86","100","112","endgame","https://lichess.org/yBrUWmZy/black#64","",""
"prize","1","1896","e","exact","boVbR","k3n1r1/1p3R2/pNp1p3/2PpN3/3P4/4r3/PP4P1/6K1 b - - 5 32","a8a7 e5c6","1575","78","100","148","endgame","https://lichess.org/QnXRu4CJ/black#64","",""
"fungi","2","1895","fg","exact","w2bsu","2k2r2/ppqn4/2pRQ2p/2P5/1P2P3/P3bn1P/1B2N3/5B1K w - - 5 30","b2g7 f3g5 g7f8 g5e6","1600","75","100","310","advantage middlegame short","https://lichess.org/MoikuTos#59","",""
"charm","3","1894","cha","exact","WLhPr","1k5R/1pp2pp1/3p1b2/3P1b2/PPK1Nr2/2N5/8/8 b - - 3 33","b8a7 c3b5 a7a6 h8a8 a6b6 a4a5","1683","75","100","169","endgame long mate mateIn3","https://lichess.org/UGPy8tf5/black#66","",""
"gully","1","1893","g","exact","mKIQK","r4rk1/1pp2pp1/3pb2p/pP4q1/2PNPn2/P3Q2P/3N1PP1/R4RK1 w - - 1 19","d4e6 g5g2","1596","77","100","111","middlegame","https://lichess.org/lqyIcSZ6#37","",""
"whoop","1","1891","h","exact","sw1jm","1nb2b1r/r3n1p1/p2q1k1p/1p2NpBQ/2pP4/P1P5/1P3PPP/RN2K2R b KQ - 3 15","h6g5 h5f7","1593","77","100","364","mate mateIn1 oneMove opening","https://lichess.org/ehTKhwSc/black#30","Sicilian_Defense Sicilian_Defense_Bowdler_Attack",""
"leery","2","1889","ee","exact","gDLHZ","4rk2/pp1np2p/3pQppP/2rP4/2P3q1/3B4/P4PP1/2R1R1K1 b - - 13 28","d7e5 e1e5 g4e6 e5e6","1601","74","100","665","advantage middlegame short","https://lichess.org/qAkkJtRt/black#56","",""
"class","2","1888","ca","exact","5I9tT","r5k1/5pb1/p2P4/q1nRpQBp/Np2n3/1p4PP/P1P5/2K4R w - - 0 23","a2b3 c5b3 c2b3 a5d5","1609","75","100","1418","advantage discoveredAttack master middlegame queensideAttack short","https://lichess.org/5kGMQRHK#45","",""
"theme","3","1887","hee","exact","fl4vA","r2k2r1/pppn3Q/3b2p1/3q4/5P2/1P6/PB1P2PP/R3R2K b - - 2 18","d6f4 h7e7 d8c8 e7e8 g8e8 e1e8","1604","75","100","1264","backRankMate long mate mateIn3 middlegame sacrifice","https://lichess.org/QxOtzhst/black#36","Reti_Opening Reti_Opening_Reti_Accepted",""
"lofty","1","1886","f","exact","rWWvl","2k1r1r1/6p1/1ppQ3p/R2bp3/3P4/KPq5/P5P1/5B2 b - - 0 36","e5d4 f1a6","1604","169","100","14","middlegame","https://lichess.org/PST1jOy8/black#72","",""
"tibia","2","1885","ba","exact","0kSSl","3r1k1r/pp2n2p/2p1Bpb1/2R5/8/N7/PPP2PPP/4R1K1 w - - 2 21","a3c4 b7b6 c4b6 a7b6","1598","75","100","564","advantage middlegame short","https://lichess.org/ak4PdigN#41","",""
"booze","2","1884","be","exact","QQFBI","1R6/8/7n/1p2KP2/6k1/8/1r6/8 b - - 0 47","h6f5 b8g8 g4f3 e5f5","1596","121","100","48","deflection endgame equality short","https://lichess.org/5KwvAE9b/black#94","",""
"alpha","3","1883","aha","exact","cYMzG","3r4/p4Qp1/1ppP2pk/2P2p2/1P4Pn/q4P1P/8/1R2R2K w - - 0 31","b1b3 a3a2 e1g1 h4f3 b3f3 a2f7","1618","75","100","439","advantage endgame long","https://lichess.org/C6wHTwQE#61","",""
"thyme","2","1882","he","exact","SICNd","r6k/pp1bPr1B/1q2p2Q/3p4/6P1/2N2n1P/PP3P2/R4R1K b - - 0 19","f7h7 h6f8 a8f8 e7f8q","1594","75","100","201","advancedPawn kingsideAttack mate mateIn2 middlegame promotion short","https://lichess.org/A2DXejSC/black#38","",""
"eclat","3","1881","eca","exact","GCTAp","k6r/Bp1rn1p1/2qp4/b2NpPP1/2P1P2p/1P5R/P3KQ2/R7 w - - 1 27","a7b6 e7d5 e4d5 c6b6 f2b6 a5b6","1573","75","100","1099","advantage long middlegame","https://lichess.org/My9cG1v1#53","",""
"doubt","2","1880","db","exact","AX3s5","8/1P1k2pp/3Npp2/2K1P3/5PP1/8/7P/1r6 b - - 4 38","f6e5 d6b5 e5f4 b7b8q","1600","75","100","402","advancedPawn crushing endgame promotion quietMove short","https://lichess.org/4zJoYuVi/black#76","",""
"parer","2","1879","ae","exact","224Lc","Q1b3k1/p3nppp/5q2/8/2p2P2/P1p5/1PPr1PPP/R3R1K1 b - - 1 19","f6f4 a8c8 e7c8 e1e8","1619","76","100","1541","backRankMate mate mateIn2 middlegame sacrifice short","https://lichess.org/h0FEC9N0/black#38","",""
"chute","3","1878","che","exact","mgrx9","2r3k1/1b2r2p/p2pN1pq/1p1Pn3/8/P2Q2PP/BP3R1K/5R2 w - - 7 34","f2f8 c8f8 f1f8 h6f8 e6f8 e5d3","1528","76","100","267","crushing long middlegame","https://lichess.org/iVU0h1fZ#67","",""
"stick","1","1877","c","exact","qZzfo","3r1rk1/4qpp1/p1R1bn1p/1p6/1P1PP3/P3QP2/6PP/1B3RK1 b - - 0 21","d8d6 c6d6","1591","105","100","59","equality middlegame oneMove","https://lichess.org/CDnxuVYo/black#42","",""
"trice","2","1876","ce","exact","LH5Se","r4rk1/pb5p/1pqp1b2/4npp1/2P5/1P2PN2/PB1QBPPP/R4RK1 w - - 0 20","d2d5 c6d5 c4d5 e5f3","1606","75","100","279","advantage kingsideAttack middlegame short","https://lichess.org/UDhsi8VY#39","",""
"alike","2","1875","ae","exact","3tIto","R7/P3k3/7p/5pp1/r7/2P1p1PP/6P1/6K1 w - - 0 39","a8h8 a4a1 g1h2 e3e2","1619","103","100","25","endgame","https://lichess.org/xmHqb58U#77","",""
"sooth","1","1874","h","exact","ZpWJZ","r2q1rk1/pb1nb1p1/2p1B2B/1p6/3Pn2Q/8/PPP3PP/R4RK1 b - - 0 15","g8h8 h6g5","1608","75","100","558","discoveredAttack mate mateIn1 middlegame oneMove","https://lichess.org/ByneXAjV/black#30","Caro-Kann_Defense Caro-Kann_Defense_von_Hennig_Gambit",""
"recap","3","1873","eca","exact","ZsVB2","5r1k/bb4p1/pp4qp/n4p2/P3n3/2N1B3/1PQ1BPPP/3R1RK1 w - - 2 22","e2f3 e4c3 f3b7 c3d1 f1d1 a5b7","1573","74","100","1181","advantage intermezzo long middlegame","https://lichess.org/vdkVSqWY#43","",""
"liege","3","1871","ege","exact","WItbv","r4r2/pp1b1k1p/2pp4/3P1PB1/2P1p3/7P/PP2BqRK/R7 b - - 8 23","f2d4 e2h5 f7g7 g5e3 g7f6 e3d4","1615","75","100","609","crushing discoveredAttack exposedKing long middlegame","https://lichess.org/Y5tEBDYj/black#46","",""
"glory","1","1870","g","exact","2NZza","3brrk1/5ppp/p1b4P/1p1p1PP1/3Bq3/7Q/PPP5/2KR2R1 b - - 0 24","d8g5 g1g5","1595","98","100","75","equality hangingPiece middlegame oneMove","https://lichess.org/Hdc0fXQq/black#48","",""
"grate","3","1869","gae","exact","yusHR","8/8/P1k3p1/5pBp/7P/3K1P2/5b2/8 b - - 1 64","f2a7 g5e3 a7b8 a6a7 b8a7 e3a7","1454","77","100","166","advancedPawn bishopEndgame crushing endgame long","https://lichess.org/VgHEQsyT/black#128","",""
"admit","2","1868","ad","exact","omGMx","r1b1k2r/pp2nppp/1q2p3/3pP3/Qb1P4/N7/PP1B1PPP/R3KB1R b KQkq - 4 10","c8d7 a4b4 b6b4 d2b4","1593","74","100","418","advantage middlegame short","https://lichess.org/yIHSE7WE/black#20","French_Defense French_Defense_Advance_Variation",""
"brisk","1","1867","b","exact","9CXu8","2r4r/1N3ppp/4pb2/p2p4/PPk5/2PR4/5PPP/3R2K1 b - - 2 25","c8b8 b7a5","1615","75","100","349","endgame mate mateIn1 oneMove","https://lichess.org/d78mTD0r/black#50","",""
"soggy","2","1866","gg","exact","bBR7p","2k3qr/8/p1p5/2p1RP2/5Q2/P2P3p/1PPB2r1/5R1K w - - 1 32","f4e3 g2h2 h1h2 g8g2","1600","75","100","1006","attraction mate mateIn2 middlegame sacrifice short","https://lichess.org/mRgOZM0y#63","",""
"scald","3","1865","cad","exact","WLTKZ","b1r1k3/R7/p3p3/1pn1PpN1/3p1N2/P7/KP3P2/8 w - - 0 32","g5e6 c5e6 f4e6 a8d5 b2b3 d5e6","1602","77","100","1087","crushing endgame fork long","https://lichess.org/l35lSu4j#63","",""
"scorn","1","1864","c","exact","Nq5dN","4k3/p1R5/5K2/5B2/rp1r2P1/8/8/8 b - - 3 53","d4g4 c7c8","1590","74","100","1430","endgame mate mateIn1 oneMove","https://lichess.org/9fS3cRqw/black#106","",""
"leave","3","1863","eae","exact","yjIne","6k1/2r3p1/8/Q7/2p2B2/1p1q2P1/n4P1P/4R1K1 b - - 7 42","c7d7 e1e8 g8f7 a5h5 d3g6 e8f8 f7f8 h5g6","1602","75","100","551","crushing deflection endgame veryLong","https://lichess.org/I1hjVqny/black#84","",""
"sting","1","1861","g","exact","X8AvY","r2qr3/1b1nbk1p/p3B1pB/1pn1P3/3N2Q1/2N5/PPP3PP/4R2K b - - 0 18","c5e6 g4e6","1595","77","100","964","mate mateIn1 middlegame oneMove","https://lichess.org/5JdHJhMs/black#36","Sicilian_Defense Sicilian_Defense_Najdorf_Variation",""
"bough","3","1860","bgh","exact","PIQb9","2q5/5k2/pp2p1r1/2b2p1Q/P3b3/1B4R1/1P3PPP/6K1 b - - 1 30","c8g8 b3e6 f7e6 g3g6 g8g6 h5g6","1592","75","100","1931","attraction crushing deflection fork long middlegame pin","https://lichess.org/HakhZ39m/black#60","",""
"marsh","2","1859","ah","exact","JrkxD","5k1r/pp3pRp/2pr1P1P/3p4/3P1p2/5P1B/PPbK4/R7 b - - 4 20","c2g6 a1e1 d6f6 h3d7","1605","74","100","187","advantage endgame quietMove short","https://lichess.org/1r3P1hBs/black#40","",""
"sloth","1","1858","h","exact","2GUh5","r5rk/p4p1p/bqp1pP1Q/4P1N1/3p2Pp/8/PPp4P/R4R1K b - - 3 22","g8g6 h6h7","1609","76","100","599","kingsideAttack mate mateIn1 middlegame oneMove","https://lichess.org/jtOcqiCX/black#44","",""
"dandy","3","1857","dad","exact","l6OFZ","8/8/p5p1/1p1k1p1p/1P3P2/3K2P1/P4P2/8 b - - 0 40","d5c6 d3d4 c6d6 a2a3 d6e6 d4c5","1604","75","100","467","crushing endgame long pawnEndgame quietMove zugzwang","https://lichess.org/c25sHwzD/black#80","",""
"vigor","1","1856","g","exact","ubwpG","rn1q2k1/ppp3P1/6B1/3pB1N1/7P/2P2b2/PPP2r2/2K4R b - - 3 18","f3h1 g6h7","1595","97","100","36","middlegame","https://lichess.org/sIr2jmrC/black#36","Alekhine_Defense Alekhine_Defense_Samisch_Attack",""
"howdy","2","1855","hd","exact","wPsGc","8/1p3R1p/p5k1/2P2R2/6K1/6P1/8/3q4 w - - 18 48","f5f3 h7h5 g4h3 d1h1","1605","75","100","849","endgame mate mateIn2 queenRookEndgame short","https://lichess.org/CeBYfoYd#95","",""
"valid","2","1853","ad","exact","cRnA6","rn1q1rk1/5pbp/p3p1p1/1p1bP3/3P4/2P2N2/2Q1BPPP/R1B2RK1 w - - 0 16","e2b5 a6b5 a1a8 d5a8","1609","75","100","136","advantage hangingPiece middlegame short","https://lichess.org/dcQ5OWvb#31","Grunfeld_Defense Grunfeld_Defense_Russian_Variation",""
"ionic","1","1852","c","exact","hC82o","rb2k2r/pp1n1pp1/4qn2/1N1p3p/3Pp1b1/BP2P3/P2NBPPP/2RQ1RK1 b kq - 7 14","g4e2 c1c8","1590","75","100","455","mate mateIn1 middlegame oneMove","https://lichess.org/rekNIY69/black#28","Nimzo-Larsen_Attack Nimzo-Larsen_Attack_Classical_Variation",""
"equal","2","1851","ea","exact","R7PuI","2kr4/2R2pp1/R2p3p/8/4r2q/4Q2P/1P3PP1/6K1 b - - 0 25","c8c7 e3a7 c7c8 a6c6","1593","81","100","60","endgame","https://lichess.org/2ysus7s8/black#50","",""
"floor","1","1849","f","exact","Vs5uz","6k1/3R2p1/p1p4p/1p2R2K/1P3r2/2P4r/P6P/1N6 w - - 2 37","h5g6 f4f6","1594","76","100","896","endgame mate mateIn1 oneMove","https://lichess.org/PG2o7mPg#73","",""
"catch","4","1848","cach","exact","lQg4V","7k/3R3n/8/3Pp2B/4P3/rpp1B3/8/1K6 w - - 0 47","e3c5 c3c2 b1b2 a3a2 b2b3 c2c1q d7d8 h8g7 c5f8 h7f8","1602","76","93","2911","advancedPawn crushing deflection endgame exposedKing promotion veryLong","https://lichess.org/b7UdubrL#93","",""
"spade","3","1847","ade","exact","UJqMy","B6r/p3k1b1/1p2b1pp/2p5/2p2P2/1N2R3/6PP/3R2K1 b - - 0 23","c4b3 a8d5 g7d4 d1d4 c5d4 e3e6","1622","75","100","164","advantage endgame long","https://lichess.org/AXYZVdNp/black#46","",""
"denim","2","1844","de","exact","2c70d","3r1rk1/1p4p1/p1pq3p/P1R5/1P1Ppp2/4P3/3Q1PPP/2R3K1 w - - 0 24","c5e5 d6e5 d2a2 e5d5","1598","75","100","478","crushing endgame short","https://lichess.org/i1AQBcil#47","",""
"grove","2","1843","ge","exact","TU0b8","r4q1k/p3n3/2p1Q2b/7R/3P4/2P3p1/P5B1/6K1 b - - 3 31","h8h7 g2e4 h7g7 e6h6","1604","75","100","1580","crushing middlegame short","https://lichess.org/rj4BHAjl/black#62","",""
"fault","2","1841","fa","exact","8mIEK","8/5p2/8/P1K2pk1/1P5R/6P1/r6p/8 w - - 1 45","c5b6 f5f4 h4h2 a2h2","1588","75","100","795","crushing endgame rookEndgame short","https://lichess.org/QQxp8Dqo#89","",""
"foggy","3","1840","fgg","exact","dpbjU","5nk1/p3Q2p/2p3p1/1p1pN3/3P1qN1/1PP2p1n/P5P1/6K1 w - - 0 37","g2h3 f4g3 g1f1 g3g2 f1e1 g2e2","1601","75","100","1681","endgame exposedKing long mate mateIn3","https://lichess.org/Pasots2C#73","",""
"flout","1","1839","f","exact","unuPj","6k1/6p1/p2P4/1p2q2p/4NrbP/1P4K1/3N2P1/2R2B1R w - - 1 31","c1c5 f4f3","1594","77","100","772","doubleCheck mate mateIn1 middlegame oneMove","https://lichess.org/bZNUsFSS#61","",""
"carry","2","1838","ca","exact","HVbrZ","8/8/7R/8/2k1KP2/1p6/rB5P/8 w - - 9 48","h6c6 c4b5 c6c1 a2b2","1609","92","100","91","endgame equality short","https://lichess.org/OV6DdLwe#95","",""
"sneak","2","1837","ea","exact","rQQPx","8/1k2N3/4q3/1pp5/7Q/K1P5/1P6/8 w - - 0 60","h4h7 e6a6 a3b3 a6a4","1590","75","100","523","endgame mate mateIn2 short","https://lichess.org/AtiyFVzV#119","",""
"libel","2","1836","be","exact","dHxNs","r1b3rk/ppp2p1p/2n2p2/4n2q/2B2P2/1Q5P/PB4P1/R3R1K1 b - - 2 20","e5c4 b2f6 g8g7 e1e8","1605","74","100","569","kingsideAttack mate mateIn2 middlegame pin short","https://lichess.org/cein71f7/black#40","",""
"aloud","2","1831","ad","exact","cCJqG","2r2rk1/N3qpp1/bp1ppn1p/2n5/4P3/4BP2/PPP1B1PP/R2Q1RK1 b - - 0 17","a6e2 a7c8 f8c8 d1e2","1589","75","100","521","advantage intermezzo middlegame short","https://lichess.org/o41yet3e/black#34","Owen_Defense Owen_Defense_Other_variations",""
"photo","1","1830","h","exact","RDBZt","2r5/p3bpk1/4p1p1/2p1P3/3p1PP1/1P4KQ/PBP1q3/7R b - - 8 31","c8g8 h3h6","1609","76","100","434","endgame mate mateIn1 oneMove","https://lichess.org/8BaPAccZ/black#62","",""
"dream","3","1829","dea","exact","Is9HR","2kr3r/ppp2p1p/3qpp2/3p4/8/1P2P3/P1PPQ1PP/RN3RK1 w - - 0 13","f1f6 d6e5 f6f1 e5a1 b1c3 a1b2","1590","76","100","197","advantage fork long middlegame trappedPiece","https://lichess.org/Bp8Xuuyx#25","Bird_Opening Bird_Opening_Other_variations",""
"stale","2","1828","ae","exact","bMREn","2kr1bnr/Qp3ppp/2qp4/8/P3P3/N3B3/1P3PPP/R4K2 b - - 2 14","g8f6 a1c1 c6c1 e3c1","1619","75","100","1099","advantage middlegame pin short","https://lichess.org/Wgh86OCL/black#28","Philidor_Defense Philidor_Defense_Other_variations",""
"ombre","2","1827","be","exact","cMJ3q","1Nb2rk1/5ppp/3p1b2/p2Pp3/p7/2PB4/1q3PPP/R2QK2R w KQ - 0 19","b8c6 b2c3 e1f1 e5e4","1607","75","100","376","advantage master middlegame short","https://lichess.org/pVrUX3Ak#37","",""
"fanny","2","1826","fa","exact","hlXWl","4b3/p5kp/p4r2/4N1p1/P1PPqpP1/7P/3Q1P2/1R4K1 w - - 1 26","d2b2 f6b6 b2b6 a7b6","1588","75","100","481","crushing endgame short","https://lichess.org/Z4uJeHkr#51","",""
"baker","3","1823","bae","exact","Ul5qv","5rk1/2R2p1p/p2Q2p1/1p6/6P1/P3P3/1q3PP1/6K1 w - - 0 33","d6a6 b2a1 g1h2 a1e5 h2h3 e5c7","1626","75","100","743","advantage endgame fork long","https://lichess.org/WbH70YBp#65","",""
"there","3","1822","hee","exact","siMPJ","8/8/1p3k2/2pKpP1p/Pp4P1/1P3P1p/2P4P/8 w - - 0 42","d5c6 h5g4 f3g4 e5e4 c6b5 e4e3","1596","74","100","868","crushing endgame long pawnEndgame quietMove","https://lichess.org/9B4dxJLr#83","",""
"glyph","2","1821","gh","exact","FSHWh","5k2/4r1p1/2p1pnRp/p1Np1r1P/3P1P1R/1PPK4/P7/8 b - - 14 48","f5h5 g6f6 g7f6 h4h5","1601","74","100","478","advantage endgame intermezzo short","https://lichess.org/IixypBNp/black#96","",""
"pooch","2","1820","ch","exact","1W07g","1b3r1k/pb1N3p/1p2Q1p1/5p2/2P5/1Pq4P/P1B3P1/3R3K w - - 3 32","d7f8 c3h3 h1g1 h3g2","1604","76","100","492","mate mateIn2 middlegame pin short","https://lichess.org/EJGCCf74#63","",""
"hippy","1","1819","h","exact","bcWAz","r3r1k1/2b2ppp/1pB2p2/8/3P1n2/1Q2B2P/PP3PPq/2RR1K2 w - - 1 21","c6a8 h2h1","1591","78","100","1445","mate mateIn1 middlegame oneMove","https://lichess.org/iqlmsmj0#41","",""
"folly","1","1817","f","exact","w5s7C","rnbk2nr/ppp2Qpp/8/4b3/2B1p3/4B3/P1P2PPP/qN1R2K1 b - - 1 10","c8d7 f7f8","1594","79","100","1143","mate mateIn1 middlegame oneMove","https://lichess.org/QFOSSNA7/black#20","Elephant_Gambit Elephant_Gambit_Other_variations",""
"gulch","3","1815","gch","exact","fSnJr","2q5/p4pk1/6rr/2N1P3/3P1Q2/2P4P/1P3PP1/5RK1 w - - 7 43","g1h2 g6g2 h2g2 c8h3 g2g1 h3h1","1586","78","100","210","endgame","https://lichess.org/7Huw4PbY#85","",""
"godly","2","1813","gd","exact","WxN7w","8/8/8/6P1/7K/8/3k1pr1/R7 w - - 0 68","h4h5 g2g1 a1a2 d2e3","1600","75","100","558","crushing defensiveMove endgame rookEndgame short","https://lichess.org/87fTFgp7#135","",""
"threw","2","1812","he","exact","ZqGP9","7k/6q1/4Q2p/6p1/2r1ppP1/P1rn4/5PP1/3R1K1R b - - 7 41","c3c1 h1h6 g7h6 e6h6","1593","74","100","142","advantage middlegame short","https://lichess.org/RHKTUuAQ/black#82","",""
"fleet","3","1811","fee","exact","16LOL","5rk1/p5pp/2pN2b1/2PpR3/1r3p2/1P3QPq/P4P1P/4R1K1 b - - 2 27","f4g3 f3f8 g8f8 e5e8 g6e8 e1e8","1597","75","100","224","attraction kingsideAttack long mate mateIn3 middlegame sacrifice","https://lichess.org/vczg6iqd/black#54","",""
"grave","3","1810","gae","exact","OtpYY","6R1/p1kr4/1p1pK3/2pP4/P1P5/8/8/8 b - - 4 40","a7a6 g8a8 d7d8 a8d8 c7d8 e6d6","1778","75","100","414","crushing endgame long rookEndgame","https://lichess.org/CS8K3XaM/black#80","",""
"inane","2","1809","ae","exact","JjnWI","r1b5/1pp2k2/3p3Q/p2Pqp2/1nP5/1K5P/PP2PpP1/R4B1R w - - 0 28","e2e3 a5a4 b3b4 e5b2","1621","74","100","667","deflection mate mateIn2 middlegame sacrifice short","https://lichess.org/NcxAdee6#55","",""
"shock","2","1808","hc","exact","7dV7t","1kr5/2p3p1/1pQ5/5p1p/7K/R5P1/4p2P/5q2 b - - 3 36","g7g5 h4g5 f1c1 c6c1","1600","74","100","250","crushing endgame short","https://lichess.org/SHU07A2S/black#72","",""
"crave","3","1807","cae","exact","Zzxwp","r7/pp1k1qpp/2nP4/2bb4/4QB2/5N2/PPP2PPP/R3K2R w KQ - 2 15","f3e5 c6e5 e4e5 a8e8 e1c1 e8e5","1561","75","100","463","advantage attraction long middlegame pin","https://lichess.org/jPSDANS4#29","Center_Game Center_Game_Other_variations",""
"valve","2","1805","ae","exact","EhPpl","6k1/5pp1/R3p2p/1p1nP3/4KP2/1PrN2P1/P6P/8 b - - 1 29","c3d3 a6a8 g8h7 e4d3","1577","75","100","171","crushing endgame intermezzo master short","https://lichess.org/IYUM9yr0/black#58","",""
"claim","2","1804","ca","exact","d7bVw","2krr3/Rpp3pp/5p2/3b1n2/2NP4/1P3P2/1B4PP/2R3K1 b - - 0 22","e8e2 c4b6 c8b8 a7a8","1609","75","100","1189","mate mateIn2 middlegame pin queensideAttack short","https://lichess.org/t04qK5xp/black#44","",""
"daddy","4","1801","dadd","exact","yVM0v","3r2k1/5ppp/4n3/3QP3/q4P2/P1R3B1/1r4PP/2R3K1 w - - 5 28","d5c4 d8d1 c1d1 a4d1 c4f1 d1d4 g3f2 d4c3","1693","75","100","111","crushing fork middlegame veryLong","https://lichess.org/2GVnnGa2#55","",""
"arise","2","1799","ae","exact","7qslS","8/pp1kN3/2p5/7r/1KPPn3/PP6/8/6R1 w - - 2 45","e7g6 a7a5 b4a4 e4c3","1624","74","100","1012","endgame mate mateIn2 short","https://lichess.org/f7VSbZsP#89","",""
"aging","3","1798","agg","exact","PGn8B","b2n3r/p2k1ppp/1p6/1Nb1P3/q2P2P1/1R2P3/P1Q4P/5RK1 w - - 2 23","d4c5 a4g4 g1f2 g4g2 f2e1 g2c2","1595","74","100","1201","crushing kingsideAttack long middlegame skewer","https://lichess.org/S43LX88H#45","",""
"valet","2","1797","ae","exact","UbTJm","1r4k1/QP3ppp/2q5/2pN1b2/5b2/5N2/PPP2KPP/4R3 b - - 3 22","c6d5 a7b8 f4b8 e1e8","1626","75","100","255","backRankMate mate mateIn2 middlegame sacrifice short","https://lichess.org/nO2zpW40/black#44","",""
"avert","2","1796","ae","exact","3Y9J7","8/8/6R1/6R1/6p1/q2K4/P1P2k2/8 w - - 13 49","d3d2 a3e3 d2d1 e3e1","1570","75","100","240","endgame mate mateIn2 queenRookEndgame short","https://lichess.org/PaCdAlmd#97","",""
"stuck","1","1795","c","exact","iwAkS","6k1/5pp1/2N1nn1p/1p1p4/3P4/2P3KP/1PB1QPP1/2q5 w - - 1 31","c2f5 c1f4","1590","76","100","760","endgame mate mateIn1 oneMove","https://lichess.org/qgj8pHIn#61","",""
"recut","2","1794","ec","exact","XZhHx","2kr1r2/Rpp4p/2b5/8/3PpP2/3qB3/4QK1P/2R5 b - - 0 25","c8b8 e2a2 b7b6 c1c6","1600","372","100","1","master middlegame","https://lichess.org/L6L7aAtt/black#50","",""
"mulch","2","1793","ch","exact","buRKD","r3kb1r/ppqn1p2/2p5/3p3p/3PP1n1/2BB2N1/PP1Q1PP1/RN3RK1 w kq - 0 17","f2f3 c7g3 f3g4 h5g4","1605","136","100","47","equality middlegame short","https://lichess.org/o4QzPdCE#33","",""
"genre","3","1792","gee","exact","OAif8","q6r/p3kpp1/3p1n1p/1P4n1/4p3/3P2P1/PP1QPP1P/R4RK1 w - - 0 17","a1c1 g5h3 g1g2 e4e3 g2h3 e3d2","1597","80","100","80","advancedPawn crushing discoveredAttack kingsideAttack long middlegame","https://lichess.org/SFMCmXYT#33","English_Opening English_Opening_Kings_English_Variation",""
"rifle","2","1790","fe","exact","45ykO","8/6p1/7k/8/1PR1Bp2/5P1K/1r6/5n2 w - - 7 46","h3g4 f1e3 g4f4 e3c4","1602","75","100","703","crushing endgame fork master short","https://lichess.org/pmYierDy#91","",""
"count","1","1789","c","exact","7EMZO","8/8/B4R1p/2k4P/2p3P1/P1K5/6r1/2b5 w - - 3 48","f6g6 c1b2","1611","75","100","1821","endgame master mate mateIn1 oneMove","https://lichess.org/CnD9wwJs#95","",""
"incur","1","1788","c","exact","hHVqW","3r1rk1/pbq1bppp/1p6/2p1P3/5P2/1P2p2R/PBQ1B1PP/R5K1 b - - 1 18","d8d2 c2h7","1589","161","100","12","middlegame","https://lichess.org/0S5XtPSv/black#36","Indian_Defense Indian_Defense_Anti-Nimzo-Indian",""
"mocha","3","1785","cha","exact","9TNCe","Q7/2p2qpk/3p3p/1p6/2r5/2P4P/p4PP1/4RRK1 w - - 0 40","e1e8 c4a4 e8h8 h7g6 f1a1 a4a8","1510","75","100","947","advantage endgame long","https://lichess.org/lBofVI77#79","",""
"deter","3","1784","dee","exact","bQlL1","4r1k1/2N2p1p/3b1Pp1/2p5/1p2P2P/1P1Pq3/p1Q5/K2R2R1 w - - 1 33","c7d5 d6e5 d3d4 e5d4 d1d4 e3d4","1603","75","100","284","crushing exposedKing long middlegame","https://lichess.org/RQI9RXGh#65","",""
"study","1","1783","d","exact","cKtgX","r2qkb1r/p1p2ppp/2p1p1b1/8/3N1PP1/1P1Pn2P/PBPNP3/R2QK2R w KQkq - 0 12","d1c1 d8h4","1592","76","100","426","mate mateIn1 middlegame oneMove","https://lichess.org/2hp01ejZ#23","Bird_Opening Bird_Opening_Dutch_Variation",""
"safer","3","1781","afe","exact","AVhYl","8/8/4pk2/1p4p1/1P4P1/2PR4/r7/2K5 w - - 0 52","d3d2 a2d2 c1d2 f6e5 d2e3 e5d5","1584","75","100","271","crushing defensiveMove endgame long rookEndgame","https://lichess.org/kZlk1dGG#103","",""
"funny","1","1779","f","exact","SNg6L","8/8/3P4/1kp5/1B2P3/P2KNb2/r7/8 w - - 0 52","b4c3 f3e2","1593","76","100","474","endgame master mate mateIn1 oneMove","https://lichess.org/TojqxqOB#103","",""
"mound","1","1777","d","exact","lq9na","5k2/4r2p/2N3p1/p4p2/1p1Q1P2/1P2PK2/q5PP/8 b - - 7 40","e7f7 d4h8","1609","75","100","1208","endgame mate mateIn1 oneMove","https://lichess.org/Iquq8T6d/black#80","",""
"undue","2","1776","de","exact","azxmf","6k1/8/8/3R1P2/3KP3/8/3p4/3r4 w - - 0 50","d4e3 d1e1 e3d2 e1e4","1598","120","100","59","deflection endgame equality rookEndgame short skewer","https://lichess.org/jpGTtWAa#99","",""
"sedan","3","1775","eda","exact","h209Q","3r2k1/6pp/p4pn1/Np2p3/3q4/1Q5P/5PP1/4R1K1 b - - 3 35","d4d5 e1d1 d5b3 d1d8 g8f7 a5b3","1565","75","100","554","advantage endgame intermezzo long sacrifice skewer","https://lichess.org/iyPbhUcC/black#70","",""
"pagan","3","1774","aga","exact","aYfLe","8/6R1/5r1p/PK6/5p1k/8/6P1/8 b - - 1 55","h4h5 a5a6 f4f3 g2f3 f6f3 a6a7","1601","76","100","1005","advancedPawn crushing endgame long rookEndgame","https://lichess.org/Q92pMd8q/black#110","",""
"guile","2","1772","ge","exact","2MLLj","5rk1/5ppp/p2p2n1/qr1Q4/8/3R2PP/PPP2PB1/2KR4 w - - 5 21","d5c4 g6e5 c4d4 e5d3","1595","76","100","966","advantage fork master middlegame short","https://lichess.org/Inwl0nnP#41","",""
"gusty","1","1771","g","exact","1kpHN","rn3rk1/p2b2p1/2p1ppN1/1p5Q/1RpP1P2/q1P1P3/P5PP/5RK1 b - - 1 17","b8a6 g6e7","1606","75","100","773","mate mateIn1 middlegame oneMove","https://lichess.org/dDg4Y9k6/black#34","Semi-Slav_Defense Semi-Slav_Defense_Other_variations",""
"tough","2","1769","gh","exact","IaxRU","7r/pbpp1k2/1pn2pp1/2P2p2/1P1P1P2/P4Ppq/3N1R1P/4RQK1 w - - 0 24","f1h3 g3f2 g1f2 h8h3","1601","77","100","1852","advancedPawn advantage intermezzo kingsideAttack middlegame short","https://lichess.org/ILf96F2K#47","",""
"canoe","3","1768","cae","exact","PTeDg","2r4k/7p/5PpQ/pp6/3pb3/P1qP4/BKPR1P2/8 w - - 3 32","b2c1 c3a1 a2b1 a1a3 c1d1 e4f3","1551","78","100","721","advantage endgame fork long skewer","https://lichess.org/Wu3P1Wmh#63","",""
"chaos","3","1767","cha","exact","Mfa7G","krN5/ppQ3p1/2n2b2/7p/3P3P/6PK/2q5/7R b - - 1 35","c6d4 c8b6 a7b6 h1a1 c2a2 a1a2","1449","75","100","413","long mate mateIn3 middlegame sacrifice","https://lichess.org/EEK34x2T/black#70","",""
"covet","2","1766","ce","exact","Nk2CH","r2q1rk1/1p1b4/p1nbpn2/3p2B1/B7/2N5/PP3PPP/R2QR1K1 b - - 0 16","d8e7 c3d5 e6d5 e1e7","1607","78","100","81","middlegame","https://lichess.org/7YqQjbac/black#32","Sicilian_Defense Sicilian_Defense_Smith-Morra_Gambit_Deferred",""
"human","2","1765","ha","exact","YgebW","8/4P3/8/7P/2k2P2/3b2P1/R2K3r/8 w - - 1 50","d2e3 h2a2 f4f5 a2e2","1569","76","100","94","crushing endgame hangingPiece master short","https://lichess.org/c6Cj4Mdd#99","",""
"udder","3","1764","dde","exact","Wadgs","r1bq4/ppp1p2k/6p1/8/3n4/2Q5/PPP2PPP/R4RK1 w - - 0 20","a1d1 d4e2 g1h1 d8d1 f1d1 e2c3","1599","76","100","340","advantage discoveredAttack fork long middlegame","https://lichess.org/0CrHJcPW#39","",""
"lunch","2","1763","ch","exact","5I7BZ","r2q1rk1/ppp1bppp/2np4/4p2b/2B1P3/3PNN2/PPP2P2/R1BQ1RK1 w - - 2 12","g1g2 c6d4 f3d4 h5d1","1606","76","100","402","advantage opening short","https://lichess.org/Desm70js#23","Four_Knights_Game Four_Knights_Game_Italian_Variation",""
"blast","2","1762","ba","exact","tVHzq","6k1/3nppb1/3p2p1/1p1P4/1q2B1P1/1P3P2/1PP4Q/rK5R w - - 5 30","b1a1 b4a3 a1b1 a3b2","1598","82","100","63","endgame","https://lichess.org/dBRymrRU#59","",""
"manga","3","1760","aga","exact","qV765","5k2/R4p2/4p1p1/3pPnBp/5P2/7K/2r1N3/8 b - - 4 46","c2e2 a7a8 f8g7 g5f6 g7h7 a8h8","1587","75","100","129","endgame long mate mateIn3","https://lichess.org/4Yey1Kdy/black#92","",""
"melee","3","1759","eee","exact","BEgWy","2k3r1/1pb1Qp1p/2p1b3/8/2p5/5NNP/PqP2PP1/4R1K1 b - - 0 31","b2c2 e1e6 f7e6 e7e6 c8b8 e6g8","1599","76","100","977","advantage fork long middlegame","https://lichess.org/IpPknNVl/black#62","",""
"lefty","2","1758","ef","exact","QbjWw","3r2k1/p1r2ppp/1p1q4/8/3P1Q2/5R2/PP4PP/4R1K1 b - - 4 23","h7h6 e1e8 d8e8 f4d6","1600","75","100","678","advantage deflection endgame short","https://lichess.org/V3k7huEU/black#46","",""
"quick","1","1757","c","exact","3ZmdW","3r4/p7/1pQ1k3/3pp1r1/4n1qp/8/PP3RP1/5RK1 b - - 1 31","d8d6 c6e8","1612","74","100","378","master mate mateIn1 middlegame oneMove","https://lichess.org/kl24BA89/black#62","",""
"paste","2","1756","ae","exact","O0WWs","r3nr1k/pp6/4B1QP/q3bp2/8/8/PPP2P2/2KR2NR w - - 0 23","d1d7 a5e1 d7d1 e5f4 c1b1 e1d1","1601","75","100","434","deflection long master mate mateIn3 middlegame queensideAttack","https://lichess.org/doJzWIum#45","",""
"given","2","1755","ge","exact","V7nu0","5r1k/5p1p/5P2/p1p1R1Q1/6P1/P3P3/2PK3P/1q3r2 b - - 2 28","f8g8 g5g8 h8g8 e5e8","1595","75","100","150","endgame","https://lichess.org/nJ8ViDZa/black#56","",""
"octet","2","1754","ce","exact","RsBdV","r1bq1rk1/2ppBppp/p1p5/8/3Q4/2n2N2/PPP2PPP/2KR3R w - - 0 11","e7d8 c3e2 c1d2 e2d4","1593","118","100","54","equality fork middlegame short","https://lichess.org/0bqOgJNT#21","",""
"groan","2","1752","ga","exact","FlMv5","k7/Pr3p1p/2p1qpb1/8/3P4/2P3Q1/1R3PPK/8 b - - 6 39","e6d7 g3b8 b7b8 a7b8q","1589","74","100","665","advancedPawn endgame mate mateIn2 promotion short","https://lichess.org/nQOZV7K6/black#78","",""
"leaky","2","1751","ea","exact","wjX2F","8/p4p1p/1p2k1p1/2p1P1P1/2P1K2P/1P6/P7/8 b - - 0 31","e6e7 e4d5 e7d7 a2a3","1610","75","100","259","crushing defensiveMove endgame master pawnEndgame short zugzwang","https://lichess.org/P1pg71vr/black#62","",""
"grind","2","1750","gd","exact","Kn4lu","r4r1k/p4p1p/2p1pP2/q7/1R1P3P/3Q1PR1/P4KP1/8 b - - 0 30","a5b4 g3g7 b4d4 d3d4","1598","75","100","204","endgame","https://lichess.org/tqQhkKxA/black#60","",""
"carve","3","1749","cae","exact","YGJ34","R7/3r1qk1/6p1/2Q5/3p4/6PK/8/8 b - - 4 45","d4d3 c5e5 f7f6 a8g8 g7g8 e5f6","1675","74","100","547","crushing deflection endgame long","https://lichess.org/dElivuUb/black#90","",""
"sadly","2","1747","ad","exact","GZp35","r2r2k1/p4pp1/2n1q2p/3p4/Q2N1B2/PPp1P3/1bR2PPP/3R2K1 b - - 1 21","e6g6 a4c6 g6c6 d4c6","1612","77","100","143","advantage master middlegame short","https://lichess.org/pKed2Hut/black#42","",""
"apple","2","1746","ae","exact","UqClO","8/8/7p/r3k1p1/PR1pp3/5P1P/3K2P1/8 w - - 0 40","b4b5 a5b5 a4b5 e4e3","1566","75","100","190","crushing endgame rookEndgame short","https://lichess.org/MuPBeYMD#79","",""
"slack","2","1745","ac","exact","g9wxu","8/R2k4/1P2p2p/2bpPb2/2pN1P1P/2P1K3/1r6/8 b - - 2 37","d7c8 a7c7 c8b8 c7c5","1596","74","100","719","advantage endgame fork short","https://lichess.org/3MJ8drL6/black#74","",""
"honey","2","1744","he","exact","monFT","5nk1/pb2pp1p/1p4p1/4Q2P/4N3/qp4P1/4nPBK/5R2 b - - 0 25","b7e4 h5h6 f7f6 e5e4","1607","75","100","308","advantage intermezzo master middlegame short","https://lichess.org/8HO3ZD7A/black#50","",""
"final","2","1743","fa","exact","wuy4m","7k/p5p1/1p1p1r2/1P2pB1p/P1Pp1nPq/3P1Q1P/6PK/5R2 b - - 1 30","h5g4 f3a8 f6f8 a8f8","1585","75","100","461","endgame kingsideAttack mate mateIn2 short","https://lichess.org/RPDOxMRp/black#60","",""
"sheen","3","1742","hee","exact","1NNly","r4r1k/p3R2p/1p3n2/3p1p2/b1pP3B/P1P5/5PPP/4R1K1 b - - 4 26","a8e8 h4f6 f8f6 e7e8 a4e8 e1e8","1591","103","100","67","equality kingsideAttack long middlegame","https://lichess.org/WApS49VO/black#52","",""
"eerie","3","1741","eee","exact","KOeAX","1r5k/6pp/p3rp2/1pq1P3/4R3/P2p2Q1/1PP3PP/4R2K b - - 0 32","b8e8 e5f6 g7f6 e4e6 e8e6 e1e6","1601","74","100","878","crushing discoveredAttack endgame long","https://lichess.org/1rvI43w1/black#64","",""
"slick","1","1740","c","exact","A1f5g","8/1k1r4/prR1p3/3n3p/2RP1p2/P1B4P/1P3P2/6K1 b - - 1 30","d5c3 c6b6","1588","112","100","49","endgame equality oneMove","https://lichess.org/OoqurFXN/black#60","",""
"derby","3","1739","deb","exact","NiWPN","2r2rk1/p4ppp/4bn2/3p4/B1pQ4/2P2P2/Pq1N2PP/3RR1K1 b - - 3 21","b2a2 d1a1 a2b2 e1b1 b2b6 b1b6","1585","74","100","402","advantage clearance long middlegame trappedPiece","https://lichess.org/7LBzrSyW/black#42","",""
"wharf","3","1738","haf","exact","Y6GCC","8/6pk/PR4bp/2R5/1K3p2/8/8/r7 w - - 0 49","b6g6 h7g6 c5a5 a1a5 b4a5 f4f3 a6a7 f3f2 a7a8q f2f1q","1669","92","100","52","endgame","https://lichess.org/gfQidHOB#97","",""
"coach","4","1736","cach","exact","nbvKR","2r4k/R5p1/p6p/q7/8/7P/P3Q1P1/7K w - - 7 44","a7a6 c8c1 h1h2 a5c7 g2g3 c1c2 a6a8 h8h7","1395","76","92","914","crushing defensiveMove endgame pin veryLong","https://lichess.org/WvsBNsXH#87","",""
"singe","2","1734","ge","exact","iz5f3","8/p7/1p6/3k4/PPR3p1/1n1P1b2/4pK2/2R5 w - - 11 57","c1c2 g4g3 f2f3 e2e1q","1605","77","100","711","advancedPawn crushing deflection endgame promotion short","https://lichess.org/Js7ZNz8J#113","",""
"price","2","1733","ce","exact","ZWz00","4r3/ppk1r3/2n5/6Q1/3p2B1/P5P1/2qN1PP1/1R3K1R w - - 5 32","g4f3 c2b1 d2b1 e7e1","1593","75","100","827","mate mateIn2 middlegame sacrifice short","https://lichess.org/3NxMtXtI#63","",""
"fairy","2","1731","fa","exact","4sqZP","r1b1k3/5R2/p1p1p3/Q3p2r/3bp3/3q4/P5PP/5R1K b - - 3 27","a8a7 f7f8 e8d7 a5d8","1584","76","100","793","mate mateIn2 middlegame short","https://lichess.org/tDg9jiaH/black#54","",""
"jiffy","2","1730","ff","exact","WMxAp","8/2p5/1p1p4/p2P4/P1P4k/2P2K2/8/8 b - - 1 37","h4h3 f3f4 h3g2 f4f5","1600","76","100","1975","crushing defensiveMove endgame pawnEndgame short","https://lichess.org/Y0qDKZCC/black#74","",""
"filmy","1","1729","f","exact","SUQs0","6k1/8/3R2p1/Q6p/5q2/7P/5PPK/1r6 w - - 3 43","g2g3 f4f2","1593","375","100","13","endgame","https://lichess.org/VHRAT1Bi#85","",""
"stack","2","1728","ac","exact","Uio2l","8/6P1/8/7R/2pkp3/3p3P/r4P2/4K3 w - - 0 51","g7g8q a2a1 e1d2 c4c3","1595","75","100","865","endgame mate mateIn2 queenRookEndgame short","https://lichess.org/sATif5sR#101","",""
"chose","3","1727","che","exact","t2r4F","r3k3/2p1qp1p/1bp5/p1p3r1/P3P2P/1NQ2p2/1P3P2/3R1R1K b q - 1 25","g5f5 c3h8 e7f8 h8f8 e8f8 e4f5","1686","74","100","488","advantage long master middlegame","https://lichess.org/38SC0sVb/black#50","",""
"sleep","2","1726","ee","exact","jElDl","4r1k1/1p4p1/p1n4p/2p1pP2/3PQ1P1/2P4P/PPK1Rq2/8 b - - 2 31","f2f4 e4f4 e5f4 e2e8","1601","76","100","248","crushing discoveredAttack endgame kingsideAttack short","https://lichess.org/VUiT7X4N/black#62","",""
"ardor","2","1725","ad","exact","somlM","3b3r/1k3p2/ppr1p1p1/q1P1P3/P2P1PPp/3Q2nP/3N1B1K/RR6 w - - 1 29","d3c4 a5d2 a1a2 d2f4","1588","74","100","478","advantage hangingPiece master middlegame pin short","https://lichess.org/7wJMILDI#57","",""
"niece","3","1723","ece","exact","Szs7r","1B6/4np2/p3k3/Pp2P1P1/1Pp1K3/2P5/8/8 w - - 9 53","e4d4 e7c6 d4c5 c6b8 c5b6 e6e5","1602","77","100","1704","crushing endgame fork long","https://lichess.org/RrhF7qJn#105","",""
"handy","3","1722","had","exact","8EHsD","7r/2PK1kp1/R3p3/6r1/8/4P3/P6p/7R b - - 0 40","g5g1 h1h2 g1d1 a6d6 d1d6 d7d6 h8h2 c7c8q h2d2 d6e5","1783","77","100","129","endgame","https://lichess.org/z8qJFt7b/black#80","",""
"grace","4","1721","gace","exact","HCiHL","3r2k1/R1N1qp1p/4b1p1/8/3pP3/3PbPQ1/1r4PP/R6K b - - 4 28","e7d6 g3d6 d8d6 a7a8 g8g7 c7e8 g7h6 e8d6","1934","76","96","4077","advantage fork middlegame veryLong","https://lichess.org/VlfJnbBU/black#56","",""
"ditto","1","1720","d","exact","apEbP","4k1nr/p2R1p2/4p1pp/2b5/1r4QB/1p6/P4PPP/RN4K1 b k - 0 17","b4g4 d7d8","1610","353","100","4","middlegame","https://lichess.org/1SopHAK0/black#34","Sicilian_Defense Sicilian_Defense_Old_Sicilian",""
"cream","3","1718","cea","exact","ity9G","rnb1q1k1/pp2brp1/2p2n1p/8/2B5/1QN5/PP1P1PPP/R1B1R1K1 b - - 1 13","b8d7 c4f7 e8f7 e1e7 f7b3 a2b3","1558","75","100","548","advantage fork long opening pin","https://lichess.org/KZnF1UDn/black#26","French_Defense French_Defense_Steiner_Variation",""
"diode","3","1716","dde","exact","L1NsV","3rr1k1/5p2/7p/p1n2B2/8/4bN2/PPR3PP/1K2R3 w - - 1 25","e1e3 d8d1 c2c1 d1c1 b1c1 e8e3","1602","77","100","133","advantage long middlegame","https://lichess.org/GvKW8N3k#49","",""
"angle","3","1714","age","exact","OUZxb","5k2/R1nq3p/2p1p1p1/1pPpP1N1/8/2P5/5PPP/6K1 b - - 9 31","f8g7 a7c7 d7c7 g5e6 g7g8 e6c7","1605","125","100","62","endgame","https://lichess.org/MZIKALP8/black#62","",""
"muddy","2","1712","dd","exact","bVAWH","7r/5p2/1BQr1k1p/4R1p1/8/3q4/5PPP/4R1K1 w - - 1 35","c6f3 d3f3 g2f3 d6b6","1600","117","100","53","equality middlegame short","https://lichess.org/Zp3r2ohs#69","",""
"chase","4","1711","chae","exact","pgqNI","8/8/7k/1P1pP1p1/7p/2q1PQ1P/1R4PK/r7 w - - 4 46","b2f2 c3e5 g2g3 h4g3 f3g3 a1h1 h2h1 e5g3","1372","75","100","541","crushing deflection endgame fork veryLong","https://lichess.org/yaXSG3Ze#91","",""
"heart","3","1708","hea","exact","dIrF4","r6k/p5pp/Qp2p3/3p4/3P3q/2P1p2P/PP4P1/5RK1 w - - 0 25","a6a7 h4f2 f1f2 e3f2 g1f2 a8a7","1638","76","100","388","advancedPawn crushing endgame long sacrifice","https://lichess.org/Ff9sqwS8#49","",""
"shade","4","1707","hade","exact","mJjx5","Q3kb2/3n1pp1/3p4/1r2pPBB/pq2P3/8/1PP5/1K1R4 b - - 3 29","b5b8 h5f7 e8f7 a8d5 f7e8 d5e6 f8e7 e6e7","1776","76","98","2925","attackingF2F7 attraction mate mateIn4 middlegame sacrifice veryLong","https://lichess.org/4aU1tNY6/black#58","",""
"diner","2","1706","de","exact","lvfl1","2r5/8/1p3k2/pP1b1p1p/P2Kp2P/4RNP1/8/8 b - - 1 34","e4f3 d4d5 f3f2 e3f3","1598","103","100","64","endgame equality hangingPiece short","https://lichess.org/Ex40Bj9m/black#68","",""
"sleet","2","1704","ee","exact","8EMY7","8/5pp1/4p2p/4P3/2kPp3/4K3/5PPP/8 b - - 3 40","f7f5 e5f6 g7f6 e3e4","1598","74","100","547","crushing enPassant endgame pawnEndgame short","https://lichess.org/tSKOiSLR/black#80","",""
"dowel","2","1703","de","exact","7q0ha","6k1/5p2/3p2p1/4p1Pp/3q4/1P2rP2/PB2QNP1/1K6 w - - 5 35","e2f1 d4d2 b2c1 e3e1","1603","76","100","1148","advantage endgame pin short","https://lichess.org/t6RTz5ke#69","",""
"couch","3","1702","cch","exact","VTrl8","5R2/2r5/6p1/7P/8/6pk/8/6K1 w - - 0 43","h5g6 c7c1 f8f1 c1f1 g1f1 h3h2 f1e2 g3g2","1586","74","100","739","advancedPawn crushing endgame exposedKing rookEndgame veryLong","https://lichess.org/2jo8Z2S6#85","",""
"bowel","2","1700","be","exact","Ep4ta","8/8/1R6/6pp/1Pk1Np2/1r3K1P/6P1/8 w - - 4 53","f3e2 b3e3 e2f2 e3e4","1592","131","100","52","endgame equality fork short","https://lichess.org/0M7cQ8dh#105","",""
"evoke","2","1698","ee","exact","AC1YH","2kr3r/Qp2qppp/2p5/8/2PN1P2/5B2/PP1K2PP/7R w - - 0 18","d2c1 e7e3 c1b1 e3d4","1598","77","100","186","advantage middlegame queensideAttack short","https://lichess.org/9DdKbTcF#35","Queens_Gambit_Declined Queens_Gambit_Declined_Albin_Countergambit",""
"creek","3","1697","cee","exact","O5sId","r1r3k1/p4ppp/4p3/Q2n4/2p5/R2qPPP1/1P1B3P/2R3K1 b - - 8 23","d3e2 c1e1 e2f3 e3e4 f3f6 e4d5","1602","75","100","823","advantage long middlegame","https://lichess.org/Jg74LBJe/black#46","",""
"lance","3","1696","ace","exact","Kao3Z","8/b1rbk1pp/4pp2/1p1p4/1P3P2/4P3/1Q2B1PP/5RK1 w - - 0 25","f1c1 a7e3 g1f1 c7c1 b2c1 e3c1","1582","75","100","634","crushing endgame fork long","https://lichess.org/4nag8QaU#49","",""
"eagle","4","1695","eage","exact","92TPt","5rk1/1q4p1/p2pR2p/1p6/3N1P1b/P5rP/Q5P1/4R1K1 b - - 4 34","g8h8 e6e8 b7g2 a2g2 g3g2 g1g2 f8e8 e1e8","1425","75","100","312","crushing middlegame pin veryLong","https://lichess.org/SXSyMfZ5/black#68","",""
"idiot","1","1694","d","exact","Nm0v4","4k2r/p1p3pp/4p3/2bqP3/4NQ2/8/Pr4PP/R4RK1 w k - 4 22","e4c5 d5g2","1589","75","100","374","master mate mateIn1 middlegame oneMove","https://lichess.org/SmjURHTh#43","",""
"built","1","1692","b","exact","JgCil","r2qk2r/ppp1bBp1/2np1n1p/4p3/4P3/1QPP1b2/PP3PPP/RNB1R1K1 b kq - 0 9","e8d7 b3e6","1615","351","100","10","middlegame","https://lichess.org/sOnmkn7p/black#18","Italian_Game Italian_Game_Anti-Fried_Liver_Defense",""
"embed","4","1691","ebed","exact","KLyET","r1b2b1r/ppp1pqpp/1kn2n2/1B1p1P2/PP6/8/1BPPQPPP/RN2K2R b KQ - 0 11","a7a6 e2e3 d5d4 b2d4 c6d4 e3d4 c7c5 d4c5","1720","75","100","1154","mate mateIn4 opening veryLong","https://lichess.org/XTkxNklZ/black#22","Duras_Gambit Duras_Gambit_Other_variations",""
"award","3","1690","aad","exact","p9RbZ","8/P7/1nkr4/4K3/8/8/8/R7 b - - 8 55","b6a8 a1a6 c6b7 a6d6 a8c7 d6d7","1618","75","100","145","crushing deflection endgame long skewer","https://lichess.org/g4jxIQwG/black#110","",""
"dross","1","1689","d","exact","j4HGF","3r2k1/2R4p/p4p2/5p2/PpP3n1/1P3KP1/3r3P/1R2N3 w - - 2 31","h2h3 d2f2","1589","76","100","567","endgame hookMate master mate mateIn1 oneMove","https://lichess.org/pwAPN1BK#61","",""
"goody","2","1687","gd","exact","ERsnT","8/6k1/1p2pr2/6rp/3Q4/2P5/2B5/2K5 w - - 7 48","c1d2 g5d5 d2e3 d5d4","1597","74","100","516","crushing endgame master masterVsMaster pin short","https://lichess.org/aQAEnoHY#95","",""
"frown","1","1686","f","exact","dhlOx","r1bR1k1r/p3q1bp/2p2np1/2Q1p3/8/5N2/PPP2PPP/1NK4R b - - 2 18","f8f7 f3g5","1593","75","100","847","mate mateIn1 middlegame oneMove","https://lichess.org/rXzuk05o/black#36","Queens_Pawn_Game Queens_Pawn_Game_Modern_Defense",""
"laden","3","1684","ade","exact","l0dNp","8/8/8/R3R3/4qk2/8/3K1P2/8 b - - 0 42","e4e5 a5e5 f4e5 d2e3 e5f5 e3f3","1575","75","100","273","crushing defensiveMove endgame long zugzwang","https://lichess.org/Vo6gwWe0/black#84","",""
"humid","2","1683","hd","exact","yyhTY","2k2r2/pp6/4p3/7R/8/8/r5PP/3R2K1 b - - 0 28","f8f2 h5c5 c8b8 d1d8","1605","75","100","1239","endgame mate mateIn2 rookEndgame short","https://lichess.org/8tVQpCBi/black#56","",""
"elite","2","1682","ee","exact","IFDXN","3q1rk1/R5bp/3p1pp1/1rpP4/5P1B/8/1PQ3PP/4R1K1 b - - 1 23","d8b8 e1e7 b8a7 e7a7","1602","74","100","594","crushing middlegame short","https://lichess.org/URuhH3qb/black#46","",""
"lymph","1","1681","h","exact","iPueA","r3q1r1/pb1nbkpQ/4pp2/1p1pP3/2pP4/2P1PNR1/PP4PP/R1B3K1 b - - 7 19","e8f8 h7g6","1591","75","100","747","mate mateIn1 middlegame oneMove","https://lichess.org/iiQJOugo/black#38","",""
"edify","3","1680","edf","exact","sGyyV","2b1r1k1/pp2qppN/8/3p3Q/3n4/P2B2P1/1P3P1P/R5K1 w - - 0 22","h7g5 e7g5 h5g5 d4f3 g1g2 f3g5","1597","74","100","730","advantage attraction fork long middlegame sacrifice","https://lichess.org/v6v20edF#43","",""
"might","2","1679","gh","exact","SBfhu","3qkb1r/1p2ppp1/2N2n2/p7/3r2b1/2N2Q1p/PPP2P2/R1B1KB1R w KQk - 1 15","c6d8 g4f3 h1h3 h8h3","1599","75","100","350","advantage hangingPiece master middlegame short","https://lichess.org/pyZp5WIW#29","Grob_Opening Grob_Opening_Other_variations",""
"reset","2","1678","ee","exact","bOZLb","3qr1k1/4rpb1/bp4pp/p2p1n2/3P2P1/4B3/PP1Q1PBP/2R1RNK1 b - - 0 20","f5d4 e3d4 g7d4 e1e7","1597","76","100","84","middlegame","https://lichess.org/bx3Qy0dM/black#40","",""
"gusto","1","1677","g","exact","NcYEo","Rb4k1/1p3p2/8/1PPp4/3B4/4P1pb/3N1P1r/5K2 w - - 2 36","f1g1 g3f2","1593","129","100","25","endgame master masterVsMaster","https://lichess.org/N9TvuvfU#71","",""
"crock","2","1674","cc","exact","rfCaO","7k/p1p2R1p/3p2n1/1p2r3/3QN3/1BK2P1P/P7/5q2 w - - 6 40","c3b4 c7c5 b4a5 c5d4","1599","75","100","580","crushing fork middlegame short","https://lichess.org/QekOlshK#79","",""
"loath","2","1672","ah","exact","RbKPn","8/q5bk/4p1pp/p3r3/4Q1P1/2R5/5P2/2R3K1 w - - 0 41","c3c7 a7c7 e4g6 h7g6","1594","75","100","213","crushing endgame short","https://lichess.org/i77UnjeX#81","",""
"chaff","5","1671","chaff","exact","8ZKJC","5r2/4kB2/p1q4p/8/2ppP3/P4Qb1/7r/1R1K1R2 w - - 0 29","f3g3 c6a4 d1e1 h2e2 e1e2 a4c2 e2f3 f8f7 f3g4 f7g7 g4h4 g7g3","2427","79","84","127","attraction crushing exposedKing interference middlegame sacrifice skewer veryLong","https://lichess.org/rFjFhZHp#57","",""
"slide","2","1670","de","exact","WimiR","2bkr3/5ppp/1q6/Qp1n4/2pP4/P4P2/4BBPP/4R1K1 w - - 3 26","a5a8 d5c7 a8e4 e8e4","1603","75","100","882","advantage middlegame short trappedPiece","https://lichess.org/Bg3T8gLl#51","",""
"queer","2","1669","ee","exact","cTQhF","3r4/3b2p1/ppr1pk2/3nRpNP/2PP1P2/6P1/P7/4R1K1 b - - 4 36","c6c4 e5e6 d7e6 e1e6","1597","77","100","211","hookMate mate mateIn2 middlegame short","https://lichess.org/Nu7VfttW/black#72","",""
"acorn","2","1666","ac","exact","nsu81","r7/3r1pkp/1nNP2p1/n7/3R4/6P1/2P2PBP/3R2K1 w - - 0 32","d1a1 a5c6 a1a8 c6d4","1605","128","100","44","master middlegame","https://lichess.org/2E8ClCG1#63","",""
"aping","2","1665","ag","exact","iOHJC","r6k/1pq4n/1p1p3p/p3p3/P1P1PrpP/3P2Q1/1P3PPN/1R3RK1 w - - 2 28","h2g4 a8g8 g4h6 g8g3","1594","76","100","868","advantage middlegame short","https://lichess.org/cHisKZdx#55","",""
"pushy","1","1664","h","exact","aauHh","4rrk1/3n1p1n/1q5Q/1pbPp3/p1p1P3/P1P2P2/1PBN2RP/5R1K b - - 4 23","g8h8 h6g7","1610","372","100","5","middlegame","https://lichess.org/QscfpE6h/black#46","",""
"tamer","2","1663","ae","exact","716jr","r4r1k/2pnNppp/3Pb3/8/p7/qP3N1P/P1P1QPP1/1K1R3R w - - 0 21","f3g5 a4b3 c2b3 e6b3","1636","75","100","371","crushing middlegame short","https://lichess.org/65Zaxx2C#41","",""
"hater","3","1662","hae","exact","7EgGo","8/6pk/6p1/7P/2b1BP2/4K3/pr6/R7 b - - 0 49","c4f7 h5g6 f7g6 a1h1 h7g8 e4g6","1418","75","100","731","advantage deflection endgame fork long","https://lichess.org/fQDIVWdW/black#98","",""
"mania","2","1661","aa","exact","fWTtH","8/8/8/3kp3/K7/1P6/n3N3/8 b - - 9 51","e5e4 a4a3 e4e3 a3a2","1607","74","100","852","crushing endgame knightEndgame short trappedPiece","https://lichess.org/tlEo0Tpp/black#102","",""
"awoke","2","1660","ae","exact","HMW6k","2k3r1/2p2p2/R1p1b2b/2NpP2p/3r3q/8/PPP1QRP1/6K1 b - - 0 23","c8b8 a6a8 b8a8 e2a6 a8b8 a6b7","1604","75","100","1182","attraction long mate mateIn3 middlegame queensideAttack sacrifice","https://lichess.org/NRZmkDFh/black#46","",""
"brawn","2","1659","ba","exact","J7Gy0","1r4rk/1pp2p2/P1n1p2p/1QPp4/3q4/3RPB2/4KPP1/R7 b - - 1 28","d4b4 b5b4 c6b4 a6a7","1603","77","100","120","advancedPawn advantage master middlegame short","https://lichess.org/1bJ532Sn/black#56","",""
"swift","1","1658","f","exact","oPHaB","8/5p1k/1Q4p1/p6p/2p4P/P1P2qPK/1P6/8 w - - 2 46","b6c5 f3h1","1607","78","100","1738","endgame mate mateIn1 oneMove queenEndgame","https://lichess.org/nvkYKMtC#91","",""
"exile","2","1657","ee","exact","QKMlD","r1r5/1p3pkp/p3q1p1/4Qn1N/8/5P1P/5P2/1R2R1K1 b - - 7 24","g7h6 e5f4 g6g5 e1e6","1596","75","100","722","crushing discoveredAttack middlegame short","https://lichess.org/hnw5wWwX/black#48","",""
"birch","3","1656","bch","exact","WMSE3","1k3r2/p1R4R/3n3p/1p3p2/1N4p1/4P1P1/5PPK/r7 b - - 7 41","f8c8 b4c6 b8a8 c7a7 a1a7 h7a7","1693","77","100","1311","arabianMate endgame long mate mateIn3","https://lichess.org/RpWSkAsG/black#82","",""
"lucky","1","1655","c","exact","4UQiK","8/ppp1Qppp/4k3/8/3n3B/5q1b/PP2rP1P/2R3K1 b - - 3 21","e6d5 c1c5","1613","75","100","72","middlegame","https://lichess.org/E8RrUf5Q/black#42","",""
"freer","3","1654","fee","exact","Ft6a0","1r2k2r/3n1p2/3b1n2/p2p2p1/PppPP1P1/6q1/1P2QNN1/R3RKB1 b k - 0 29","d5e4 f2e4 f6e4 e2e4 e8d8 e1e3","1603","75","100","150","advantage long middlegame","https://lichess.org/hOWWIn2j/black#58","",""
"ghost","2","1653","gh","exact","XZjCx","4r1n1/4rp1k/2p3pp/ppq1P3/6NQ/1PN4P/1PP2PP1/4R1K1 b - - 0 26","c5d4 g4f6 g8f6 h4d4","1599","75","100","621","crushing discoveredAttack fork middlegame short","https://lichess.org/BLBmDZfN/black#52","",""
"winch","2","1650","ch","exact","6Ygwj","8/4rkr1/p1R5/1p3p1Q/3b1P2/1Pp5/2P3PP/2q2B1K b - - 6 32","f7f8 c6c8 e7e8 h5e8","1606","77","100","1133","mate mateIn2 middlegame short","https://lichess.org/uxwpqT9X/black#64","",""
"snare","2","1649","ae","exact","XnsiW","4r1k1/pp3r1p/6p1/3Qp3/q7/3NK3/P4PP1/2R4R w - - 4 26","c1c7 a4d4 d5d4 e5d4 e3d2 f7c7","1596","369","100","5","middlegame","https://lichess.org/nKfwqb5Q#51","",""
"house","2","1647","he","exact","i5vRB","4r1k1/4Pq2/pp2N1pQ/1b4P1/8/2B1p3/PP5P/6K1 b - - 1 41","f7h7 h6f8 e8f8 e7f8q","1590","77","100","699","advancedPawn endgame mate mateIn2 promotion short","https://lichess.org/zYQYaxfC/black#82","",""
"borax","2","1646","ba","exact","bfnse","8/8/8/7R/1p2kpR1/1r5P/r4PP1/6K1 w - - 2 49","h5h4 b3b1 g1h2 a2f2","1603","75","100","1465","crushing deflection endgame rookEndgame short","https://lichess.org/ZoDhjJ8R#97","",""
"nicer","2","1645","ce","exact","8BAZN","8/8/2k5/R2pK3/8/2P5/2r5/8 w - - 5 53","a5d5 c2e2 e5d4 e2d2","1608","75","100","456","crushing endgame master rookEndgame short","https://lichess.org/vtYuAz5Y#105","",""
"lurch","2","1644","ch","exact","BET1H","r3k2r/ppq1bpp1/2n1b3/3pN3/8/2N5/PPP1QPPP/R1B1R1K1 w kq - 4 17","e5c6 c7h2 g1f1 h2h1","1594","75","100","1370","kingsideAttack mate mateIn2 middlegame short","https://lichess.org/0fhbhdG6#33","Center_Game Center_Game_Kieseritzky_Variation",""
"exalt","2","1643","ea","exact","2m0Ro","4r1k1/5ppp/bp6/1N6/q1p1n3/3QBN1P/PP3PP1/3R2K1 w - - 0 25","b5c3 e4c3 d3c3 a4d1","1611","75","100","461","advantage capturingDefender middlegame short","https://lichess.org/qXhwEULE#49","",""
"about","2","1642","ab","exact","HeQd7","2r4k/2p4p/1PRp2p1/4p3/P3P3/2Q2P2/q5PP/6K1 w - - 1 37","c6c7 a2b1 g1f2 b1b6","1597","74","100","326","crushing endgame short","https://lichess.org/JWmpgp49#73","",""
"tunic","1","1640","c","exact","AchFL","r1bq1b1r/4kBpp/p2p1R2/1pp1N3/3nP3/2N5/PPPP2PP/R1BQ2K1 b - - 0 11","g7f6 c3d5","1613","76","100","297","mate mateIn1 middlegame oneMove","https://lichess.org/eVlPhSxN/black#22","Sicilian_Defense Sicilian_Defense_Grand_Prix_Attack",""
"pried","2","1639","ed","exact","zRF5i","1r2r1k1/p4p2/5qpp/2p5/3n4/1P1P2P1/P1P2PBP/R2Q1RK1 w - - 3 18","f1e1 e8e1 d1e1 d4c2","1600","75","100","2378","crushing middlegame short","https://lichess.org/NLAuSZ7v#35","Sicilian_Defense Sicilian_Defense_Closed",""
"chump","2","1637","ch","exact","DZv4Q","r3kb2/1b4p1/p3N3/4Pp2/1n4p1/2q5/P3BPP1/R1BQ1RKr w q - 1 21","g1h1 c3h3 h1g1 h3g2","1606","88","100","78","middlegame","https://lichess.org/WEghNdnA#41","",""
"cress","2","1635","ce","exact","Jzg9S","8/4b1k1/p5Pp/1pp1P3/4bP1N/KPq5/P1P1Q3/6B1 w - - 1 38","e2e4 c5c4 g1c5 e7c5","1608","74","100","690","discoveredAttack endgame mate mateIn2 short","https://lichess.org/XaMGeT1K#75","",""
"eater","3","1634","eae","exact","KQ11U","r2r2k1/4Rp2/p1q3pp/1p3b2/5p2/Q1P2N1P/PP3PP1/5BK1 b - - 0 29","c6d6 e7e8 g8g7 a3d6 d8d6 e8a8","1539","75","100","1288","advantage long middlegame","https://lichess.org/DMNdHZ6e/black#58","",""
"elude","3","1633","ede","exact","5hclU","5r2/1p4k1/p2pQ1p1/5p1p/7q/P1P5/1P4P1/3R2K1 b - - 1 31","f8f6 e6e7 g7h6 d1d6 f6d6 e7h4","1594","74","100","434","advantage endgame long","https://lichess.org/078xxh6i/black#62","",""
"cycle","3","1632","cce","exact","zhzO6","8/7k/6p1/7p/P1Q4n/2p1qB2/6PK/8 w - - 0 42","c4h4 c3c2 h4c4 c2c1q c4c1 e3c1","1599","76","100","557","advancedPawn crushing endgame long promotion","https://lichess.org/h5cJCVZl#83","",""
"boule","2","1631","be","exact","VBk3q","3R4/rr2qpk1/p1Q1p1pp/1p6/8/2P5/PP3PPP/3R2K1 w - - 10 25","d8e8 b7d7 d1f1 e7e8","1608","75","100","818","crushing endgame interference short","https://lichess.org/EUyIYEqf#49","",""
"tenet","2","1630","ee","exact","qrp34","6k1/4r1p1/2p5/p6N/8/2B5/PP4PK/8 w - - 1 41","c3a5 e7e5 a5c3 e5h5","1604","116","100","47","endgame equality fork short","https://lichess.org/ZgATd9GH#81","",""
"place","3","1629","ace","exact","GwHvH","6k1/p1q1bp1p/Q1N3p1/2pp4/3P4/4P2P/P4PP1/6K1 b - - 1 33","c5d4 a6c8 c7c8 c6e7 g8f8 e7c8","1571","74","100","621","advantage attraction deflection endgame fork long sacrifice","https://lichess.org/EbB02EOS/black#66","",""
"lobby","2","1628","bb","exact","1mraw","2r3k1/5p2/5Pp1/6Q1/8/8/1q3PP1/3R2K1 w - - 0 38","d1d3 b2b1 g1h2 b1d3","1599","74","100","587","crushing endgame fork short","https://lichess.org/Rnn7SarZ#75","",""
"plush","1","1627","h","exact","o7gtt","8/pp3Qp1/3b3p/3P4/2P1R2k/1Pq3rP/P5P1/7K b - - 9 37","h4g5 h3h4","1590","75","100","903","endgame mate mateIn1 oneMove","https://lichess.org/jLvjZfQH/black#74","",""
"vigil","1","1626","g","exact","7xqXA","r2r3k/pp4p1/2p2NQp/q1b5/2B3b1/P7/R4PPP/5RK1 b - - 1 21","g7f6 g6h6","1608","78","100","848","kingsideAttack mate mateIn1 middlegame oneMove","https://lichess.org/VJgTXHQs/black#42","",""
"index","2","1625","de","exact","j7WAu","8/8/3p4/p1pP4/P2k1p1K/1P1P1P2/8/8 w - - 1 52","h4g4 d4e3 g4f5 e3f3","1603","75","100","802","crushing endgame pawnEndgame short zugzwang","https://lichess.org/nF5JlPEf#103","",""
"blink","1","1624","b","exact","tCEyG","r2qkbnr/pp2pppp/8/1N1Pn3/Q3p3/8/PP3PPP/R1B1K1NR b KQkq - 0 9","f7f6 b5d6","1615","76","100","882","doubleCheck mate mateIn1 oneMove opening","https://lichess.org/vgwxtC2X/black#18","Sicilian_Defense Sicilian_Defense_Alapin_Variation",""
"clung","2","1623","cg","exact","CPJWt","2r2rk1/pp2ppbp/2n2np1/7q/3P2b1/P1N1BNP1/1P2QPBP/3RR1K1 w - - 1 16","d4d5 c6e5 f3e5 g4e2","1602","75","100","120","advantage middlegame short","https://lichess.org/bEGFPhwH#31","Caro-Kann_Defense Caro-Kann_Defense_Accelerated_Panov_Attack",""
"croup","1","1621","c","exact","QqE7u","r2q1bnr/ppp3pp/8/4k3/3nP1Q1/3P4/PPP3PP/RNB2RK1 b - - 0 10","g8f6 c1f4","1586","76","100","474","mate mateIn1 oneMove opening","https://lichess.org/FuZ8peD7/black#20","Kings_Gambit Kings_Gambit_Other_variations",""
"clink","1","1620","c","exact","EhjX7","8/6R1/2B1k1p1/1Pp1Pp1p/2b2PrP/8/8/3K4 b - - 6 59","c4d5 c6d7","1616","76","100","1171","endgame mate mateIn1 oneMove","https://lichess.org/k2vY9nUb/black#118","",""
"juicy","1","1619","c","exact","nAyAH","5b2/1k6/p1n3p1/2K1p2p/8/2N2P1B/PP1r2PP/1R6 w - - 7 28","c5c4 c6a5","1616","77","100","196","endgame mate mateIn1 oneMove","https://lichess.org/rZEvhuxc#55","",""
"stage","3","1618","age","exact","HI4Gj","1b2r1k1/5pp1/1p6/8/Q3p3/P6P/2r2PBq/4RK2 b - - 2 44","h2c7 a4e8 g8h7 g2e4 g7g6 e4c2","1637","75","100","595","crushing fork hangingPiece long middlegame","https://lichess.org/iHmoXIk7/black#88","",""
"decay","4","1617","deca","exact","pZfkZ","3r4/pp4bk/2pq2pp/1n1P4/4Q3/6P1/P1B2B1P/3R2K1 b - - 0 29","c6d5 d1d5 d6d5 e4g6 h7g8 c2b3 d5b3 a2b3 d8d1 g1g2","1521","75","100","642","advantage deflection fork middlegame pin sacrifice veryLong","https://lichess.org/H99uqMjq/black#58","",""
"nerve","2","1616","ee","exact","ty9rO","r1b1r1k1/5pbp/ppp3p1/2p2nB1/4N3/3P1N2/PPP3PP/4RRK1 b - - 3 16","h7h6 e4f6 g7f6 e1e8","1596","75","100","1265","advantage discoveredAttack fork middlegame short","https://lichess.org/nc7yogEc/black#32","Sicilian_Defense Sicilian_Defense_Closed",""
"flier","2","1615","fe","exact","O7SlK","5rk1/5ppp/p2b1q2/1p1p4/3Pr1Q1/2P1B2P/PP3P2/RN2R1K1 w - - 3 19","g4g5 f6g5 e3g5 e4e1","1602","75","100","423","advantage kingsideAttack middlegame short","https://lichess.org/xGVhWNmH#37","",""
"shaft","3","1614","haf","exact","iybpt","r7/p1p2k1p/q1p5/3p2p1/3Pp1Qn/4P2P/PPP3P1/R1B3K1 w - - 0 22","g4g5 h4f3 g2f3 a8g8 g5g8 f7g8","1451","75","99","10494","advantage endgame long pin sacrifice","https://lichess.org/19Wp1TcB#43","",""
"crook","1","1613","c","exact","2SsWv","r1b4N/ppp1k1p1/2n4p/3p4/4K3/1BP5/P4qPP/RNBQ3R w - - 0 15","b3d5 c8f5","1583","76","100","874","mate mateIn1 middlegame oneMove","https://lichess.org/GPco8JDi#29","Scotch_Game Scotch_Game_Other_variations",""
"clean","3","1612","cea","exact","eDcre","2kr1b1r/2p2ppp/p1R2n2/8/N7/3bB3/PP3PPP/2R3K1 b - - 2 16","d3b5 c6c7 c8b8 e3a7 b8a8 a4b6","1648","75","100","584","long mate mateIn3 middlegame queensideAttack","https://lichess.org/hdDZJ1tU/black#32","Scotch_Game Scotch_Game_Steinitz_Variation",""
"china","3","1611","cha","exact","9s0Lz","7R/8/8/8/8/k1K5/8/r7 b - - 3 59","a3a2 c3c2 a2a3 h8a8 a3b4 a8a1","1763","76","100","577","crushing endgame long master rookEndgame skewer","https://lichess.org/JAloecQw/black#118","",""
"ridge","3","1610","dge","exact","DDQ60","5qk1/4p3/p5N1/1p1b1r1p/3P4/3Q3R/PP3bP1/7K b - - 5 28","f8f7 d3f5 f7f5 g6e7 g8f7 e7f5","1598","75","100","665","advantage attraction exposedKing fork long middlegame sacrifice","https://lichess.org/YjXadx3d/black#56","",""
"gnome","2","1608","ge","exact","6B8wj","6k1/4R3/7p/3pN3/2pP1p2/2P2Pn1/1q1Q2P1/1r2B1K1 w - - 5 52","d2f4 g3e2 g1h2 e2f4","1606","75","100","1546","crushing fork middlegame pin short","https://lichess.org/QMa8sUJ9#103","",""
"snuck","1","1607","c","exact","xFyyX","3N4/8/1k6/1p6/1K6/PP6/8/2n5 w - - 23 71","d8e6 c1a2","1583","109","100","22","endgame","https://lichess.org/jKh98vyh#141","",""
"icing","2","1606","cg","exact","MgTSa","5Rr1/pkp4p/3p4/4p3/2P1PP2/Pp1P4/1Pq4P/K2RQ1r1 w - - 7 31","f8g8 c2d1 e1d1 g1d1","1602","75","100","963","endgame mate mateIn2 short xRayAttack","https://lichess.org/jv0qrzrM#61","",""
"rigor","1","1605","g","exact","MkyYP","8/8/6p1/4p1p1/5p2/2n1KPPP/2k2N2/8 w - - 0 58","g3f4 g5f4","1608","76","100","622","endgame knightEndgame master mate mateIn1 oneMove","https://lichess.org/QCXdbpk1#115","",""
"flown","1","1603","f","exact","ubZTP","3r1k2/2q1Pp1p/p4QpP/1p1p4/2pP2R1/2P5/P7/7K b - - 0 36","c7e7 f6h8","1592","75","100","919","endgame mate mateIn1 oneMove","https://lichess.org/hJswkWHq/black#72","",""
"rabid","3","1602","abd","exact","3JAA5","2r3k1/R4p1p/2p1b1p1/8/Pq2P3/8/r4PPP/B1Q2RK1 w - - 3 23","c1h6 a2a1 f1a1 b4d4 h6c1 d4a7","1605","74","100","477","advantage fork long middlegame sacrifice","https://lichess.org/Ng4OjeJH#45","",""
"thank","2","1600","ha","exact","3mewY","2r1r3/pp1n1pk1/1q5N/4P2Q/3P4/1B4P1/PP4K1/R7 b - - 0 28","b6h6 h5f7 g7h8 a1h1 h6h1 g2h1","1597","75","100","340","crushing fork long middlegame pin","https://lichess.org/R6U1FlmS/black#56","",""
"budge","4","1599","bdge","exact","9ObgD","r1b2r1k/pp1q2pp/3n4/2pQ4/2B1p3/1P3pP1/PBP2P1P/4RRK1 b - - 2 20","d7h3 b2g7 h8g7 d5g5 g7h8 g5e5 f8f6 e5f6","1723","74","100","637","attraction fork mate mateIn4 middlegame sacrifice veryLong","https://lichess.org/kgDtHHrx/black#40","",""
"fiber","3","1598","fbe","exact","zyqDH","2r3kb/1p3p1p/1q2b1pP/3p4/3P1Q2/BpNB4/5PP1/4R1K1 b - - 0 30","c8c3 f4b8 c3c8 b8c8 e6c8 e1e8","1607","75","100","380","long mate mateIn3 middlegame sacrifice","https://lichess.org/MI5GK3yi/black#60","",""
"moldy","1","1597","d","exact","pNVpl","2kr4/B1p3p1/2pq3p/1r6/2K2p2/1N1P4/PPP2P2/R6Q w - - 1 30","a1d1 d6b4","1589","76","100","1130","mate mateIn1 middlegame oneMove","https://lichess.org/cDlj8M9u#59","",""
"dowdy","2","1596","dd","exact","m5ZLH","rn1qk1nr/pbpp2pp/1p2p3/4N3/5P2/2PB4/P1P3PP/R1BQK2R b KQkq - 0 9","b7g2 d1h5 g7g6 d3g6","1600","90","100","31","opening","https://lichess.org/jVnsjrsP/black#18","French_Defense French_Defense_La_Bourdonnais_Variation",""
"kneel","2","1595","ee","exact","zunGR","8/5p1p/3p1b1k/5p2/1p6/1q3P2/1P2RNPP/4R2K b - - 5 44","f6b2 e1b1 b3c3 e2b2","1604","76","100","557","advantage endgame short","https://lichess.org/pCpV0B0I/black#88","",""
"track","2","1594","ac","exact","rYPSl","2R5/5p2/1p3N2/p1k1n3/4Bb2/1K6/PP6/2r5 b - - 1 39","c5b5 a2a4 b5a6 c8a8","1593","75","100","538","endgame mate mateIn2 short","https://lichess.org/Hno8ZVqI/black#78","",""
"caddy","4","1593","cadd","exact","Ht9zs","2r2k1r/p2R1P2/1p4pp/8/2n5/7P/P5P1/2B3K1 b - - 0 30","c4e5 c1a3 c8c5 a3c5 b6c5 d7d8 f8f7 d8h8","1614","76","96","6504","advantage endgame exposedKing skewer veryLong","https://lichess.org/nvYRBWIt/black#60","",""
"dumpy","1","1591","d","exact","tWSIR","6k1/p4p1p/1p2p1pP/4R3/4BQ2/P1q5/5PP1/3r1K2 w - - 1 24","f1e2 d1e1","1611","77","100","1045","endgame mate mateIn1 oneMove","https://lichess.org/kcH36PbL#47","",""
"paler","2","1590","ae","exact","Zj2O3","1r2rnk1/7p/2p3p1/q1Pp2P1/3Q4/3B2N1/1P1K3P/4RR2 w - - 2 37","d2d1 a5a1 d1c2 e8e1 f1e1 a1e1","1604","75","100","715","advantage deflection long middlegame","https://lichess.org/BYPs6lUx#73","",""
"rebar","3","1588","eba","exact","Y5LOK","r5k1/6pR/p5P1/3pP3/1p2q3/2P3Q1/P1P2P2/1K6 w - - 0 29","g3h3 e4e1 b1b2 b4c3 h3c3 a8b8","1611","75","100","307","advantage endgame long","https://lichess.org/L938cNf7#57","",""
"scuba","3","1587","cba","exact","OHRhD","8/p1p2p2/2K5/PP4p1/1P4k1/8/8/8 b - - 1 45","g4h3 c6c7 g5g4 b5b6 a7b6 a5b6","1613","77","100","274","crushing endgame long master pawnEndgame","https://lichess.org/IXwCLQJj/black#90","",""
"flyer","2","1585","fe","exact","riro5","r1bq1rk1/ppp2ppp/8/8/2BP2n1/2P2Q2/PP3PPb/RNB1R2K b - - 3 13","d8h4 f3f7 f8f7 e1e8","1598","75","100","681","kingsideAttack mate mateIn2 opening pin sacrifice short","https://lichess.org/jSitBxyI/black#26","Italian_Game Italian_Game_Hungarian_Defense",""
"horny","1","1584","h","exact","qvyj4","r1bq1rk1/pp1n4/2n1p2Q/3p4/3P1P1R/2P5/PP4PP/RNB3K1 b - - 0 17","d7f6 h6g6","1589","76","100","1350","mate mateIn1 middlegame oneMove","https://lichess.org/sAwZCqH6/black#34","Queens_Pawn_Game Queens_Pawn_Game_Other_variations",""
"doing","2","1582","dg","exact","KAXGg","1r3r2/1p3pkp/p4qb1/2pBp3/P2b4/1Q3PB1/1P4PP/3RR2K b - - 4 30","f8d8 d1d4 e5d4 g3e5","1601","75","100","1110","advantage master middlegame pin sacrifice short","https://lichess.org/872jpL5r/black#60","",""
"beset","3","1577","bee","exact","ka3JW","3r4/pRq2pkp/2p1p1p1/2P1PnP1/3P4/PQ5P/5BK1/8 b - - 3 34","c7a5 b3e6 d8f8 e6f6 g7g8 e5e6","1606","76","100","912","crushing endgame long pin","https://lichess.org/IpXYx3Fs/black#68","",""
"queue","2","1576","ee","exact","8xeLN","r4rk1/1pqn1pp1/p1pbb2p/4N3/3PBB2/7P/PPQ2PP1/2R1R1K1 b - - 2 17","f7f6 e4h7 g8h8 e5g6","1595","384","100","1","middlegame","https://lichess.org/rDsJ1rGn/black#34","English_Opening English_Opening_Anglo-Indian_Defense",""
"cliff","3","1575","cff","exact","3SLcU","1k3r2/3R2pp/5r2/2q1p3/1n2p3/1QP4P/PP4P1/R6K w - - 3 27","b3b4 c5b4 c3b4 f6f1 h1h2 f1a1","1598","77","100","262","advantage endgame long","https://lichess.org/KuYoNn4H#53","",""
"magic","3","1574","agc","exact","jIjbT","4r3/p1Q3k1/2N1rp2/3p1qpp/2pP4/2P1P2P/5PP1/R5K1 b - - 3 30","g7g6 a1a7 f5b1 g1h2 e6e7 c6e7 e8e7 c7e7","1586","75","100","184","crushing endgame veryLong","https://lichess.org/gdJngLhZ/black#60","",""
"truce","2","1573","ce","exact","Ri44X","2r3k1/1p2p2q/3pQ3/7p/P1r1P3/P1N2P2/KP6/2R5 b - - 1 31","h7f7 c1g1 g8f8 e6h6","1608","76","100","367","crushing endgame pin short","https://lichess.org/sBOD3cA3/black#62","",""
"fritz","1","1572","f","exact","xJMfI","8/8/1p3p2/1PpPk1p1/2P3P1/2b2K2/5B2/8 b - - 1 46","c3d4 f2g3","1592","91","100","22","endgame","https://lichess.org/BrAxwIGN/black#92","",""
"edict","3","1571","edc","exact","LEyxO","r5k1/p3r1pp/1pN2p2/5q2/2pPp3/PnP3BP/4QPP1/4R1K1 b - - 1 27","e7e8 e2c4 f5e6 d4d5 e6f7 c4b3","1601","75","100","213","advantage fork long middlegame","https://lichess.org/qKktb8AS/black#54","",""
"verse","2","1570","ee","exact","HyPyw","2r1k2r/3b1pp1/1p2P2p/pn2P3/q2PQ2N/N5P1/6K1/R4R2 b k - 0 29","d7c6 e6f7 e8d7 e5e6","1605","77","100","849","advancedPawn advantage attackingF2F7 middlegame short","https://lichess.org/cVaW6ifW/black#58","",""
"llama","2","1569","aa","exact","iSHGO","2kr2r1/pp3p1p/2n2p2/q1P5/2QPP3/5N2/P4PPP/2KR3R w - - 3 16","g2g3 a5a3 c1b1 a3f3","1607","93","100","56","master middlegame","https://lichess.org/fwIKRMml#31","Queens_Gambit_Declined Queens_Gambit_Declined_Exchange_Variation",""
"eaten","3","1568","eae","exact","fVG0i","8/p7/4k2p/3p2p1/1p4P1/P1K1P2P/8/8 w - - 0 33","a3b4 e6e5 c3d3 a7a6 d3e2 e5e4","1535","77","100","220","crushing endgame long pawnEndgame quietMove zugzwang","https://lichess.org/UIeTvnwW#65","",""
"range","3","1567","age","exact","XjBU1","r4rk1/ppp2p1p/n2p2p1/3P4/2P1P1q1/2P5/P2BK2P/R2Q1B1R w - - 0 16","e2d3 a6c5 d3c2 g4e4 c2b2 e4h1","1638","133","100","24","middlegame","https://lichess.org/0qvlCL72#31","Kings_Indian_Defense Kings_Indian_Defense_Samisch_Variation",""
"whisk","1","1566","h","exact","bTBoa","r1b2rk1/pp3ppp/8/2pP4/2BQP1nq/P7/1P3PP1/RNB1RK2 w - c6 0 16","d4d3 h4f2","1588","76","100","1368","mate mateIn1 middlegame oneMove","https://lichess.org/YvYBCaRp#31","Queens_Gambit_Declined Queens_Gambit_Declined_Other_variations",""
"hovel","2","1565","he","exact","vJ9rW","3r1rk1/p5bp/1p3pp1/3p4/P1nP1q1n/2P3N1/4QB1P/1RR3KB b - - 3 28","f8e8 h1d5 g8h8 e2c4","1610","75","100","390","advantage middlegame short","https://lichess.org/gqyGH7sP/black#56","",""
"rehab","4","1564","ehab","exact","fsSwr","2r5/8/p1p1p2k/2Pp1p2/1P4p1/P3P1P1/5PK1/4R3 b - - 1 35","c8h8 e1h1 h6g7 h1h8 g7h8 a3a4 h8g7 b4b5","1863","78","93","260","crushing endgame quietMove rookEndgame veryLong","https://lichess.org/AGSKKF4t/black#70","",""
"macaw","3","1563","aca","exact","2xT63","r3k2r/p3ppb1/2np1n2/3q4/Q1PP4/4B3/PP4PP/1K2R2R b kq - 0 20","d5a5 a4c6 e8d8 c6a8 d8c7 a8f3","1596","75","100","569","advantage fork hangingPiece long middlegame","https://lichess.org/v9pBVucU/black#40","",""
"sigma","2","1562","ga","exact","Fwzvo","Q2k3n/2p3r1/1p1p3p/N2P1r1P/4q3/8/PP6/K5R1 b - - 1 42","d8e7 g1g7 e7f6 a8f8","1588","75","100","273","advantage hangingPiece master middlegame short","https://lichess.org/nz0sbKjd/black#84","",""
"verve","2","1561","ee","exact","sAPin","8/pp2k1pp/3r4/2p5/4nPP1/2P5/P4R1P/3R3K w - - 5 29","d1d6 e4f2 h1g2 e7d6","1605","92","100","95","endgame equality hangingPiece intermezzo short","https://lichess.org/rNogYczv#57","",""
"sushi","1","1560","h","exact","XWolu","6rk/p1p5/2p4p/3pq3/7Q/2PP3P/P4nP1/5RK1 b - - 6 26","e5g3 h4h6","1614","75","100","623","endgame mate mateIn1 oneMove","https://lichess.org/TOQmg2jC/black#52","",""
"dying","2","1559","dg","exact","bkjTU","5rk1/5p2/p3pn1p/qp1p2p1/P1rP1P1B/2PQ2RP/2P3P1/R5K1 b - - 0 21","c4c3 d3c3 a5c3 g3c3","1601","76","100","665","advantage middlegame pin short","https://lichess.org/VjSfyr2d/black#42","",""
"fetid","3","1558","fed","exact","yFNhh","rn1qk2r/ppp3pp/5n2/3p1bB1/4P3/5NP1/PPP2bBP/RN1QK2R w KQkq - 0 9","e1f2 f6e4 f2g1 e4g5 f3g5 d8g5","1602","106","100","77","equality long opening","https://lichess.org/ynTMo0Te#17","",""
"brain","2","1557","ba","exact","sZq4o","2k3r1/1pp2bP1/rb5Q/np1q2B1/2p5/2Pp1N2/P2N1PPP/R3R1K1 w - - 2 21","d2e4 b6f2 g1f2 a6h6","1597","77","100","792","advantage discoveredAttack middlegame short","https://lichess.org/osPPDS65#41","",""
"buddy","3","1556","bdd","exact","LdFUv","3r2k1/5pp1/2pq3p/pp2p3/3rP1P1/1PRB3R/PK1P1P2/5Q2 w - - 0 28","f1e1 b5b4 c3c2 d4d3 h3d3 d6d3","1602","74","100","1193","advantage long middlegame","https://lichess.org/94yIxRfI#55","",""
"thump","1","1555","h","exact","9054G","7r/kpp5/p1n3r1/3N1R2/5Q1p/P5P1/1PP2RKP/3q4 w - - 7 29","f4c7 h4h3","1585","76","100","2255","mate mateIn1 middlegame oneMove","https://lichess.org/kHFGHafP#57","",""
"scion","1","1554","c","exact","CPiK5","6k1/1p6/1B2p1p1/3p1p2/4bbBP/8/PPr5/1K1R2R1 w - - 2 39","g4f3 c2c1","1618","76","100","1291","doubleCheck mate mateIn1 middlegame oneMove","https://lichess.org/lVkC8ikT#77","",""
"candy","3","1553","cad","exact","c1bSX","8/b7/P1p4K/5kP1/8/8/2r5/R3B3 w - - 3 50","g5g6 c2h2 h6g7 a7d4 g7f7 d4a1","1610","75","100","570","crushing endgame fork long","https://lichess.org/mR2IEHMQ#99","",""
"chord","3","1552","chd","exact","e9sSj","8/pb3R2/1p5k/3p3r/2p5/2PB4/PP4P1/6K1 w - - 0 35","f7b7 c4d3 g1f2 h5e5 b7f7 d3d2","1619","75","100","430","advancedPawn crushing endgame hangingPiece long quietMove","https://lichess.org/UwXJRJQZ#69","",""
"basin","2","1551","ba","exact","xauwM","8/2k5/8/2P3P1/pp1PP3/5P2/P2KB2r/8 w - - 0 38","d2d3 b4b3 a2b3 a4a3","1604","75","100","204","crushing endgame short","https://lichess.org/Ix4nluML#75","",""
"march","3","1550","ach","exact","BOIUr","2k3r1/Rpp5/4p2p/1P1nP3/3B4/4P3/2Q3PK/4q3 b - - 2 31","d5e3 a7a8 c8d7 c2h7 g8g7 h7g7","1676","75","100","606","endgame fork long mate mateIn3","https://lichess.org/C96LD9ik/black#62","",""
"crowd","2","1549","cd","exact","ZFAvG","6k1/2Q2pp1/p3p2p/4Pn2/5BqP/6P1/5P1K/8 b - - 4 36","f5h4 c7d8 g8h7 d8h4","1600","109","100","67","endgame equality short","https://lichess.org/LqBMnZQY/black#72","",""
"arbor","2","1548","ab","exact","cVjXw","1r4k1/1q4p1/3P3p/5N2/4p3/2P5/rPK1R1P1/2QR4 w - - 3 43","d6d7 a2b2 c1b2 b7b2","1597","75","100","153","middlegame","https://lichess.org/TIh0EgC0#85","",""
"gayly","2","1547","ga","exact","mMjT6","8/8/5p2/R4Pk1/p7/6BK/1b6/r7 b - - 2 44","b2e5 g3e5 f6e5 a5e5","1586","129","100","55","endgame equality short","https://lichess.org/qMTHilTt/black#88","",""
"dally","2","1545","da","exact","Q0INJ","3Q4/5p2/4pk2/7q/7P/4K3/8/8 b - - 13 62","f6e5 d8a5 e5d6 a5h5","1605","75","100","399","crushing endgame queenEndgame short skewer","https://lichess.org/xZelxJpy/black#124","",""
"bless","2","1544","be","exact","m1to0","rn4k1/pQ3ppp/2p4q/3p1b2/3P4/8/PPP1RP2/3K4 b - - 2 20","f5g4 b7c8 g4c8 e2e8","1591","75","100","1338","backRankMate endgame mate mateIn2 sacrifice short","https://lichess.org/AHEU5z8p/black#40","",""
"bravo","2","1543","ba","exact","VYkkZ","rn2r1k1/p4pb1/1npBb1p1/q5Np/1p1P4/2N2P2/PPPQ2PP/1K2RB1R w - - 0 16","g5e6 b4c3 d2c3 a5c3","1605","74","100","253","advantage opening short","https://lichess.org/ZanSTIKC#31","Pirc_Defense Pirc_Defense_Other_variations",""
"stung","1","1542","g","exact","Q2uQL","r6k/pp4qp/2p1Q3/5nr1/4RP2/P1N1P2K/1PB5/R7 w - - 2 31","e6e5 g5h5","1608","78","100","592","mate mateIn1 middlegame oneMove","https://lichess.org/JTDF0H2C#61","",""
"blond","2","1539","bd","exact","5R8w9","8/5rk1/p2p1p2/1b1P1Qp1/3qP2p/1P5P/5RPK/4R3 w - - 10 45","f2f3 b5d7 f3d3 d4d3","1600","75","100","521","advantage endgame short","https://lichess.org/OqmHJHK5#89","",""
"layer","2","1537","ae","exact","83cZm","r4rk1/5p1p/6p1/p2qp3/R2b4/4B1N1/1Pn1QPPP/3R2K1 b - - 1 29","d5c6 a4c4 c6c4 e2c4 c2e3 f2e3","1595","76","100","263","advantage long middlegame","https://lichess.org/2GG8YTYP/black#58","",""
"fluid","2","1536","fd","exact","lEQ6G","6k1/p5p1/1p5p/4R3/3P4/PP1K2Q1/7B/2q2r2 w - - 4 40","g3e3 f1d1 d3e4 d1e1","1599","76","100","380","advantage endgame pin short","https://lichess.org/jsFCyTBl#79","",""
"score","2","1534","ce","exact","dGSkb","5k2/p2b2p1/1pn1p1q1/3pP1B1/3P2Q1/1NP3PB/P7/6K1 w - - 0 26","g5e7 c6e7 g4g6 e7g6","1608","116","100","55","equality hangingPiece middlegame short","https://lichess.org/TiZ0cJIO#51","",""
"cutie","2","1533","ce","exact","4UoBv","2N5/5P2/2k1K3/1p6/8/b7/8/8 b - - 0 73","c6c7 c8e7 a3e7 e6e7","1609","75","100","1372","crushing endgame quietMove short","https://lichess.org/VcH1U15L/black#146","",""
"zebra","3","1532","eba","exact","BfGdj","5rk1/5pp1/4q2p/p7/1p1Q4/2p1PB2/P4PPP/B1KR4 w - - 6 33","f3e2 e6a2 a1c3 b4c3 d4c3 a2e2","1614","76","100","534","advantage endgame fork long trappedPiece","https://lichess.org/pqtnz7bO#65","",""
"barge","4","1531","bage","exact","BOnGF","4k2r/pr3p2/4p1p1/3pP1bp/q1pP4/B1P1PR2/P5PP/R1Q3K1 w k - 4 23","a1b1 b7b1 c1b1 a4a3 b1b8 g5d8 b8b5 e8f8","1568","75","96","2000","advantage middlegame pin veryLong","https://lichess.org/VyBx576i#45","",""
"matey","2","1530","ae","exact","DwJls","r3nrk1/p4ppp/4q3/1p1NP3/2p2P2/8/PPP3PP/R2QR1K1 w - - 0 17","a2a4 a8d8 f4f5 e6d5 d1d5 d8d5","1595","75","100","206","advantage long middlegame","https://lichess.org/LIRooHqL#33","Sicilian_Defense Sicilian_Defense_French_Variation",""
"bluer","2","1529","be","exact","8biWp","8/1r2k3/4p2p/1Np2pp1/2P1nPP1/1P1R1K1P/8/8 w - - 0 39","b5c3 b7b3 c3d5 e6d5","1587","90","100","144","crushing endgame pin short","https://lichess.org/ZVXfURrx#77","",""
"aider","3","1528","ade","exact","YPYhJ","r7/7p/Pk2P1p1/2pP2b1/2P3P1/R6P/8/6K1 b - - 0 49","a8a6 a3a6 b6a6 d5d6 a6b6 e6e7","1631","74","100","1447","advancedPawn crushing endgame long","https://lichess.org/lXUYncZu/black#98","",""
"shook","1","1527","h","exact","ohtgo","8/8/p2q4/1p2pkpQ/5p2/P4P1P/6PK/8 b - - 0 47","d6a3 h5f7","1585","75","100","862","endgame mate mateIn1 oneMove queenEndgame","https://lichess.org/8oCOoWQt/black#94","",""
"betel","3","1525","bee","exact","hX4Iw","2r3k1/p1P1Rppp/8/8/4KP2/6PP/Pr6/R7 w - - 1 30","a1d1 b2e2 e4f3 e2e7 d1d8 e7e8","1591","74","100","1292","crushing endgame long rookEndgame skewer","https://lichess.org/bujclCNZ#59","",""
"frisk","1","1524","f","exact","y9oxq","r3kbnr/pp3ppp/2p3b1/3p1P2/2n1P1P1/1QP4P/PP3q2/RNBK1BNR w kq - 3 12","b3c2 f2f1","1592","77","100","1549","hangingPiece mate mateIn1 middlegame oneMove","https://lichess.org/5Ww9EU9L#23","Caro-Kann_Defense Caro-Kann_Defense_Maroczy_Variation",""
"bongo","2","1523","bg","exact","7H63e","1R6/6kp/p7/P4p2/3Kp3/rBP3bP/8/8 b - - 1 47","a3a5 b8g8 g7f6 g8g3","1602","98","100","82","endgame equality short skewer","https://lichess.org/uN1dB3dg/black#94","",""
"begun","3","1522","beg","exact","gt8DE","5Nk1/1pp2pp1/7p/p3pQ1P/4n3/6R1/6PK/1q6 w - - 0 32","f8d7 b1h1 h2h1 e4g3 h1g1 g3f5","1603","75","100","715","attraction crushing endgame fork long sacrifice","https://lichess.org/vYP4wNuy#63","",""
"azure","2","1521","ae","exact","rV9Ml","r2q1rk1/6n1/2n1ppQ1/p3P3/1PpP4/5N2/5PPP/R4RK1 b - - 0 21","a5b4 a1a8 d8a8 e5f6 f8f6 g6f6","1595","74","100","578","advantage long middlegame","https://lichess.org/3w8CWBvK/black#42","",""
"weave","3","1520","eae","exact","etSwf","4r1k1/2R2pp1/q1P4p/p2b4/Pp3Q1P/1P4P1/3R4/6K1 w - - 1 40","d2d5 e8e1 g1g2 a6e2 f4f2 e2e4 g2h3 e1h1","1544","76","100","995","crushing endgame exposedKing fork veryLong","https://lichess.org/jgtRyFCq#79","",""
"genie","3","1519","gee","exact","fdUPS","3q1r2/1p3p2/p1bkp1B1/3pQ3/5P2/1P6/6P1/4R1K1 b - - 2 37","d6d7 g6f7 f8f7 e5e6 d7c7 e6f7","1595","74","100","788","advantage attraction endgame fork long","https://lichess.org/KnWf7PQF/black#74","",""
"sound","1","1518","d","exact","Fh2eU","r4rk1/5pp1/p2npn1p/2N5/1p1P3K/1P3P1P/P1B2P2/3RR3 w - - 4 26","c5e4 d6f5","1586","76","100","998","mate mateIn1 middlegame oneMove","https://lichess.org/ex2fObPd#51","",""
"glove","2","1517","ge","exact","XaitD","3r1r2/4Q1kp/1p4p1/q2p4/2Bp4/5P1P/PPP3P1/1K4B1 b - - 0 30","f8f7 g1d4 g7g8 e7d8","1594","75","100","1526","crushing endgame short","https://lichess.org/9nrH1oQM/black#60","",""
"braid","3","1516","bad","exact","fL4Yh","1k1r3r/1p3p2/pq1bp2p/1B4p1/3p4/1Q1P1PP1/PP1N1P2/2R1R1K1 w - - 0 20","d2c4 b6b5 b3b5 a6b5 c4d6 d8d6","1647","101","100","66","equality long middlegame","https://lichess.org/LX9htGUR#39","",""
"scope","2","1515","ce","exact","9ouC5","2r3k1/1brR1ppp/p7/1p2q3/2p1P3/PPR2P1P/B5P1/2Q3K1 w - - 3 26","c1d2 c7d7 d2d7 e5c3","1609","96","100","25","middlegame","https://lichess.org/xQQC8XQz#51","",""
"assay","2","1513","aa","exact","hYemq","4k2r/1pp1bp1p/5p2/q3p3/3P4/1p2QN2/5PPP/K2R1B1R w k - 1 19","a1b2 a5a2 b2c3 a2c2","1592","75","100","3282","mate mateIn2 middlegame short","https://lichess.org/YLC6mRxN#37","",""
"ocean","3","1512","cea","exact","Nat4V","2R5/8/P7/6p1/4k3/1n1pb3/1P6/3K4 b - - 0 52","g5g4 c8e8 e4f3 e8e3 f3e3 a6a7 b3d2 a7a8q","1617","74","100","1254","advancedPawn crushing endgame promotion sacrifice veryLong","https://lichess.org/OVmNdzwO/black#104","",""
"bloom","1","1511","b","exact","0wsSh","2R5/p7/1p1k3P/4pp2/4b3/3pK3/Pn1B1P2/8 w - - 0 37","f2f3 b2d1","1616","77","100","343","endgame master mate mateIn1 oneMove","https://lichess.org/lELPdZ7B#73","",""
"irate","2","1510","ae","exact","v69lJ","3Q4/1p3kp1/p3p2p/3b4/B2q4/P6P/1P4P1/7K b - - 13 43","d4b2 a4e8 f7g8 e8g6","1637","75","100","246","discoveredAttack endgame mate mateIn2 short","https://lichess.org/4NZeiZMu/black#86","",""
"later","2","1509","ae","exact","22PJ3","2r1k2r/pp3pp1/4p3/3pPnPp/q4P1P/8/PPP2Q2/R1B1K1NR w KQk - 3 17","b2b3 a4e4 e1d1 e4h1","1638","75","100","224","advantage fork middlegame short","https://lichess.org/z5Isgzdc#33","Caro-Kann_Defense Caro-Kann_Defense_Advance_Variation",""
"wreck","2","1507","ec","exact","YdMkw","5rk1/2R3p1/8/p1Bp2q1/1p6/8/PP2RP1P/5K2 b - - 2 33","f8f7 e2e8 g8h7 c7f7","1600","98","100","67","deflection endgame equality short","https://lichess.org/cszWIZiC/black#66","",""
"dwelt","2","1506","de","exact","JMQof","1k1rq1r1/ppp1bppp/5n2/8/8/2N1Q3/PPP1BP1P/R1BR2K1 w - - 5 18","c3b5 d8d1 e2d1 e8b5","1596","101","100","66","equality opening short","https://lichess.org/1XcIhQA3#35","",""
"slate","2","1505","ae","exact","d96oc","r5k1/ppq1bpp1/2p1p1p1/4P3/5B2/2PQ4/PP3PPP/3R2K1 w - - 1 20","d3d7 a8d8 d7d8 e7d8","1562","75","100","1024","advantage endgame short","https://lichess.org/B1jCZz51#39","",""
"smack","2","1504","ac","exact","ZIyhR","Q7/3R1pp1/1rp3b1/1k2q1Pp/2P2p1P/1p6/PP6/K7 b - - 0 41","b5c5 a8a5 b6b5 c4b5","1592","76","100","508","crushing endgame master short","https://lichess.org/7XcqBM6C/black#82","",""
"solid","1","1503","d","exact","Hhg8p","2kr4/ppp2ppp/5p2/8/1b2p3/P1N5/1nP1NPPP/4KB1R w K - 0 15","g2g3 d8d1","1616","76","100","858","mate mateIn1 middlegame oneMove pin","https://lichess.org/OZwGP9BF#29","Blackmar-Diemer_Gambit Blackmar-Diemer_Gambit_von_Popiel_Gambit",""
"amaze","3","1502","aae","exact","qi9Xf","8/8/4k3/p1P5/8/5KP1/8/8 w - - 0 52","g3g4 a5a4 c5c6 a4a3 c6c7 e6d7","1614","75","100","629","crushing endgame long pawnEndgame quietMove","https://lichess.org/GWNGfRF6#103","",""
"hazel","3","1501","hae","exact","7K2sj","4k2r/2p1qpp1/pr1p4/8/1P2b2P/2P4Q/P2K1P2/R5NR b k - 1 19","e4h1 h3c8 e7d8 a1e1 h1e4 e1e4 e8f8 c8d8","1754","76","100","816","deflection mate mateIn4 middlegame pin veryLong","https://lichess.org/BnRJ8HhN/black#38","",""
"globe","3","1500","gbe","exact","OELzb","6k1/pbb1rrpp/4p3/2p2p2/7q/1BP2PN1/PP4QP/5RRK b - - 3 23","f7f6 g3f5 f6f5 b3e6 g8h8 e6f5","1626","75","100","718","advantage attraction deflection kingsideAttack long middlegame pin","https://lichess.org/GlJGVeAs/black#46","",""
"flint","1","1499","f","exact","MpSkz","6k1/5pb1/2pNb1p1/1pP1P1Pp/1P5P/2B1QPK1/8/5q2 w - - 7 49","e3f4 f1g1","1591","75","100","507","endgame mate mateIn1 oneMove","https://lichess.org/ArPGEi6q#97","",""
"civil","1","1497","c","exact","k5mjh","4k2r/Q5pp/p3N3/1p3p2/1q3P2/2n3P1/PKP4P/3RR3 w k - 1 25","b2c1 c3a2","1618","76","100","734","mate mateIn1 middlegame oneMove queensideAttack","https://lichess.org/2USAjYVu#49","",""
"relax","2","1495","ea","exact","43f78","r1b1kr2/1pp2pQp/p1n1p3/3p4/5PP1/2P2K2/PP1N1P1q/R3R3 b q - 1 16","c8d7 e1h1 h2h1 a1h1","1588","75","100","653","advantage middlegame short trappedPiece","https://lichess.org/PQbuxxEl/black#32","Queens_Pawn_Game Queens_Pawn_Game_London_System",""
"cover","2","1494","ce","exact","AhbLg","6k1/p1q3p1/2p1b3/8/P1P2r2/1P2Q1RP/6P1/6K1 b - - 1 34","c7b6 c4c5 b6c7 e3e6","1591","76","100","298","advantage endgame short","https://lichess.org/GB523h7Q/black#68","",""
"alive","2","1493","ae","exact","sfzq4","1r3k1r/Q4pp1/2Bb2n1/3P2qp/8/P1Nb4/1P3PPP/2R1R1K1 b - - 3 20","g6h4 a7b8 d6b8 e1e8","1562","75","100","874","mate mateIn2 middlegame sacrifice short","https://lichess.org/hCDbhERK/black#40","",""
"beech","5","1492","beech","exact","AsoZj","6k1/1b6/5BKp/1p2P2R/3P2P1/2r1p2P/8/8 w - - 0 43","h5h6 b7e4 g6g5 e4h7 g5f4 e3e2 f6h4 c3h3 h6a6 h3h4","2487","89","84","79","advancedPawn advantage discoveredAttack endgame interference quietMove veryLong","https://lichess.org/gPEVzwIz#85","",""
"bliss","1","1490","b","exact","RPK3p","2rk4/NR4N1/4P1n1/2bn4/8/6B1/P5K1/8 b - - 0 36","c5a7 b7d7","1584","75","100","994","mate mateIn1 middlegame oneMove","https://lichess.org/qkxlBT9n/black#72","",""
"vocal","2","1489","ca","exact","j5ubg","r1q2rk1/1QB1bppp/5n2/pB5b/8/5N1P/PP3PP1/2R2RK1 w - - 2 19","b5c6 c8b7 c6b7 a8a7","1591","88","100","109","advantage master middlegame short","https://lichess.org/zTLibgfI#37","",""
"often","2","1488","fe","exact","9sQDX","4r1k1/2p2ppp/8/P2p1b2/3P4/8/2P2PPP/R1B2K2 w - - 0 21","c2c3 f5d3 f1g1 e8e1","1603","376","100","18","endgame","https://lichess.org/dkpEanuo#41","",""
"dolly","1","1487","d","exact","hHNGI","3r3r/pp1n1ppp/2p1kn2/4pN2/1P2P3/2P2P2/P1K1N1PP/R2R4 b - - 2 18","g7g6 d1d6","1616","117","100","11","middlegame","https://lichess.org/hJ86be1G/black#36","Scandinavian_Defense Scandinavian_Defense_Other_variations",""
"eight","3","1486","egh","exact","clj8c","5rk1/3RQpp1/4P2p/1p2P3/1P2q1P1/8/2R3KP/8 w - - 1 48","g2h3 e4f3 h3h4 g7g5 e7g5 h6g5","1599","75","100","96","endgame","https://lichess.org/y9cRbPZ5#95","",""
"since","2","1484","ce","exact","GuHJ3","2R5/8/4p2P/3p2p1/1k4r1/4K3/2p5/8 b - - 1 68","g4c4 c8c4 d5c4 e3d2","1591","77","100","537","crushing endgame rookEndgame short","https://lichess.org/Y8kGFAPz/black#136","",""
"event","2","1483","ee","exact","0Sg1p","8/5Rpk/5Qp1/p7/4q1P1/P4R1P/1P3rK1/2r5 w - - 0 35","g2f2 e4e1 f2g2 e1g1","1594","75","100","1139","endgame mate mateIn2 short","https://lichess.org/0wANYxMO#69","",""
"ensue","2","1482","ee","exact","ZHgmV","1QR1q1k1/7p/p4p2/3p2p1/3Pr1K1/8/PP4PP/8 w - - 2 36","g4f5 e4f4 b8f4 e8c8","1594","77","100","143","crushing deflection endgame short","https://lichess.org/aRigB9hO#71","",""
"shunt","1","1481","h","exact","4nvif","rnb1rk2/p3ppbQ/2pq2pB/8/NppP4/5N2/PPP3P1/1K5R b - - 5 18","d6f6 h7h8","1616","76","100","1188","mate mateIn1 middlegame oneMove pin","https://lichess.org/ZjOVUQsF/black#36","Pirc_Defense Pirc_Defense_Classical_Variation",""
"diver","2","1480","de","exact","REkiG","rnb1k2r/1p4bp/p1pNpq2/8/2P5/BP1Qp3/P2P1P1P/R3KB2 b Q - 4 16","e8f8 d6e4 f8f7 e4f6","1604","80","100","1458","advantage discoveredAttack middlegame short","https://lichess.org/2RQT3qMi/black#32","Reti_Opening Reti_Opening_Anglo-Slav_Variation",""
"sweep","2","1478","ee","exact","cVxx6","4rb1k/5p1p/p1q1nB2/1p6/2p5/6QP/PP3PP1/4R1K1 b - - 0 29","f8g7 e1e6 g7f6 e6c6","1606","75","100","1411","crushing middlegame short","https://lichess.org/dAiRt6y3/black#58","",""
"alley","2","1477","ae","exact","2VZ3z","b3r1k1/2pp1pp1/7p/2bN4/2P2P2/1Q6/1P3KPP/8 w - - 1 27","f2g3 a8d5 c4d5 e8e3 b3e3 c5e3","1606","75","100","528","advantage endgame fork long","https://lichess.org/yN8MzuIU#53","",""
"creed","4","1476","ceed","exact","k44uF","3q1rk1/pr2npbp/1p1p1np1/3P4/P4P2/2N2N2/1P2Q1PP/R1B2RK1 b - - 0 16","e7d5 c3d5 f6d5 e2e4 d8c7 e4d5 c7c5 d5c5","1532","74","100","160","advantage middlegame veryLong","https://lichess.org/5vEWKam5/black#32","Bird_Opening Bird_Opening_Other_variations",""
"anime","2","1475","ae","exact","3C7t4","R1kr3r/1bppq2p/1p2p2n/3P2p1/4Pp2/1Pb2NB1/1PP1QPPP/R5K1 b - - 1 17","b7a8 a1a8 c8b7 e2a6","1639","74","100","422","mate mateIn2 middlegame queensideAttack short","https://lichess.org/RB4Uo33s/black#34","Nimzowitsch_Defense Nimzowitsch_Defense_Franco-Nimzowitsch_Variation",""
"leafy","3","1474","eaf","exact","AYTOA","8/4q1k1/5r2/pp4p1/1P1Q4/K7/8/2NR4 w - - 3 52","d1f1 e7b4 d4b4 a5b4 a3b3 f6f1","1605","76","100","366","crushing endgame long","https://lichess.org/68FhIJnO#103","",""
"bosom","1","1473","b","exact","5ryPW","rn2k2r/pQ2ppbp/3p4/5p2/8/4BN1P/1PPK1PP1/q2R3R b kq - 2 16","a1b2 b7c8","1581","75","100","731","mate mateIn1 middlegame oneMove","https://lichess.org/o7Ih54YV/black#32","Pirc_Defense Pirc_Defense_Other_variations",""
"dunce","3","1472","dce","exact","LxhxE","7r/2Q1kp2/3rq2p/p3p3/4nPp1/8/PPP3PP/2KR3R b - - 1 22","d6d7 d1d7 e6d7 c7e5 d7e6 e5h8","1601","75","100","332","advantage fork long middlegame","https://lichess.org/yBgsa1VJ/black#44","",""
"stare","2","1471","ae","exact","DUag8","r7/p4k2/2p1n2p/4bbp1/2P5/2K4N/PP2NPPP/R1B1R3 w - - 3 23","c3b3 a8b8 b3a3 e5d6","1561","76","100","807","crushing middlegame short","https://lichess.org/q9TW47n2#45","",""
"pudgy","2","1470","dg","exact","17lgf","r2q1rk1/pp3ppp/6b1/b1pNp3/4P3/1P4P1/P2PNPBP/R2Q1RK1 w - - 2 16","d1c2 d8d5 e4d5 g6c2","1598","113","100","88","equality middlegame short","https://lichess.org/YjqZ4rkv#31","",""
"waive","2","1469","ae","exact","Qj8Gc","4r1k1/pQp2ppp/8/8/nP4P1/P6P/K1PR4/4r3 w - - 3 29","a2b3 a4c5 b4c5 e1b1 b3c4 b1b7","1607","74","100","1489","advantage endgame long sacrifice skewer","https://lichess.org/8kAR6KP7#57","",""
"choir","2","1468","ch","exact","wi8vO","6k1/5p1p/2R1p1p1/4b1PP/3p4/1rp5/6K1/8 b - - 0 43","d4d3 c6c8 g8g7 h5h6","1607","76","100","219","endgame mate mateIn2 short","https://lichess.org/9CsTRy5y/black#86","",""
"stood","1","1467","d","exact","84O1g","2rq1rk1/pp2bppp/1n2p3/3pP3/3P4/3QBN2/PPB2PPP/2R3K1 b - - 2 18","b6c4 d3h7","1583","195","100","12","middlegame","https://lichess.org/bfxjFcjX/black#36","Queens_Gambit_Declined Queens_Gambit_Declined_Marshall_Defense",""
"outgo","1","1465","g","exact","SwT5w","3q1k1Q/4bPp1/p3pn2/1p1b4/5B2/8/PPP2P1P/2K3R1 b - - 2 23","f8f7 g1g7","1592","75","100","1076","master masterVsMaster mate mateIn1 middlegame oneMove","https://lichess.org/akko6ZPe/black#46","",""
"delay","3","1464","dea","exact","aBJQn","r7/B3bppp/3pk3/1N1np3/P7/5P2/1PR3PP/6K1 w - - 5 24","b5c7 d5c7 c2c7 e7d8 c7b7 a8a7","1610","75","100","300","advantage endgame long","https://lichess.org/mtSzr5Kc#47","",""
"bilge","3","1463","bge","exact","onBoC","6k1/pR6/8/6N1/3r4/8/PbK5/8 b - - 3 32","b2a3 b7b8 g8g7 g5e6 g7f6 e6d4","1597","75","100","323","crushing endgame exposedKing fork long","https://lichess.org/sguQBD5R/black#64","",""
"ideal","3","1462","dea","exact","JOA96","5R2/8/8/p2b1p2/4k1K1/P7/1P6/8 w - - 0 51","f8f5 d5e6 g4g5 e6f5 b2b4 a5a4","1642","75","100","148","crushing defensiveMove endgame long pin","https://lichess.org/FcwKW0nu#101","",""
"clasp","2","1461","ca","exact","xXXZ4","k7/1R5p/2BN2p1/8/1p5P/p4KP1/b4P2/2r5 w - - 18 54","b7c7 c1c6 c7c6 a2d5","1590","75","100","211","crushing endgame master sacrifice short","https://lichess.org/qZOsLYTy#107","",""
"seize","2","1460","ee","exact","vku36","7r/p2P4/1p6/2p1pk2/2P5/2P1RK2/P7/8 w - - 1 44","e3d3 e5e4 f3e2 e4d3","1606","76","100","776","crushing endgame fork master rookEndgame short","https://lichess.org/fkL6cvRX#87","",""
"hotly","1","1459","h","exact","urDCG","r1b3k1/ppq3pp/2nrp3/5pNQ/2B2P2/8/PPP3PP/R4RK1 b - - 1 17","h7h6 h5e8","1616","77","100","1354","mate mateIn1 middlegame oneMove","https://lichess.org/xtrMmg7O/black#34","Sicilian_Defense Sicilian_Defense_Taimanov_Variation",""
"laugh","3","1458","agh","exact","hyRYH","2r5/R4p1k/4pBb1/4P1Kp/5P2/7P/8/8 b - - 0 36","c8c3 a7a8 c3g3 g5h4 g3h3 h4h3","1571","77","100","1178","crushing endgame long master quietMove","https://lichess.org/gbNb2FO6/black#72","",""
"sieve","2","1457","ee","exact","8HUtp","8/8/5pkp/2p3p1/2b1Q3/5PK1/2P3PP/5q2 b - - 5 35","g6h5 e4e8 c4f7 e8f7","1607","76","100","559","endgame mate mateIn2 short","https://lichess.org/L9iyluUW/black#70","",""
"block","2","1456","bc","exact","8ecNz","2k3r1/pppb2rp/2n1p3/1B1p1p2/3q4/Q4RN1/PPP3PP/1K3R2 b - - 1 21","d4b4 b5c6 b4a3 c6d7","1602","119","100","52","equality middlegame queensideAttack sacrifice short","https://lichess.org/U1uqba4s/black#42","",""
"meant","2","1455","ea","exact","Ezr5k","7r/R3R2p/6pk/2r3N1/2b4P/3n4/5PP1/6K1 b - - 1 34","c5e5 e7h7 h8h7 a7h7","1615","75","100","730","hookMate mate mateIn2 middlegame short","https://lichess.org/47LeDF2N/black#68","",""
"grape","3","1454","gae","exact","fwRrf","8/5kp1/7p/8/6P1/3n1qBP/Q6K/8 b - - 7 47","f7f8 g3d6 f8e8 a2e6 e8d8 e6e7 d8c8 e7c7","1777","75","100","640","endgame mate mateIn4 veryLong","https://lichess.org/GuxmyvmA/black#94","",""
"hardy","3","1452","had","exact","o7ohs","2r3k1/B3p1bR/3p2p1/8/4P1n1/5N2/PrP5/K6R b - - 1 22","c8c2 h7g7 g8g7 a7d4 e7e5 d4b2","1592","76","97","2559","advantage attraction exposedKing fork long middlegame sacrifice","https://lichess.org/oVw36nSK/black#44","",""
"shied","3","1451","hed","exact","f2PTt","8/4b3/8/p1p1kPp1/P1P1N1P1/1P2K2p/8/8 w - - 1 45","e3f3 h3h2 e4g3 e5d4 g3e2 d4d3","1605","76","100","374","advancedPawn crushing endgame long","https://lichess.org/uRc2aopK#89","",""
"drawl","2","1450","da","exact","s7tUn","3R4/2p2p1r/pk5p/Np6/1P3pP1/2P4P/P4n2/2K5 b - - 0 26","f2h3 d8b8 b6a7 a5c6","1605","76","100","2208","endgame mate mateIn2 short","https://lichess.org/HigV0yxW/black#52","",""
"daisy","2","1449","da","exact","NqLRL","r3kbnr/pp2pppp/1qn5/3pP3/3P2b1/5N2/PP1N1PPP/R1BQKB1R b KQkq - 4 8","c6d4 d1a4 d4c6 a4g4","1606","77","100","311","advantage opening short","https://lichess.org/A8bBqL0v/black#16","Caro-Kann_Defense Caro-Kann_Defense_Other_variations",""
"burnt","1","1448","b","exact","qXpQr","8/1p3pk1/p1p5/5PpQ/1q2K3/1B6/P7/8 w - - 0 41","e4e5 b4f4","1620","75","100","1552","endgame master mate mateIn1 oneMove","https://lichess.org/dFH4PS3X#81","",""
"crick","2","1447","cc","exact","5Uece","rnb1k2r/pp3ppp/2p5/3P4/2B5/2q2N2/P1P2PPP/R1BQK2R w KQkq - 0 10","c1d2 c3c4 d1e2 c4e2","1598","122","100","50","equality hangingPiece opening short","https://lichess.org/4X6cTU50#19","",""
"idyll","1","1446","d","exact","jHUmt","r3kbnr/pQpb1ppp/8/8/KP1q4/2N1p3/P4PPP/R1B2BNR w kq - 1 15","f1b5 d4b4","1583","75","100","790","master mate mateIn1 oneMove opening","https://lichess.org/B9kGnfBH#29","Queens_Gambit_Declined Queens_Gambit_Declined_Baltic_Defense",""
"furor","1","1444","f","exact","OFthQ","8/4P1k1/R1N5/2b2p1p/6p1/6P1/P6P/5r1K w - - 2 51","h1g2 f1g1","1609","76","100","507","endgame mate mateIn1 oneMove","https://lichess.org/zc3DWA03#101","",""
"geeky","3","1443","gee","exact","E4hZp","4r2k/pp3r1p/2p4B/5PQ1/2q5/8/PP4KP/4R3 b - - 0 27","e8g8 g5g8 h8g8 e1e8 f7f8 e8f8","1592","75","100","607","attraction endgame long mate mateIn3 sacrifice","https://lichess.org/GfwhQctM/black#54","",""
"cough","3","1442","cgh","exact","XmbhY","6k1/p4rq1/5pp1/3Q3R/4P2P/6R1/PP4PK/2r5 w - - 5 35","h2h3 c1h1 h3g4 g6h5 g4f3 h1f1","1617","76","100","154","crushing discoveredCheck doubleCheck endgame long","https://lichess.org/ZGVWULql#69","",""
"shoal","2","1440","ha","exact","pOQfA","2b3k1/5ppp/2p5/1pP5/3pP3/r5P1/2BK3P/7R b - - 1 24","a3c3 h1a1 g8f8 a1a8 f8e7 a8c8","1603","113","100","75","endgame equality long pin quietMove","https://lichess.org/JRpRsHcr/black#48","",""
"bathe","4","1439","bahe","exact","EYFXG","3R4/7k/5ppp/4pQ2/4P2P/4N1PK/qr6/8 w - - 0 46","f5f6 b2h2 h3g4 a2e2 f6f3 h6h5 g4g5 e2f3","1644","74","89","404","crushing deflection endgame fork veryLong","https://lichess.org/SHen25WS#91","",""
"check","4","1437","chec","exact","iTveX","5rk1/p2qb1pp/1pn5/2p1p3/4N3/2QP2P1/PPP1N1K1/7R b - - 1 21","d7g4 c3c4 g8h8 h1h7 h8h7 e4f6 e7f6 c4g4","1658","75","100","1214","advantage attraction discoveredAttack kingsideAttack middlegame sacrifice veryLong","https://lichess.org/aJgdFlp6/black#42","",""
"brass","2","1435","ba","exact","ksyxx","6rr/P2Qkp2/3p2q1/P2Pp3/4Pb2/6PP/7K/1R2N1R1 b - - 0 37","e7d7 b1b7 d7e8 a7a8q","1595","75","100","1441","advancedPawn mate mateIn2 middlegame promotion short","https://lichess.org/6bf1vuIU/black#74","",""
"furry","1","1433","f","exact","ASp4I","3rr3/pb3Qp1/1p6/2p3P1/4kP2/1PP3K1/4R3/qN6 b - - 2 30","e4d3 f7c4","1590","76","100","1149","mate mateIn1 middlegame oneMove","https://lichess.org/a6dWAvCe/black#60","",""
"elect","3","1431","eec","exact","mIOOl","5rk1/4R1p1/7p/p1B5/1p2Q3/6K1/PPPr4/5q2 b - - 0 33","f8f6 e7e8 f6f8 e8f8 f1f8 c5f8","1599","75","100","965","crushing endgame fork long","https://lichess.org/VvA2KMIv/black#66","",""
"evict","2","1430","ec","exact","vbc9S","8/6pk/1bP4p/p1q1nP2/4Q3/P5PK/8/8 b - - 2 42","c5d4 e4d4 b6d4 c6c7","1600","75","100","1191","advancedPawn advantage endgame short","https://lichess.org/JDB8B0So/black#84","",""
"demur","2","1429","de","exact","ZHRaH","2b2rk1/2Q2pp1/8/1pP1p2p/pB1nP3/4qP2/PP4PP/3R1B1K w - - 3 30","c7e5 d4f3 g2f3 e3f3","1596","75","100","372","advantage kingsideAttack middlegame short","https://lichess.org/INczr6eN#59","",""
"haven","3","1427","hae","exact","wPhh9","1n4k1/2q3pp/1n2pr2/p1P2p1Q/8/b7/B4PPP/2R2RK1 b - - 0 24","a3c5 h5e8 f6f8 a2e6 g8h8 e8f8 c5f8 c1c7","1428","74","100","496","crushing deflection middlegame veryLong","https://lichess.org/QSDbOdtu/black#48","",""
"cavil","2","1426","ca","exact","adBSc","1n6/5pkp/p2p2p1/q1p5/P1P3n1/2r2NP1/2PQ2BP/R4K1R w - - 0 20","a1a3 c3f3 f1e1 a5d2","1611","75","100","1105","crushing discoveredAttack middlegame short","https://lichess.org/CG7deS3A#39","",""
"swear","2","1425","ea","exact","RlFgs","r3r2Q/pp2kpp1/5q2/n5N1/3P2n1/2P3P1/PP3P1P/R1B2RK1 w - - 3 23","f1e1 e7d7 h8e8 a8e8","1585","74","100","477","advantage defensiveMove middlegame short","https://lichess.org/09HUYmxX#45","",""
"crump","1","1424","c","exact","krJQm","r3k2r/5p1p/p1p5/4P1p1/Q2p2b1/2q1P1B1/P3K1PP/R4B1R w kq - 4 22","e2f2 c3e3","1619","159","100","13","master middlegame","https://lichess.org/2PwlTbKR#43","",""
"dough","3","1423","dgh","exact","ea57g","1k1r2r1/pppqb3/3p1pn1/3N1p1Q/3P1R2/1P2P1PP/PBP3K1/R7 w - - 1 20","f4f5 d7f5 h5f5 g6h4 g2h2 h4f5","1603","74","100","1028","advantage attraction long middlegame pin sacrifice","https://lichess.org/vATJMY6a#39","",""
"gavel","3","1422","gae","exact","CEPCY","8/R7/p4pkp/4pq2/1P1p2Q1/P6P/2r2PP1/6K1 b - - 4 38","f5g5 g4e4 g5f5 a7g7 g6g7 e4f5","1670","74","98","4115","crushing deflection endgame fork long","https://lichess.org/F5ajHDoh/black#76","",""
"wagon","2","1421","ag","exact","4cKDb","r5k1/q4p1p/1n1b1Bp1/rPp1p3/2PpP1Q1/R2P4/5P1P/6RK b - - 3 31","b6d7 a3a5 a7a5 g4d7","1589","117","100","66","equality middlegame short","https://lichess.org/qeF0oqFH/black#62","",""
"nudge","3","1419","dge","exact","Ex3TS","4r3/pp1k2Bp/3bp1p1/2p3P1/5r2/4R3/1P5P/1K1R4 b - - 1 29","d7c6 d1d6 c6d6 g7e5 d6d5 e5f4","1602","124","100","60","attraction endgame equality fork long sacrifice","https://lichess.org/g7t1NOjF/black#58","",""
"harem","3","1418","hae","exact","V2AD4","7r/3Q1pk1/4P1p1/8/P4P2/8/r4K2/8 w - - 1 47","f2e3 h8h3 e3e4 a2e2 e4d4 e2d2 d4c4 d2d7 e6d7 h3h8","1434","75","100","380","crushing defensiveMove endgame queenRookEndgame skewer veryLong","https://lichess.org/Shk8BBdB#93","",""
"pitch","2","1417","ch","exact","oR5MR","1r2r1k1/R4B2/8/4q1n1/1b4b1/4p3/1PQ2PP1/5K1R b - - 0 26","g5f7 c2h7 g8f8 h7f7","1592","75","100","593","mate mateIn2 middlegame short","https://lichess.org/cp5nwEuO/black#52","",""
"excel","3","1416","ece","exact","51MPt","6k1/p4p1p/6pP/2p5/2N5/KP3q2/P7/4R3 b - - 1 35","f7f5 e1e8 g8f7 c4e5 f7e8 e5f3","1604","75","100","1073","crushing endgame fork long master","https://lichess.org/TJRrtjCy/black#70","",""
"cabin","3","1415","cab","exact","b1z71","1Bbqk2r/1p2n1bp/r3ppp1/3p4/3P4/1QN1PN2/PP3PPP/R3K2R w KQk - 1 11","b3b5 c8d7 b5b7 a6b6 b8c7 b6b7","1607","75","100","241","advantage defensiveMove long middlegame","https://lichess.org/usmvovVV#21","Slav_Defense Slav_Defense_Exchange_Variation",""
"queen","2","1414","ee","exact","DdN0M","6k1/4q2p/p2p2pb/1p1Pp3/4Q3/7P/PP2R1PK/2r1B3 b - - 6 25","h6f4 e4f4 e5f4 e2e7","1593","74","100","355","advantage discoveredAttack endgame short","https://lichess.org/PiXwyb5R/black#50","",""
"earth","3","1413","eah","exact","OKiYC","8/7p/2Q2pk1/6p1/P7/5RP1/5PKP/q3r3 w - - 1 36","a4a5 e1g1 g2h3 a1f1 h3g4 h7h5","1600","75","100","161","endgame long mate mateIn3","https://lichess.org/qm5qLWab#71","",""
"enter","2","1411","ee","exact","QwmD7","2r1r1k1/4Qb2/5Pp1/3p1p1p/q1pB1P2/P1P5/1P2R1PP/4R2K w - - 7 32","e7b4 e8e2 b4a4 e2e1","1593","112","100","65","equality kingsideAttack middlegame short","https://lichess.org/qgtGwbEF#63","",""
"child","3","1410","chd","exact","UqLqO","8/pRp2k2/5Ppp/6P1/P4P2/3r2KP/2r5/1RB5 w - - 1 36","g3g4 c2g2 g4h4 h6g5 f4g5 d3d4 c1f4 d4f4","1579","74","100","510","endgame mate mateIn4 veryLong","https://lichess.org/b6bwTRup#71","",""
"adopt","2","1409","ad","exact","kaQS8","5k2/1p3pp1/8/p1PP1pp1/qnBQ4/3p1P1P/1P4P1/6K1 w - - 0 32","c4d3 a4d1 g1h2 d1d3","1586","75","100","158","advantage endgame short","https://lichess.org/2d5QSQHw#63","",""
"fatty","2","1408","fa","exact","uIyYY","r2q1b1r/3bk1pp/p4p2/3pp2Q/1B6/5N2/PP3PPP/R4RK1 b - - 3 17","e7e6 f3d4 e5d4 a1e1","1616","75","100","753","mate mateIn2 middlegame sacrifice short","https://lichess.org/tACifz3P/black#34","Sicilian_Defense Sicilian_Defense_Modern_Variations",""
"husky","1","1407","h","exact","za6TP","1k1B4/3R4/2Q5/p1p4q/3bP3/8/1P4P1/6K1 w - - 13 48","g1f1 h5d1","1584","108","100","15","endgame","https://lichess.org/DWolpOWm#95","",""
"brave","3","1406","bae","exact","3XYDY","r3k2r/pp5p/2pp3b/2n1pp2/2P5/4P1P1/q2NKPBP/1RQ1R3 b kq - 1 18","e5e4 b1a1 c5b3 a1a2 b3c1 e1c1","1632","75","100","344","advantage long middlegame trappedPiece","https://lichess.org/ncBevTu0/black#36","Trompowsky_Attack Trompowsky_Attack_Other_variations",""
"filet","2","1405","fe","exact","FiCm6","r2q1rk1/bp3pp1/p1np3p/3Np2b/1PP1P3/P4N1P/4BPP1/R2Q1RK1 b - - 2 17","a7d4 f3d4 c6d4 e2h5","1597","163","100","29","middlegame","https://lichess.org/nGnRDUws/black#34","Sicilian_Defense Sicilian_Defense_OKelly_Variation",""
"glint","1","1403","g","exact","xDrZ5","4rb2/5qp1/k1p3p1/p1p1p1B1/4Qn1P/P2r1P2/1PR3P1/1K5R b - - 3 26","f7e6 g5f4","1608","120","100","60","equality middlegame oneMove","https://lichess.org/T9AcRnEK/black#52","",""
"tread","3","1402","ead","exact","9LehY","8/8/p3kp1p/1p1p4/P2PPKP1/7P/8/8 w - - 0 38","e4d5 e6d5 a4b5 a6b5 f4e3 d5c4","1619","74","100","156","endgame","https://lichess.org/FOfqDIak#75","",""
"steal","2","1401","ea","exact","XcvtX","4r3/p7/1pk2p2/5P1p/1PP2P2/3R4/5K1P/8 w - - 5 45","d3e3 e8e3 f2e3 a7a5","1615","75","100","530","crushing endgame rookEndgame short","https://lichess.org/RAchUxHJ#89","",""
"regal","3","1400","ega","exact","mkDQt","1b1r2k1/1r6/q4pQp/pp1p4/B2P4/PP4P1/5P1P/4R1K1 b - - 1 32","b7g7 e1e8 d8e8 g6e8 g8h7 a4b5","1643","81","100","47","middlegame","https://lichess.org/8zPJGmXn/black#64","",""
"guest","2","1399","ge","exact","pNrMS","r1q1rnk1/1p3pbp/p1pB1np1/4p3/P1P1P1b1/1PN2NP1/2Q2PBP/R2R2K1 w - - 8 16","d6e5 g4f3 g2f3 e8e5","1606","88","100","43","middlegame","https://lichess.org/PnRfcFmw#31","Indian_Defense Indian_Defense_Wade-Tartakower_Defense",""
"every","2","1398","ee","exact","aKK0B","r5k1/5pN1/5n1p/3pq2b/8/rB2BP2/2PRQ3/3R2K1 b - - 0 34","g8g7 e3h6 g7h6 e2e5","1593","75","100","343","crushing discoveredAttack middlegame short","https://lichess.org/KZTnkua7/black#68","",""
"share","3","1397","hae","exact","iBJsA","4R3/3P1ppk/7p/2B5/7n/5N2/5PPP/r5K1 w - - 1 31","e8e1 h4f3 g2f3 a1e1 g1g2 e1d1","1346","75","100","133","advantage endgame long","https://lichess.org/qDUwZPxC#61","",""
"hoist","1","1395","h","exact","qNvy0","r1bq1b1r/pppn3k/8/4N2Q/4P3/2N5/PPP2P1P/R3K3 b Q - 0 15","h7g8 h5f7","1583","76","100","972","master mate mateIn1 middlegame oneMove","https://lichess.org/B05Msd6F/black#30","Philidor_Defense Philidor_Defense_Lion_Variation",""
"buxom","1","1394","b","exact","8P6tZ","4k3/8/5QP1/7p/1q1K4/1P6/8/8 w - - 1 65","d4e3 b4b3","1621","115","100","51","endgame equality oneMove queenEndgame","https://lichess.org/6zcbENFd#129","",""
"dimly","1","1391","d","exact","lSN2k","r4rk1/4pp2/3p1np1/q3P3/1pB3P1/p2Q1P2/PP6/1K1R3R b - - 0 27","a5e5 d3g6","1583","78","100","1055","kingsideAttack mate mateIn1 middlegame oneMove pin","https://lichess.org/iAcVDVqM/black#54","",""
"level","2","1390","ee","exact","hOJfW","3kr3/8/B2P2Rp/1pK3p1/1P3p2/8/P3bP1P/8 w - - 1 43","a6b5 e8e5 c5d4 e5b5","1593","125","100","49","deflection endgame equality short skewer","https://lichess.org/XMZsZf8r#85","",""
"sumac","2","1389","ac","exact","rTybN","6k1/ppB3p1/6Bp/3p4/3P4/r7/P4PKP/8 w - - 2 35","g6c2 a3c3 c2b3 c3c7","1591","75","100","887","advantage endgame fork master short","https://lichess.org/kh5IhKde#69","",""
"donut","1","1388","d","exact","zi69Z","2rr2kb/4pp1p/p2pbnpB/qp1N3P/3NP1P1/1P3P2/1PPQ4/1K1R3R b - - 3 18","a5d2 d5e7","1617","76","100","599","kingsideAttack mate mateIn1 middlegame oneMove","https://lichess.org/bVF0EDBp/black#36","Sicilian_Defense Sicilian_Defense_Najdorf_Variation",""
"arena","3","1387","aea","exact","NWEyk","8/6p1/2P1k2p/4P1p1/p2p2P1/1p1K3P/P4P2/8 w - - 0 39","a2b3 a4a3 c6c7 e6d7 d3d4 a3a2 c7c8q d7c8","1591","75","100","1897","advancedPawn crushing endgame pawnEndgame veryLong","https://lichess.org/G8LKZKLu#77","",""
"sheet","3","1386","hee","exact","qWvW4","3r4/pb3pk1/1pq3pp/2p1Pp2/5P1Q/1P1rP3/PN2R1PP/R5K1 b - - 6 23","d3e3 h4f6 c6f6 e5f6 g7f6 e2e3","1589","75","100","652","advantage fork long middlegame","https://lichess.org/lw8pEuZb/black#46","",""
"scrub","2","1385","cb","exact","1btK4","8/2p5/1p1p3p/3Pk1p1/PpP2pP1/1PbK1P1P/8/2B5 b - - 1 36","c3e1 c1b2 e1c3 b2c3","1600","75","100","352","bishopEndgame crushing endgame short","https://lichess.org/xAjNcLA6/black#72","",""
"fancy","3","1384","fac","exact","VfN1C","3Q4/1pp2pkp/5p2/8/p4q2/P6P/bPrR1PP1/2K1R3 w - - 0 27","c1c2 f4c4 c2d1 a2b3 d2c2 c4c2","1616","82","100","35","endgame","https://lichess.org/8SBRfcHe#53","",""
"pearl","2","1383","ea","exact","3skrr","7Q/pp2kp2/2p1b2p/4p3/2P1P3/2P3PP/q1K1B3/4N2R w - - 0 25","c2d3 e6c4 d3e3 a2e2","1583","75","100","1851","endgame mate mateIn2 short","https://lichess.org/5X2mzJGl#49","",""
"porch","2","1382","ch","exact","X6ZKD","r2q1rk1/1b1nb1pp/5p2/p3p2Q/1p6/P1B5/1PBN1PPP/R4RK1 b - - 1 19","g7g6 c2g6 h7g6 h5g6","1591","116","100","65","equality kingsideAttack middlegame short","https://lichess.org/Ld7RXzfV/black#38","",""
"dingo","2","1381","dg","exact","EF7MC","6k1/4b2p/6p1/2p2r2/2Rp1PQ1/rP1R2BP/6PK/4q3 b - - 0 30","e1f1 d3d1 f1d1 g4d1","1598","75","100","1601","advantage master middlegame short trappedPiece","https://lichess.org/QlFCJAEn/black#60","",""
"sepia","2","1380","ea","exact","x1Po8","r3r1k1/3Q3p/q3p1p1/3p2B1/3P4/b1P4P/5PP1/4RRK1 w - - 2 28","g5h6 e8e7 d7e7 a3e7","1582","76","100","308","advantage middlegame short trappedPiece","https://lichess.org/BpIV6pms#55","",""
"amble","3","1379","abe","exact","FXyjv","4r3/Q1kq4/8/p1p2P2/PpPp4/1P5p/8/4R2K b - - 6 49","c7d6 a7b6 d7c6 b6c6 d6c6 e1e8","1557","76","100","908","attraction crushing endgame hangingPiece long","https://lichess.org/LAPLszZN/black#98","",""
"shady","3","1378","had","exact","sBZyB","1k6/p7/QN1p4/1K2p3/1P2P1p1/3q1P2/7r/5R2 w - - 1 42","b5a5 h2a2 b6a4 a2a4 a5a4 d3a6","1609","76","97","10550","attraction crushing deflection endgame long","https://lichess.org/un97U6zz#83","",""
"bread","4","1377","bead","exact","YNWhM","r3kb1r/pp1bpp1p/1qnp1np1/1B6/Q2NP3/4B3/PPP2PPP/RN3RK1 b kq - 6 9","c6d4 b5d7 f6d7 e3d4 b6c6 a4c6 b7c6 d4h8","1889","78","96","14369","crushing fork intermezzo opening veryLong","https://lichess.org/8ga37uqT/black#18","Sicilian_Defense Sicilian_Defense_Nyezhmetdinov-Rossolimo_Attack",""
"friar","2","1376","fa","exact","YrOPy","2r3kr/p4pp1/1p2p3/3n3p/2qP1P2/B1P2RPP/P5K1/R2Q4 b - - 8 29","d5c3 f3c3 c4c3 a1c1","1617","74","100","615","advantage middlegame sacrifice short","https://lichess.org/3IVcWQ6w/black#58","",""
"reign","2","1375","eg","exact","chU35","6k1/5p2/6p1/4QP1p/7P/6P1/2q2PK1/8 b - - 0 43","c2f5 e5f5 g6f5 g2f3","1600","74","100","493","crushing defensiveMove endgame master masterVsMaster queenEndgame short","https://lichess.org/YqYpPIXv/black#86","",""
"dairy","2","1374","da","exact","iwBcB","1r6/2p3kp/1p4p1/3n2Q1/1n1P4/1P3N2/rKP2PP1/3RR3 w - - 1 25","b2b1 d5c3 b1c1 a2c2","1606","74","100","540","fork mate mateIn2 middlegame short","https://lichess.org/jBP9Hkzw#49","",""
"cross","1","1373","c","exact","pAOAl","3r3r/2q5/2pk1R2/p3p1p1/1pQ5/3P2P1/PP3PP1/6K1 b - - 0 35","d6d7 c4e6","1581","78","100","849","endgame mate mateIn1 oneMove","https://lichess.org/MXwjxoxR/black#70","",""
"brood","2","1372","bd","exact","XAJCN","3r4/Q4p1k/2B1bPpp/1p6/1q4P1/7P/PPP4N/2K1R3 w - - 1 32","e1e6 b4d2 c1b1 d2d1","1599","78","100","990","endgame fork mate mateIn2 short","https://lichess.org/FZCDbe2k#63","",""
"tuber","2","1371","be","exact","iX6wJ","4k2r/1q2bppp/3pp3/1p1n3Q/2pP4/6P1/1PPB1PBP/4R1K1 w k - 2 20","g2d5 b7d5 h5d5 e6d5","1586","119","100","64","equality middlegame short","https://lichess.org/4Cz8p93G#39","",""
"shear","3","1370","hea","exact","VBUVG","r6r/2p1ppk1/p2p2p1/1p6/4P1n1/1BNPq3/PPP2RQ1/R5K1 w - - 0 21","g2g4 h8h1 g1h1 e3f2 g4h3 a8h8","1714","75","100","457","advantage deflection long middlegame pin","https://lichess.org/8YZKxF56#41","",""
"blank","2","1369","ba","exact","53pUD","2r5/R1P5/1k6/p2P4/1p3K2/6PP/P7/8 w - - 3 50","a7a5 b6a5 d5d6 a5b6","1593","75","100","1117","crushing endgame hangingPiece rookEndgame short","https://lichess.org/xoNSU5IW#99","",""
"shank","2","1367","ha","exact","wTJUx","r4r1k/p1q1b1pp/2p1Q1p1/2Pp4/P2Pn3/3NP1P1/4KPP1/R6R b - - 4 24","a8b8 h1h7 h8h7 a1h1 e7h4 h1h4","1604","75","100","319","attraction kingsideAttack long mate mateIn3 middlegame sacrifice","https://lichess.org/FHTlgpVY/black#48","",""
"piggy","2","1366","gg","exact","YlR2C","3q1rk1/pp3pbp/4p1BB/3b4/3P2Q1/2r4R/P4PPP/4R1K1 b - - 0 21","c3h3 g6h7 g8h7 g4g7","1599","75","100","2189","attraction discoveredAttack kingsideAttack mate mateIn2 middlegame pin short","https://lichess.org/9UJUrRHj/black#42","",""
"freak","3","1365","fea","exact","uSzTD","5r2/1p2k3/1r1p1pp1/8/p3P1PQ/P1p2P2/b1P1B3/2K4R w - - 0 35","h4h7 f8f7 h7f7 e7f7 e2c4 a2c4","1588","74","100","523","crushing defensiveMove endgame long","https://lichess.org/6Q8aoYXE#69","",""
"which","3","1364","hch","exact","oHtT2","2R5/1p3kp1/pbp5/3p3Q/7p/7P/PPPq1rB1/7K b - - 5 44","g7g6 h5h7 f7f6 c8f8 f6e5 h7e7","1594","81","100","125","endgame","https://lichess.org/aotUeqkE/black#88","",""
"among","2","1363","ag","exact","lurQF","4rbk1/5p2/PR1p3p/3q4/2p3bP/Q4NK1/2PB1P2/8 b - - 1 32","g4f3 a3f3 d5f3 g3f3","1587","115","100","34","master middlegame","https://lichess.org/Zq3ZBZMh/black#64","",""
"fecal","4","1362","feca","exact","HTEZl","8/pp4pk/5qpp/1P6/P3p3/4P2P/3RQPP1/2r3K1 w - - 0 33","g1h2 f6e5 g2g3 e5a1 d2d1 c1d1 e2d1 a1d1","1623","75","95","11499","crushing endgame veryLong","https://lichess.org/pQZct66i#65","",""
"shell","2","1361","he","exact","ev9Hc","8/4k1q1/p4b2/4pK1Q/1p2N3/1P6/2P5/8 b - - 3 36","g7f7 h5f7 e7f7 e4f6","1611","76","100","1486","crushing endgame short","https://lichess.org/gQIg5eWK/black#72","",""
"would","1","1360","d","exact","3aYz7","r2qR1k1/3b1pnp/p2Q2pB/1p1N4/8/P6P/Bb3PP1/R5K1 b - - 0 23","g7e8 d6f8","1618","75","100","493","mate mateIn1 middlegame oneMove","https://lichess.org/H2xD3Lkd/black#46","",""
"algae","4","1359","agae","exact","hAOZG","8/6R1/4k2p/2p5/R1P3K1/4Pr1P/5r2/8 b - - 3 39","f3e3 a4a6 e6e5 g7e7 e5d4 a6d6 d4c3 e7e3","1448","75","96","36424","crushing deflection endgame exposedKing rookEndgame veryLong","https://lichess.org/05owmVo7/black#78","",""
"large","3","1358","age","exact","KIHP8","3R4/pp3pp1/2p3r1/1kNp2p1/2nP4/3K2B1/PP6/8 b - - 15 40","b7b6 a2a4 b5a5 g3e1 c4d2 e1d2","1561","77","100","2213","endgame long mate mateIn3","https://lichess.org/zg9MZcms/black#80","",""
"rabbi","3","1357","abb","exact","PPNED","6k1/3r1p1p/b1p2p2/np6/p3P3/N1P2P2/PPB3PP/4RK2 w - - 2 23","b2b4 a4b3 a2b3 b5b4 f1f2 b4a3","1609","128","100","47","endgame","https://lichess.org/pHKXuvxK#45","",""
"agony","2","1356","ag","exact","ra2KO","8/8/B6p/5K1P/3k2P1/4p3/8/6n1 b - - 6 51","e3e2 a6e2 g1e2 g4g5","1574","76","100","252","crushing endgame master sacrifice short","https://lichess.org/0k2MbYn5/black#102","",""
"bushy","2","1354","bh","exact","kHWax","2kr1r2/1pp3p1/pq6/7p/3PR3/P2Q4/1PP2P1P/2K3R1 w - - 0 23","g1g7 b6h6 c1b1 h6g7","1598","75","100","739","advantage endgame fork short","https://lichess.org/D8zeP24s#45","",""
"copse","2","1353","ce","exact","l3ALh","r1b1r1k1/ppq2pb1/2p2npp/8/2P1Pp2/1PN2N2/P1QRBPPP/3R2K1 b - - 0 17","f6e4 c3e4 c8f5 e2d3","1609","168","100","37","middlegame","https://lichess.org/RRuQTsuE/black#34","Kings_Indian_Defense Kings_Indian_Defense_Other_variations",""
"knife","2","1352","fe","exact","g9GsQ","6r1/2p2p1k/pp1p1p1p/3b4/8/2P1QNPq/P4P1P/4R1K1 b - - 2 22","g8g5 f3g5 h6g5 e3d3","1597","75","100","1247","crushing endgame short","https://lichess.org/GLW2zunJ/black#44","",""
"pouch","2","1351","ch","exact","la0ze","8/p5b1/4N1k1/2pp4/5Q2/2q4P/P4P2/5K2 w - - 0 30","h3h4 c3h3 f1g1 h3e6","1610","75","100","619","crushing endgame fork master short","https://lichess.org/zgqTxY7G#59","",""
"ascot","2","1350","ac","exact","H2SaX","r1b2rk1/ppp2ppp/5q2/2Pp4/1b6/3B4/PPQ1NPPP/R4RK1 b - - 1 14","g7g6 a2a3 b4c5 c2c5","1610","76","100","293","advantage middlegame short","https://lichess.org/syy1idTJ/black#28","Queens_Gambit_Declined Queens_Gambit_Declined_Harrwitz_Attack",""
"crown","1","1348","c","exact","4XzfC","2br2k1/p5pp/2QRp3/5p2/2B5/2P1P3/Pr3qPP/R6K b - - 1 20","d8d6 c6e8","1580","76","100","1216","master mate mateIn1 middlegame oneMove","https://lichess.org/qn6HQ7Ra/black#40","",""
"urban","2","1347","ba","exact","tMMZe","R7/8/3p4/1P1P4/2P2k2/pr5P/6K1/8 w - - 2 52","g2f2 b3b2 f2f1 a3a2","1593","74","100","1698","advancedPawn crushing endgame rookEndgame short","https://lichess.org/rZ4ghDne#103","",""
"snide","2","1346","de","exact","6ftK0","8/8/p1pk1p2/Pp3P1p/1P2P1pP/3K2P1/8/8 b - - 1 46","d6e5 d3e3 e5d6 e3d4","1595","78","100","79","endgame","https://lichess.org/2JS0HnL4/black#92","",""
"relay","2","1345","ea","exact","7Iq8f","1k1r3r/2p4p/1q1n4/R4p2/8/3P1BK1/7P/4Q3 b - - 1 42","b8c8 e1e6 d8d7 a5a8","1580","75","100","1133","crushing middlegame short","https://lichess.org/fZYW9oHL/black#84","",""
"abide","4","1344","abde","exact","dcw27","8/4k3/n3p1pp/4Kp2/2PP4/7P/1B3PP1/8 w - - 1 45","c4c5 a6b4 d4d5 b4d3 e5d4 d3b2 d5e6 e7e6","1679","74","97","3560","advantage endgame fork quietMove veryLong","https://lichess.org/GdpGt1KN#89","",""
"rajah","3","1342","aah","exact","6bjD4","8/5R2/8/4Kp1p/r7/8/5Pk1/8 w - - 0 48","f7f5 a4a5 e5f6 a5f5 f6f5 h5h4","1586","74","100","1408","crushing defensiveMove endgame long rookEndgame","https://lichess.org/6zcul4WK#95","",""
"dilly","1","1340","d","exact","kOqMl","5rk1/1ppr1ppp/2nq1B2/p1b5/P7/2Pp3P/1PBN1PP1/R2QR1K1 w - - 0 18","c2b3 d6f6","1618","122","100","50","equality hangingPiece middlegame oneMove","https://lichess.org/rWmbX2LV#35","",""
"crash","3","1339","cah","exact","RDByv","8/r7/8/3BPR2/3P4/2k3P1/7r/4K3 w - - 1 51","f5f3 c3d4 d5b3 a7a1 b3d1 h2h1","1549","74","100","158","crushing endgame exposedKing long","https://lichess.org/f8PnhG9e#101","",""
"amass","2","1338","aa","exact","tSuFE","7k/5p1P/4nN2/8/p7/1pp1BP2/P7/3K4 w - - 0 45","a2b3 a4a3 f6e4 a3a2","1592","82","100","138","advancedPawn crushing endgame master short","https://lichess.org/1UCMQTvm#89","",""
"third","2","1337","hd","exact","Xwjhg","r5k1/3p1ppp/1qbNpb2/7Q/Pp6/1B6/1P3PPP/2R3K1 b - - 1 26","b6d4 h5f7 g8h8 d6e8","1593","75","100","125","crushing kingsideAttack middlegame short","https://lichess.org/3HvwpCud/black#52","",""
"trick","1","1336","c","exact","8knfb","2k4r/1bq2pp1/p3p3/7p/P2b2n1/2NP2PP/1PP1BP2/R2Q1RK1 w - - 0 16","e2g4 c7g3","1620","76","100","1601","kingsideAttack mate mateIn1 middlegame oneMove pin","https://lichess.org/lHhJga5p#31","Scandinavian_Defense Scandinavian_Defense_Blackburne-Kloosterboer_Gambit",""
"woody","1","1335","d","exact","40sV8","b2r1k2/p3b1p1/5n1p/8/2Q5/1P6/PB1q2PP/R4RK1 w - - 2 26","b2f6 d2g2","1581","78","100","383","mate mateIn1 middlegame oneMove","https://lichess.org/M8I9iYf2#51","",""
"blurb","2","1334","bb","exact","GuuCx","1k1N1q2/3b2R1/1Q1pp3/8/4P3/1p3r2/1Pr5/3K3R b - - 10 38","b8c8 b6b7 c8d8 b7d7","1599","75","100","682","mate mateIn2 middlegame short","https://lichess.org/ZJnGeQFb/black#76","",""
"grief","3","1333","gef","exact","cES6V","r2q3r/ppp3pk/4bn1p/4Q3/8/P2P4/1PPN3P/2K2RR1 b - - 0 18","d8d5 g1g7 h7g7 e5f6 g7h7 f6e7","1599","76","100","84","middlegame","https://lichess.org/1OseODDL/black#36","Bishops_Opening Bishops_Opening_Boi_Variation",""
"disco","2","1332","dc","exact","ZB481","8/6p1/1p1k1p2/p6p/2B1KP1P/1PP5/P5P1/3b4 w - - 4 41","e4f5 d1c2 c4d3 c2d3","1600","75","100","1166","bishopEndgame endgame mate mateIn2 short","https://lichess.org/ATHYZMyd#81","",""
"where","3","1331","hee","exact","gjsqc","8/7p/p4pp1/1p2p1k1/8/7Q/4BK2/1q6 b - - 0 49","h7h5 h3e3 g5f5 e2d3 b1d3 e3d3","1586","75","100","641","crushing endgame fork long","https://lichess.org/5CKh4EZO/black#98","",""
"sauna","2","1328","aa","exact","5rIPJ","8/5p1p/4bQ2/5p1k/2p1P1P1/3p3P/4q3/R5K1 b - - 0 45","f5g4 a1a5 e6d5 a5d5","1609","75","100","568","endgame mate mateIn2 short","https://lichess.org/a77m7G0U/black#90","",""
"comic","2","1327","cc","exact","EBl4i","2rr2k1/5pp1/1q2pn1p/p1P1N3/Pp2P3/1P1Q3P/5PP1/2RR2K1 b - - 0 25","d8d3 c5b6 d3d1 c1d1","1598","74","100","586","advantage hangingPiece middlegame short","https://lichess.org/lv9iLe6X/black#50","",""
"clued","3","1326","ced","exact","gR18l","6k1/1pr3p1/7p/p4P2/P2p4/3PnN2/1R4PP/6K1 w - - 0 29","f3d4 c7c1 g1f2 e3d1 f2e2 d1b2","1600","109","100","15","endgame","https://lichess.org/Ev5BKDVu#57","",""
"creep","3","1325","cee","exact","OxaE3","1k2r3/1p4pp/p7/2b2p2/8/1QN2qP1/PP3P1P/3R2K1 w - - 5 30","d1f1 c5f2 f1f2 e8e1 f2f1 e1f1","1597","77","100","930","endgame long mate mateIn3 sacrifice","https://lichess.org/IjSETErj#59","",""
"caste","3","1324","cae","exact","ao5vV","2r1kb1r/Q4ppp/4b3/3p4/4q3/7P/P2B1PP1/R1R3K1 b k - 0 24","f8d6 c1c8 e6c8 a1e1 e8g8 e1e4","1677","74","100","388","advantage clearance long middlegame pin","https://lichess.org/3O8lX23a/black#48","",""
"graze","3","1323","gae","exact","GPoBb","r7/3kn1r1/3p3b/PN1Pp2p/1Pp1Pp2/2P2N1q/1B3QPP/R5K1 w - - 3 27","a1a2 g7g2 f2g2 a8g8 g2g8 e7g8","1849","79","100","54","crushing fork long middlegame pin sacrifice","https://lichess.org/ycM4VSq9#53","",""
"snuff","2","1322","ff","exact","7M6Hq","4r3/pp3q1k/7p/6p1/8/2Q4P/Pr3PP1/4R1K1 w - - 2 31","e1e8 f7f2 g1h2 f2g2","1601","76","100","1068","endgame mate mateIn2 short","https://lichess.org/NONSr9br#61","",""
"frock","2","1321","fc","exact","HDdKR","r1k5/ppp1qpp1/3p3r/3P1b1p/2P5/Q1R1pPP1/PP3n1P/4KBR1 b - - 5 22","f5d3 f1d3 f2d3 c3d3","1603","122","100","65","equality middlegame short","https://lichess.org/TyPIgxxZ/black#44","",""
"gonad","3","1320","gad","exact","m8RlM","6k1/3P1pp1/Q3p2p/2p1q3/5n2/P6P/5PPK/8 b - - 0 33","f4e2 g2g3 e5d5 a6c8 g8h7 d7d8q","1558","76","100","458","advancedPawn crushing defensiveMove endgame long promotion","https://lichess.org/yYfjJRJI/black#66","",""
"drunk","1","1319","d","exact","GD92A","8/8/8/2N5/1R2p3/6nk/3r4/6K1 w - - 4 58","c5e4 d2g2","1581","76","100","2163","endgame master mate mateIn1 oneMove","https://lichess.org/JlN2czsc#115","",""
"prong","1","1318","g","exact","f9nJY","r2q3r/ppp1n1pp/2n3k1/6N1/6Q1/4B3/PP3PPP/R4RK1 b - - 0 13","h7h5 g4e6","1609","76","100","1524","mate mateIn1 middlegame oneMove","https://lichess.org/ZN4bLSNY/black#26","Queens_Gambit_Accepted Queens_Gambit_Accepted_Old_Variation",""
"lurid","1","1317","d","exact","v1TBz","1r6/3r4/p3p3/3p1p1k/2P1p1pP/4P1P1/P1KR1P2/3R4 w - - 0 33","c4d5 d7c7","1581","76","100","948","endgame mate mateIn1 oneMove rookEndgame","https://lichess.org/1DEQcGOc#65","",""
"steel","2","1316","ee","exact","mBlmp","8/p5kp/1p2qp2/1P1p2p1/P2Pr3/3Q3P/2N2pK1/2R5 w - - 0 39","g2f2 e6f5 d3f3 e4f4","1593","75","100","659","crushing endgame pin short","https://lichess.org/PSWvj8eU#77","",""
"halve","3","1315","hae","exact","ambGu","r3kr2/ppp4p/4p2p/8/3Q4/1PB1PNbq/P1P1K3/R4R2 w q - 3 26","a1d1 h3g2 e2d3 a8d8 d4d8 e8d8","1565","75","97","2111","advantage long middlegame pin","https://lichess.org/4UZOHr2j#51","",""
"buyer","2","1314","be","exact","rl9j4","3r2k1/pb1r1ppp/1p2q3/8/4P3/BB6/P4PPP/1Q2R1K1 b - - 10 24","b7e4 b3e6 e4b1 e6d7","1614","75","100","794","advantage middlegame short","https://lichess.org/FjVTx677/black#48","",""
"local","2","1309","ca","exact","btcdY","3r2k1/P1Q1bppp/8/2p1p3/2Pp1B2/8/q4PPP/5RK1 b - - 1 27","d8a8 c7b8 a8b8 a7b8q","1611","77","100","1987","advancedPawn advantage endgame master promotion short","https://lichess.org/DnLVsnNe/black#54","",""
"trade","3","1308","ade","exact","QKwyy","r3q1k1/p1p4p/1p2Pr2/3Q1p2/2P5/6P1/PP3PKP/R7 b - - 1 20","f6e6 a1e1 c7c6 d5e6 e8e6 e1e6","1565","75","100","603","advantage endgame intermezzo long pin","https://lichess.org/IAoPs3A8/black#40","",""
"finch","3","1307","fch","exact","05F0r","r2q1rk1/p4p1p/1p2pPp1/3b4/5QPP/2P5/P1K2P2/R7 b - - 0 22","d8d7 f4h6 d7a4 c2d2 a4f4 h6f4","1589","77","100","769","advantage defensiveMove endgame long","https://lichess.org/lAxfRZr1/black#44","",""
"ashen","3","1306","ahe","exact","wRd62","7k/p3r3/bp2PR2/6Pp/4BP2/1P5P/P2r4/2R3K1 w - - 1 42","c1c8 a6c8 f6f8 h8g7 f8c8 e7e6","1566","75","100","712","advantage endgame hangingPiece long","https://lichess.org/0rK6hhw5#83","",""
"modal","2","1305","da","exact","LMTNH","r2qkb1r/p1pb1ppp/8/8/2p5/5N2/PPQ2PPP/1NBK1B1R w kq - 0 15","f1c4 d7a4 b1d2 a4c2","1593","74","100","591","advantage discoveredAttack opening pin short","https://lichess.org/35xCZeFp#29","Scandinavian_Defense Scandinavian_Defense_Modern_Variation",""
"gaunt","2","1304","ga","exact","CSwyC","R5R1/3r1p1k/4pP2/7p/p2r2pP/6P1/5P2/6K1 b - - 0 40","d4d5 g8g7 h7h6 a8h8","1585","75","100","287","endgame mate mateIn2 rookEndgame short","https://lichess.org/wJoE09xk/black#80","",""
"clove","2","1303","ce","exact","ypAx5","2R5/8/8/1p6/1Q2p1pP/3p2P1/2P2P2/2kb2K1 w - - 8 62","b4b1 c1b1 c2d3 e4d3","1611","76","100","308","crushing endgame hangingPiece short","https://lichess.org/HCUeHsP3#123","",""
"enact","3","1302","eac","exact","W0HxK","6k1/5p1p/6p1/3pqp2/1P1R4/6P1/1PQK1P1P/r7 w - - 4 30","c2c3 e5e1 d2c2 a1c1 c2b3 c1c3","1564","75","100","431","crushing endgame exposedKing long skewer","https://lichess.org/A2DPst6O#59","",""
"adorn","2","1301","ad","exact","27ee6","8/4k1pp/Q3n1p1/1p6/3qN3/5P1P/PP4P1/5K2 b - - 2 37","d4b2 a6d6 e7f7 d6d7","1585","75","100","843","crushing endgame short","https://lichess.org/B9AWNwoR/black#74","",""
"speck","2","1299","ec","exact","6aOen","r3q1k1/2p2pbp/1p1p1np1/pb1PB3/4P3/1PQ2B2/P4PPP/R4RK1 b - - 1 18","b5f1 e5f6 g7f6 c3f6","1601","121","100","49","equality middlegame short","https://lichess.org/XVrWcHoF/black#36","",""
"sheik","2","1298","he","exact","m6srQ","8/7k/5R2/7p/5p2/4p1r1/7K/4B3 b - - 1 43","g3f3 h2g2 f3f2 e1f2","1589","74","100","706","crushing endgame master short trappedPiece","https://lichess.org/8ZNESdSZ/black#86","",""
"grunt","1","1297","g","exact","rRI07","1rk3r1/5p2/pbQ2P2/2p2Pp1/4P3/1P2B3/q1P5/2K3R1 b - - 2 26","c8d8 g1d1","1609","75","100","1494","mate mateIn1 middlegame oneMove","https://lichess.org/OrX6I9rm/black#52","",""
"touch","2","1295","ch","exact","JFPTt","2R5/8/8/2p3kP/1p5r/4K3/2P5/8 b - - 6 57","g5h5 c8h8 h5g4 h8h4","1612","78","100","78","crushing endgame rookEndgame short","https://lichess.org/2fW07Z4b/black#114","",""
"mafia","3","1294","afa","exact","5JbkZ","8/8/P1pb1p2/5k1p/2p2p2/3N1K1P/6P1/8 b - - 0 38","c4d3 a6a7 d3d2 f3e2 d6c5 a7a8q","1619","74","100","831","advancedPawn bishopEndgame crushing endgame long promotion","https://lichess.org/ncxLH7Gb/black#76","",""
"emcee","4","1293","ecee","exact","mj1Lm","5k1r/1pq2r2/2p1R3/p1N3b1/P2PQ1P1/2P2P2/1P5p/7K b - - 1 33","c7g3 e6e8 f8g7 c5e6 g7h6 e8h8 f7h7 e4h7","1606","76","100","1920","deflection exposedKing fork mate mateIn4 middlegame veryLong","https://lichess.org/7xeagpLZ/black#66","",""
"array","2","1292","aa","exact","4Dek5","8/5pkp/2n1p3/p1Np1p2/P2P4/2P1nP1P/r5P1/2KR2R1 w - - 3 29","d1d2 a2a1 c1b2 a1g1","1590","388","100","19","endgame","https://lichess.org/wLxuzLt2#57","",""
"south","1","1291","h","exact","sF7cW","r6b/pp5R/2q3pB/7k/8/N1p4P/PP4P1/5RK1 b - - 2 29","h8d4 h6e3","1617","77","100","231","discoveredAttack mate mateIn1 middlegame oneMove","https://lichess.org/ZfhZbNVl/black#58","",""
"vapid","2","1290","ad","exact","8kImo","1k1r3r/1pp2p1p/p7/R5p1/Q2B1p2/1Pq5/P5PP/3R3K b - - 0 22","d8d4 a4d4 c3d4 d1d4","1584","76","100","139","advantage endgame short","https://lichess.org/ayaMZPGp/black#44","",""
"angst","2","1288","ag","exact","j8GxR","r2k3r/2q5/b2R3p/5pp1/Q3p3/2n3BP/P1P2PP1/R5K1 b - - 0 24","c7d6 a4a5 d8d7 g3d6","1627","79","100","73","middlegame","https://lichess.org/b4Qfhyt0/black#48","",""
"tubal","2","1287","ba","exact","yL4Ee","1kr5/p3rp2/Pp1P4/1R2Pp2/Q1p1qPpp/2P5/2P3P1/5BK1 b - - 0 46","e7d7 b5b6 a7b6 a4d7","1593","79","100","51","endgame","https://lichess.org/24yYNtJ7/black#92","",""
"crest","2","1285","ce","exact","Wfgad","3b2k1/5pp1/p1NP3p/5b2/1p6/4B3/1P4rP/K2R4 b - - 3 28","d8f6 c6e7 g8h7 e7f5","1612","75","100","479","advantage endgame fork short","https://lichess.org/SHhql1fA/black#56","",""
"sweat","2","1284","ea","exact","WUQhX","2r2k2/7R/p1n4b/4p3/3pB3/Q1PP2qP/1P3rp1/4R1K1 b - - 4 35","f8e8 e4c6 c8c6 a3e7","1580","75","100","756","mate mateIn2 middlegame short","https://lichess.org/vebnRIzX/black#70","",""
"cyber","3","1283","cbe","exact","XJSCu","8/8/2p1r3/2P2kP1/RP2p3/1rp1K3/5P2/6R1 w - - 2 39","g1g3 c3c2 e3d2 b3g3 f2g3 e4e3 d2c2 e3e2","1601","75","100","619","advancedPawn crushing discoveredAttack endgame exposedKing rookEndgame veryLong","https://lichess.org/SPjL6Stp#77","",""
"adore","3","1282","ade","exact","8ORsL","8/pp6/1k2bp1p/3p4/PP1P1KP1/7r/8/2RB4 b - - 2 38","h3d3 a4a5 b6b5 d1e2 b5b4 e2d3","1553","75","100","467","crushing endgame long pin","https://lichess.org/dNLHfX7w/black#76","",""
"tardy","2","1281","ad","exact","lPKf1","7r/1k2q2r/2n2Rp1/RbpQ2P1/1p1p4/7P/1P1B2P1/6K1 b - - 3 32","b7b6 a5b5 b6b5 d5c6","1583","76","100","2215","attraction crushing middlegame short","https://lichess.org/v0M7EZID/black#64","",""
"notch","2","1279","ch","exact","DUMxD","4k3/pp2n1p1/8/4N3/1Q1B2P1/P5K1/2q5/8 w - - 5 41","g3h4 c2h2 h4g5 h2h6","1613","349","100","59","endgame","https://lichess.org/PQisiiYU#81","",""
"groom","1","1278","g","exact","QTXf9","r1b2rk1/p2n2p1/1pRqppN1/3p3Q/3P1P2/P2nP3/1P1N2PP/5RK1 b - - 2 18","d6c6 g6e7","1610","76","100","1131","mate mateIn1 middlegame oneMove","https://lichess.org/ckN0jrun/black#36","Queens_Pawn_Game Queens_Pawn_Game_Accelerated_London_System",""
"roach","3","1277","ach","exact","0SYSC","R5k1/4bpp1/4p1p1/1r1pB3/2p3q1/8/5P2/2Q2K2 b - - 1 30","g8h7 a8h8 h7h8 c1h6 h8g8 h6g7","1490","106","100","24","endgame","https://lichess.org/5ZCPkssQ/black#60","",""
"hitch","3","1276","hch","exact","Wh6lp","2r4r/pp6/6k1/3B1pp1/2NR4/6B1/q3nPP1/1R1Q3K w - - 9 37","g3h2 h8h2 h1h2 c8h8 d4h4 h8h4","1607","78","100","2016","anastasiaMate attraction long mate mateIn3 middlegame sacrifice","https://lichess.org/q6xlbHlG#73","",""
"young","1","1275","g","exact","idpJm","2r2rk1/ppq2p1p/2bbpnp1/2pp3Q/5PN1/1P1PP2R/PBPN2PP/R5K1 b - - 3 15","f6h5 g4h6","1610","78","100","260","master mate mateIn1 middlegame oneMove","https://lichess.org/9sCVEubH/black#30","Zukertort_Opening Zukertort_Opening_Sicilian_Invitation",""
"align","2","1274","ag","exact","fCgtw","q7/6rk/1PQ1p1pp/8/4p1P1/P1R1Pp1P/5PK1/8 w - - 0 47","g2g3 a8b8 c6c7 g7c7","1630","113","100","48","endgame equality short","https://lichess.org/31WOof5N#93","",""
"ready","3","1273","ead","exact","2PwgQ","3rr1k1/pp3p2/2p3p1/q7/N2b4/7Q/PPP2PP1/2KR3R w - - 2 21","d1d4 e8e1 h1e1 a5e1 d4d1 d8d1","1568","75","100","2352","long mate mateIn3 middlegame queensideAttack","https://lichess.org/vJn7B6Hp#41","",""
"frond","2","1272","fd","exact","n2hXl","8/pr2k1p1/4p3/3p4/5N2/b6P/6P1/4R2K b - - 3 35","b7b6 f4d5 e7d6 d5b6","1601","119","100","57","endgame equality pin short","https://lichess.org/VY3nWdgo/black#70","",""
"puree","2","1270","ee","exact","6oUnJ","8/8/2p4p/p2kPP1P/2N1p1K1/5rP1/8/8 b - - 0 42","d5c4 e5e6 a5a4 e6e7","1592","75","100","657","advancedPawn crushing endgame master rookEndgame short","https://lichess.org/PavagpwV/black#84","",""
"realm","2","1269","ea","exact","Yj1uJ","5Q2/8/1K2q1k1/1P6/8/6p1/P5B1/8 w - - 1 46","b6a7 e6a2 a7b8 a2g2","1620","103","100","98","endgame equality fork short","https://lichess.org/HPMnvkqg#91","",""
"venue","2","1268","ee","exact","DKPS1","r5k1/2R1R1pr/p4n1p/1p3b2/8/4N3/PP3PPP/6K1 b - - 6 24","a8c8 e3f5 c8c7 e7c7","1592","75","100","1311","advantage hangingPiece middlegame short","https://lichess.org/TCmaRz1j/black#48","",""
"offer","3","1266","ffe","exact","7yJwW","4kn2/ppq4p/4pQ2/4Pp2/5N2/1P4P1/P6P/6K1 b - - 4 34","c7d8 f6f8 e8f8 f4e6 f8e7 e6d8","1602","93","100","90","endgame","https://lichess.org/T53GeBL8/black#68","",""
"seven","2","1265","ee","exact","FVevV","8/7p/6p1/4k3/P2R4/pB2pbPP/7K/8 w - - 2 45","d4d3 e3e2 d3e3 e5d4","1608","86","100","66","endgame","https://lichess.org/aTVYNfxw#89","",""
"dryer","2","1264","de","exact","OtTEg","r1r3k1/1p3pp1/3R2np/p3p3/P7/2P1QN1P/1q4P1/4R2K b - - 0 26","b2c3 d6d8 c8d8 e3c3","1595","75","100","995","advantage deflection middlegame short","https://lichess.org/4NFdiSgs/black#52","",""
"diary","2","1263","da","exact","Miw2t","r3kb1r/1b3p1p/p3pB2/8/1pP5/3q4/P2N1PPP/R2Q1RK1 b kq - 0 15","d3g6 d1a4 b7c6 a4c6","1592","74","100","279","mate mateIn2 middlegame short","https://lichess.org/lmaQ5RXK/black#30","Rubinstein_Opening Rubinstein_Opening_Other_variations",""
"dryly","1","1262","d","exact","pULBp","2r2r1k/pp3p1p/8/3B4/3b4/3P3P/PP1KNq2/R2Q3R w - - 1 22","h1f1 d4e3","1580","75","100","329","mate mateIn1 middlegame oneMove","https://lichess.org/bVGzvGLX#43","",""
"drank","2","1261","da","exact","7JXil","3r2k1/4qpp1/QpN1p3/4N2p/P4P2/1P2n2P/3R2PK/2r5 b - - 1 29","e7h4 d2d8 g8h7 a6d3","1609","76","100","361","advantage middlegame short","https://lichess.org/MGd4vJSp/black#58","",""
"acrid","3","1260","acd","exact","grn7g","8/8/R3p3/4k1p1/3r4/2K5/PP6/8 b - - 0 36","g5g4 a6e6 e5e6 c3d4 g4g3 d4e3","1609","75","100","207","crushing defensiveMove deflection endgame long rookEndgame","https://lichess.org/iN5YQnUf/black#72","",""
"heady","4","1259","head","exact","tUC7U","2r2r2/p3qk2/1p2pP2/b3B3/4B3/4P3/PP3K2/R6R b - - 0 31","e7b4 h1h7 f7e8 e4g6 e8d8 a1d1 b4d2 d1d2","1707","75","99","777","advantage middlegame veryLong","https://lichess.org/u3Ur9o0q/black#62","",""
"theta","3","1258","hea","exact","AixWz","3r1rk1/pp3ppp/8/4Q3/8/P1Bqb1PP/1P5K/R4R2 b - - 2 25","d3e2 h2h1 f7f6 e5e6 g8h8 a1e1","1740","74","100","349","advantage long middlegame","https://lichess.org/08TKkccy/black#50","",""
"quoth","1","1256","h","exact","Ogxcr","8/5qk1/1p4r1/p3p2Q/1n1pP2R/3P2P1/2P3K1/8 b - - 0 41","b4c2 h5h8","1582","75","100","1048","endgame mate mateIn1 oneMove","https://lichess.org/JlcpixsC/black#82","",""
"bonus","1","1255","b","exact","BF34W","Q7/p4pk1/4p1p1/2p1P2p/P1P4P/1P4PK/8/1q6 w - - 13 41","a8a7 b1h1","1621","119","100","32","endgame","https://lichess.org/KV9TqqBq#81","",""
"shalt","2","1254","ha","exact","nZrJv","3r1rk1/pQ3ppp/8/q2pP3/b2B2Pb/2P4P/PP1KB3/2R4R w - - 1 21","b7a7 h4g5 d2e1 a5a7","1562","74","100","350","advantage intermezzo middlegame short","https://lichess.org/0dcIwi62#41","",""
"penne","2","1253","ee","exact","Kq3G4","1Q6/6kp/p1p3p1/PpP5/1P1q4/4r1N1/3n2PP/3R2K1 w - - 6 33","b8c7 e3e7 g1h1 e7c7","1608","74","100","235","crushing discoveredAttack endgame master short","https://lichess.org/dVdmreJg#65","",""
"amend","3","1252","aed","exact","8y0SJ","2rr2k1/R3bpp1/2pp3p/1p2pq2/1Q2N3/1P1P3P/1PP2PP1/R5K1 b - - 5 24","d8e8 a7e7 e8e7 e4d6 f5e6 d6c8","1580","105","100","21","middlegame","https://lichess.org/HhNDO77T/black#48","",""
"datum","2","1251","da","exact","G2RRC","1k4r1/ppp2N2/4Qn2/3r3p/3P2p1/2P4P/q1KN1PP1/3R3R w - - 2 21","c2d3 d5d4 c3d4 a2e6","1609","75","100","1631","advantage discoveredAttack middlegame short","https://lichess.org/3U8jWpNa#41","",""
"build","2","1250","bd","exact","RdpPG","3r3k/p4Qpp/1b2Pn2/8/5B2/1N6/Pq3PPP/5RK1 w - - 1 23","e6e7 b2f2 f1f2 d8d1","1598","74","100","621","mate mateIn2 middlegame pin sacrifice short","https://lichess.org/OewIwRoU#45","",""
"shelf","3","1248","hef","exact","GHSUy","r2r1nk1/p4p2/1p1P2pp/2pRb2q/4N2P/1P3PB1/P1Q3PK/2R5 b - - 0 30","e5g3 h2g3 h5d5 e4f6 g8h8 f6d5","1597","75","100","286","crushing fork long middlegame sacrifice","https://lichess.org/neOnoom6/black#60","",""
"lodge","3","1247","dge","exact","LpZVg","2k1r3/ppp3p1/8/1bq1n1Np/7P/1P3P2/P2R2B1/3KR3 b - - 2 31","e8d8 d2d8 c8d8 g5e6 d8c8 e6c5","1596","75","100","806","attraction crushing fork long middlegame","https://lichess.org/crRMpPZv/black#62","",""
"suing","1","1246","g","exact","tbmXQ","4rk2/1p3rp1/p5Qp/2qpPR2/8/2P4P/1P4R1/7K b - - 2 30","c5e7 g6g7","1589","77","100","273","endgame mate mateIn1 oneMove pin","https://lichess.org/2IWtrdmX/black#60","",""
"rearm","2","1245","ea","exact","CmjOJ","6k1/r2b1p2/5bpp/p1p1p3/2P5/1R1P1BP1/4PP1P/5RK1 w - - 0 25","f1a1 e5e4 a1a5 a7a5","1622","75","100","664","advantage endgame short","https://lichess.org/zqHso7ew#49","",""
"coral","2","1244","ca","exact","CtWj2","8/8/4B3/6p1/1kn1p1P1/p7/1PK5/8 w - - 0 56","b2a3 c4a3 c2d2 a3c4","1612","78","100","522","crushing endgame short","https://lichess.org/W0eVFYfz#111","",""
"worth","1","1242","h","exact","oFfNJ","1r4k1/4pp2/3p2p1/2pP4/4P3/P1Q3P1/q4PK1/7R b - - 1 26","a2b2 h1h8","1582","76","100","916","endgame mate mateIn1 oneMove","https://lichess.org/LlB4JRnC/black#52","",""
"infer","2","1240","fe","exact","mXoHv","1k6/p1q2p2/1p2pNp1/1P1pP3/1Pr5/2P1Q3/3K1PP1/8 b - - 4 29","b8b7 f6e8 c7d7 e8d6","1603","119","100","57","endgame equality short","https://lichess.org/I6FWMRJF/black#58","",""
"ovoid","1","1237","d","exact","0EmiZ","3k4/R5p1/4N2p/3B3P/1b6/4r3/5r2/2K5 b - - 1 49","d8e8 d5c6","1577","75","100","1229","endgame master mate mateIn1 oneMove","https://lichess.org/NLT2bh5s/black#98","",""
"glide","3","1236","gde","exact","Ziech","3rk1r1/p4ppp/4p3/1q2P1Q1/1p1N4/5P2/PPP2P1P/3R2K1 b - - 0 22","b5c5 g5d8 e8d8 d4e6 d8e7 e6c5","1601","77","100","757","attraction crushing doubleCheck endgame long sacrifice","https://lichess.org/EvAMC1ij/black#44","",""
"usage","3","1235","age","exact","zMGox","r4rk1/pp4pp/8/q1p1Q3/2P1p1b1/1P2P1P1/P1R2PBP/3R2K1 w - - 1 21","d1d5 a5e1 g2f1 g4h3 d5d1 e1d1 e5d5 d1d5","1607","75","100","275","advantage middlegame pin veryLong","https://lichess.org/DLzW6Reu#41","",""
"randy","2","1233","ad","exact","YVyT4","r3r3/1q4kp/2bQ2p1/ppPp1p2/8/PBP2P2/6PP/3RR1K1 w - - 2 31","e1e5 a8d8 e5e8 d8d6","1581","75","100","484","advantage middlegame short trappedPiece","https://lichess.org/AyThDsOM#61","",""
"chuck","3","1232","chc","exact","HbnQK","8/8/8/3r1p2/2RP1k1R/6rp/8/7K b - - 5 53","f4f3 c4c3 f3f2 h4f4 f2e2 c3g3","1616","75","100","612","crushing deflection endgame long rookEndgame","https://lichess.org/MkQ5S4rW/black#106","",""
"fishy","2","1230","fh","exact","cnCMi","8/8/1p2k1p1/p6p/P3KP1P/1P6/8/8 b - - 2 46","e6d6 f4f5 g6g5 h4g5","1603","76","100","501","crushing endgame pawnEndgame short","https://lichess.org/ekZCe23d/black#92","",""
"tooth","1","1229","h","exact","vmZQi","7Q/pp1q3r/2p3Rk/4p2p/8/8/P4RP1/6K1 b - - 0 37","h6g6 h8f6","1618","82","100","36","endgame","https://lichess.org/h1wKUwiR/black#74","",""
"ether","3","1228","ehe","exact","Ted1V","7k/4r1p1/7p/4r2q/4PR2/2P1Q1P1/PP5P/5RK1 w - - 3 30","f4f5 e5f5 f1f5 h5f5 e4f5 e7e3","1602","74","100","887","advantage endgame long","https://lichess.org/CMPos6Su#59","",""
"drove","2","1227","de","exact","TKDEX","3r4/5pkp/1R4p1/2p1P1B1/2Pbb2P/6P1/r4P2/4R1K1 w - - 0 39","g5d8 d4f2 g1f1 e4d3","1595","76","100","441","advantage endgame fork master short","https://lichess.org/lVUySrUP#77","",""
"idler","2","1226","de","exact","gkmRH","rn3bkr/p3p1pp/2p5/q3NbB1/p2PP3/2P5/3Q1PPP/R3K2R b KQ - 0 13","f5g6 d2a2 a5d5 e4d5","1595","78","100","77","middlegame","https://lichess.org/pvESVwVd/black#26","Slav_Defense Slav_Defense_Czech_Variation",""
"swath","2","1225","ah","exact","05NtB","8/8/3R4/6k1/8/4P2p/r4P2/5K2 w - - 2 51","d6d8 a2a1 f1e2 h3h2","1607","77","100","862","advancedPawn crushing endgame rookEndgame short","https://lichess.org/rDwE5dIp#101","",""
"while","2","1224","he","exact","EWdby","5k1r/1pr5/p1n1p1R1/3p1p2/3P1Q1q/P2B1P2/2P3P1/6K1 w - - 0 33","f4c7 h4e1 d3f1 e1e3","1612","121","100","18","endgame","https://lichess.org/au3BxxtQ#65","",""
"begat","4","1223","bega","exact","AiTUx","8/pp6/4kp2/2P5/1P2P1Kp/P7/8/8 b - - 1 33","e6e5 b4b5 f6f5 e4f5 h4h3 g4h3 e5f5 a3a4 f5e6 a4a5","2327","76","100","100","crushing defensiveMove endgame pawnEndgame quietMove veryLong","https://lichess.org/hfBpLiUD/black#66","",""
"slang","2","1221","ag","exact","l4ue4","2Q5/5p1k/p2p1Pp1/q6p/8/P2B1P2/1p2r2P/3R2K1 w - - 1 30","c8f8 a5g5 g1f1 g5g2","1633","76","100","459","endgame mate mateIn2 short","https://lichess.org/IarNCCWv#59","",""
"radar","3","1219","ada","exact","zUj97","8/3k1p1p/pp4p1/P2p4/3P1K2/4P1PP/5P2/8 w - - 0 42","a5b6 a6a5 b6b7 d7c7 f4e5 a5a4","1611","74","100","626","crushing defensiveMove endgame long master pawnEndgame quietMove","https://lichess.org/Tg3G9xjB#83","",""
"credo","3","1218","ced","exact","9EWqI","8/8/1p2kp2/5N1R/2r3P1/2p2K2/6PP/8 w - - 8 41","h5h7 c3c2 h7e7 e6d5 f5e3 d5d6","1601","75","100","543","advancedPawn advantage endgame long","https://lichess.org/sYXFgieB#81","",""
"aware","3","1217","aae","exact","Y9BaB","8/2p3k1/8/3P3p/2p1p3/4K1P1/P7/8 b - - 1 38","c4c3 a2a4 g7f6 a4a5 c3c2 e3d2","1620","74","100","711","crushing endgame long pawnEndgame quietMove","https://lichess.org/Gpfiu3lb/black#76","",""
"canon","2","1216","ca","exact","M4s7q","2kr3r/ppp1qp2/4b3/4b1p1/1P2P1p1/P1N3P1/3NBPK1/B1Q2R2 b - - 0 19","e7d6 c3b5 d6d2 a1e5","1588","224","100","13","middlegame","https://lichess.org/Fwrl52kM/black#38","",""
"shift","2","1215","hf","exact","ibXTX","5rk1/6p1/6Np/5r2/8/2Q2pPq/PPP2P1P/R5RK w - - 7 28","g6f8 h3h2 h1h2 f5h5","1600","77","100","2604","attraction endgame mate mateIn2 sacrifice short","https://lichess.org/FBSaqQeB#55","",""
"bylaw","2","1213","ba","exact","M2MvV","8/8/3K2Q1/1q6/3B1p2/5k2/7P/8 w - - 7 61","h2h4 b5a6 d6c7 a6g6","1609","75","100","328","crushing endgame master short skewer","https://lichess.org/HZiTGDws#121","",""
"three","3","1211","hee","exact","AX01A","8/p4k1p/2p2r2/7Q/4P3/8/r7/3K4 b - - 4 39","f7e6 h5e8 e6d6 e4e5 d6d5 e5f6","1616","75","100","330","crushing endgame exposedKing fork long queenRookEndgame","https://lichess.org/sYRot5nm/black#78","",""
"steak","2","1210","ea","exact","WgUVV","r1b2rk1/1p1pbp1p/p1n1p1pn/4N2q/3PP3/1QN4P/PP1BBPP1/2R2RK1 b - - 6 17","c6d4 e2h5 d4b3 a2b3","1623","134","100","9","middlegame","https://lichess.org/7VSoQ27N/black#34","Benoni_Defense Benoni_Defense_Old_Benoni",""
"iliac","2","1209","ac","exact","aeteY","r2k3r/1p1b1p1p/p1n1pqp1/3p3P/B4P2/P1BQ4/1P3P2/2R2KR1 b - - 1 28","d5d4 a4c6 d7c6 c3d4","1610","75","100","135","advantage master middlegame short","https://lichess.org/0f0O33tT/black#56","",""
"shirk","1","1208","h","exact","GAL9Y","r3kn1r/pp5q/2p1p3/4P3/P1pP2QB/N7/1P6/R4RK1 w kq - 1 21","h4f6 h7h2","1580","84","100","85","middlegame","https://lichess.org/4YDr6dw7#41","",""
"blunt","1","1207","b","exact","IhFR7","rn2kb1r/1b1p1pp1/2q1p3/1N2P1Bp/6n1/3B1Q2/PPP2PPP/R3R1K1 b kq - 0 13","c6f3 b5c7","1579","76","100","588","mate mateIn1 middlegame oneMove","https://lichess.org/r0avFkAh/black#26","Sicilian_Defense Sicilian_Defense_Quinteros_Variation",""
"penal","2","1206","ea","exact","nMY8O","6k1/5p2/p4q2/1p2pn2/4Qb2/2P4R/PP3P1P/1K6 b - - 3 32","f6g6 e4a8 g8g7 a8h8","1577","158","100","18","endgame","https://lichess.org/SPD0T7EJ/black#64","",""
"bunny","1","1205","b","exact","3qB1q","2QR1bk1/5p1p/6p1/8/Pq6/8/6PP/6rK w - - 0 34","h1g1 b4e1","1622","155","100","16","endgame","https://lichess.org/rwJZpArI#67","",""
"shape","3","1204","hae","exact","lFbPo","r1bR1bk1/pp3qp1/2p4p/3p4/3P3Q/5P2/PP4P1/R5K1 b - - 0 31","f7f6 h4f6 g7f6 a1e1 g8f7 e1e8","1555","76","97","10588","advantage long master middlegame quietMove","https://lichess.org/yztHDA2u/black#62","",""
"beget","4","1203","bege","exact","jBfKX","1k2r3/pqp1r1p1/R7/1P1pNQ1p/3P2nP/2P3P1/4R1K1/8 w - - 1 34","e5c6 b7c6 e2e7 e8e7 b5c6 g4e3 g2f3 e3f5","1790","75","99","779","advantage fork middlegame sacrifice veryLong","https://lichess.org/nDlMcjpz#67","",""
"wheel","3","1202","hee","exact","nrJHL","4rr1k/ppp3p1/3bQ2p/3N4/2P4q/7P/PP3PP1/R1B2RK1 w - - 1 19","e6g4 h4f2 f1f2 e8e1 f2f1 e1f1","1584","74","100","660","kingsideAttack long mate mateIn3 middlegame sacrifice","https://lichess.org/rawb5B5X#37","",""
"adept","3","1201","ade","exact","c0l8m","8/8/3k1P2/8/p3K3/8/8/8 w - - 1 65","e4f5 a4a3 f6f7 d6e7 f7f8q e7f8","1550","75","100","925","crushing endgame long pawnEndgame","https://lichess.org/uWIWDyZ1#129","",""
"chore","3","1198","che","exact","Hx3dP","2r4k/2P1Q1p1/8/3p2p1/2q5/6PP/4RP1K/8 w - - 3 49","e7g5 c4e2 g5h4 h8g8 h4d8 e2e8","1701","75","100","744","advantage endgame hangingPiece long pin","https://lichess.org/mlyE9kY4#97","",""
"fluke","2","1197","fe","exact","vFWfu","8/5R2/1k3P2/1pp2b1p/pN6/2P5/6PK/8 w - - 0 44","b4a2 f5e6 f7f8 e6a2","1603","116","100","55","endgame equality fork short","https://lichess.org/IRx5qDwN#87","",""
"afoot","2","1196","af","exact","CwAN0","8/1p3p2/5P2/4Pk2/4R3/3RK3/q7/8 w - - 20 55","d3d6 a2a3 e3f2 f5e4","1603","75","100","125","endgame master","https://lichess.org/OE1cG5cL#109","",""
"bloat","2","1195","ba","exact","nSzRz","8/P3k3/4p1p1/1R1pP2p/2n5/1KPr4/8/8 b - - 0 41","d3d2 b5b7 e7f8 a7a8q","1591","74","100","209","advancedPawn endgame master mate mateIn2 promotion short","https://lichess.org/XokiiyKK/black#82","",""
"bully","1","1194","b","exact","PK3MW","k3r3/5p2/pq6/8/8/5PB1/PPR1K1P1/3R4 w - - 7 33","e2d2 b6e3","1624","76","100","1031","dovetailMate endgame mate mateIn1 oneMove","https://lichess.org/ajbIz8oR#65","",""
"dense","3","1193","dee","exact","5wVLy","8/1p2BR1p/1p2B1pk/8/3b4/P2pp3/6PP/4K3 w - - 0 34","h2h4 d4c3 e1f1 e3e2 f1f2 e2e1q","1604","75","100","693","advancedPawn crushing endgame exposedKing long promotion","https://lichess.org/CXYnZtDy#67","",""
"caper","3","1192","cae","exact","s5gvm","1k5r/1pQ1p1b1/3r1p2/3q4/8/6pP/5nP1/2R1R1K1 b - - 1 34","b8a7 c1a1 d6a6 a1a6 a7a6 e1a1 a6b5 a1a5 b5b4 a5d5","1584","75","100","690","attraction crushing middlegame pin skewer veryLong","https://lichess.org/dTDhBt5a/black#68","",""
"sneer","2","1191","ee","exact","N1pfT","5r1k/7q/1n2B1p1/1NB1b3/4b3/PP6/2P3Q1/3R2K1 w - - 2 34","c5d4 e5d4 b5d4 e4g2","1608","74","100","401","crushing master middlegame short","https://lichess.org/GpTvLK5g#67","",""
"boxer","2","1190","be","exact","5BYaG","r3r1k1/1Bp1q1pp/pb1pb1n1/8/1P3p2/P4N2/2PBQ1PP/R3K2R b KQ - 0 17","e6d5 b7d5 g8f8 e2e7","1616","75","100","789","advantage fork hangingPiece middlegame short","https://lichess.org/W2b3Kf8K/black#34","Nimzowitsch_Defense Nimzowitsch_Defense_Kennedy_Variation",""
"jumbo","1","1189","b","exact","q4DXM","r4r2/pQ3b2/4Nb1p/5k2/2P3P1/8/Pq3P1P/3R2K1 b - - 0 33","f5g6 b7e4","1625","75","100","322","mate mateIn1 middlegame oneMove","https://lichess.org/XnS9NH6T/black#66","",""
"lunge","2","1188","ge","exact","Np9Z5","2k5/2p2p1p/2pnb3/4r1pq/2P1PR2/6P1/PP1N1Q1P/R5K1 w - - 0 23","f2f3 g5f4 f3h5 e5h5","1593","75","100","203","advantage middlegame short","https://lichess.org/aNsTLFJn#45","",""
"space","3","1187","ace","exact","ehpCR","8/8/5k2/N1b5/Pp1ppK1P/1P6/8/8 b - - 1 48","d4d3 a5c4 e4e3 c4e3 d3d2 e3d1","1556","76","100","466","advantage defensiveMove endgame long quietMove","https://lichess.org/9eWqCSyB/black#96","",""
"avail","2","1186","aa","exact","8FIi6","1k1r4/4r2p/1pbq4/1B2p3/Q2p4/R7/PP3P1P/K2R4 b - - 7 37","c6b5 a4a8 b8c7 a3a7","1590","75","100","484","mate mateIn2 middlegame short","https://lichess.org/KBiWXweo/black#74","",""
"short","1","1185","h","exact","rlpiu","r2q1k2/5pbQ/3pb1pB/p2Np3/2p1P3/5P2/PPP1K1P1/R7 b - - 1 21","g7h6 h7h8","1580","76","100","1173","mate mateIn1 middlegame oneMove","https://lichess.org/peOfPLE2/black#42","",""
"flirt","1","1183","f","exact","P7PPR","r2qkb1r/pp1n1ppp/5n2/3B4/8/5Q1P/PPP3P1/R1B2RK1 b kq - 0 12","f6d5 f3f7","1610","77","100","612","attackingF2F7 mate mateIn1 middlegame oneMove","https://lichess.org/RgGx3ZEt/black#24","Blackmar-Diemer_Gambit_Accepted Blackmar-Diemer_Gambit_Accepted_Teichmann_Defense",""
"conch","3","1181","cch","exact","uypJg","r1r3k1/5ppp/p1q1p3/1p6/3P2Q1/2n1B2P/P4PP1/2R2RK1 b - - 1 23","c6e4 c1c3 e4g4 c3c8 a8c8 h3g4","1650","74","100","1862","advantage long middlegame","https://lichess.org/pebAtuQ8/black#46","",""
"droop","1","1179","d","exact","7kNi4","5rk1/1p4pp/p2p2q1/8/P5Q1/3p3P/1P1Kr3/R2N3R w - - 4 27","d2c1 d3d2","1577","76","100","3250","advancedPawn mate mateIn1 middlegame oneMove","https://lichess.org/sUG18012#53","",""
"bible","3","1177","bbe","exact","U10r4","8/1p5p/1p2p1p1/4P3/4KP2/pk1P1P2/2N4P/8 w - - 4 37","c2a1 b3b2 d3d4 b2a1 d4d5 e6d5","1602","75","100","1524","crushing defensiveMove endgame knightEndgame long trappedPiece","https://lichess.org/Oafe8c4R#73","",""
"afoul","2","1176","af","exact","IVjTn","7k/6p1/Q4p1p/3p4/P1nP4/1P5P/2r1qPP1/5RK1 b - - 0 30","c4e3 a6e2 c2e2 f2e3","1597","74","100","1878","advantage endgame short","https://lichess.org/LfrdyEcZ/black#60","",""
"steep","2","1174","ee","exact","gktST","2r5/pp2Q1k1/4p1p1/3q1p2/1P6/3p3P/5PP1/4R1K1 b - - 4 36","g7g8 e1e6 d5c6 e6c6","1608","75","100","741","crushing endgame short","https://lichess.org/T1T1ZnlK/black#72","",""
"agile","3","1173","age","exact","Uocgf","r1b2r1k/pp1nNp1P/7R/6n1/8/8/qPP2QP1/2KR1B2 w - - 0 19","d1d7 a2a1 c1d2 g5e4 d2e2 e4f2","1665","75","100","590","crushing fork long middlegame","https://lichess.org/WwewBLNj#37","",""
"dwell","2","1171","de","exact","lWSZK","8/8/8/7p/1k1pp2P/1P6/1K1PPP2/8 w - - 0 44","f2f3 d4d3 e2d3 e4f3","1605","74","100","785","crushing deflection endgame pawnEndgame short","https://lichess.org/tXfeE1y6#87","",""
"beard","4","1169","bead","exact","JVjhv","4k3/5p1r/1R1pp1pp/B7/8/4P1KP/4BnP1/7q b - - 3 29","h1g1 b6b8 e8d7 e2b5 d7e7 a5d8 e7f8 d8f6","1906","74","95","6176","discoveredAttack discoveredCheck endgame mate mateIn4 pillsburysMate veryLong","https://lichess.org/dOKGUMOm/black#58","",""
"motif","1","1167","f","exact","eQcnZ","8/2P2pkp/p3pnp1/4Q3/8/5qPK/8/8 w - - 0 35","c7c8q f3h1","1589","75","100","1504","endgame master mate mateIn1 oneMove","https://lichess.org/njeyMYa3#69","",""
"smash","2","1166","ah","exact","2G8UY","r1bq1b1r/ppp1k1pp/2np3n/6N1/3p1P2/Q7/PPP3PP/RNB1R1K1 b - - 2 12","e7d7 a3h3 h6g4 h3g4","1591","75","100","185","mate mateIn2 opening short","https://lichess.org/CDUn8P94/black#24","Scotch_Game Scotch_Game_Scotch_Gambit",""
"broil","1","1165","b","exact","E0AUe","7Q/pb1pkppp/5b2/2p5/8/5N2/Pq2PPPP/RN2KB1R w KQ - 0 13","h8h7 b2c1","1626","76","100","1156","mate mateIn1 middlegame oneMove","https://lichess.org/dOs2IiOd#25","Blumenfeld_Countergambit Blumenfeld_Countergambit_Other_variations",""
"glare","3","1164","gae","exact","QhDHU","r7/P4p2/4p1kp/4K1p1/6P1/R4P2/8/8 b - - 0 50","f7f5 g4f5 e6f5 a3a6 g6h5 e5f5","1345","77","100","1303","crushing deflection endgame long rookEndgame","https://lichess.org/kyF9o1Km/black#100","",""
"shove","2","1163","he","exact","kzVFV","4Qbk1/1p3p1p/p2B2pq/8/2pN4/P1Pb1P2/1P4PP/6K1 w - - 3 29","d4e6 h6e3 g1h1 e3e1","1588","75","100","853","backRankMate endgame mate mateIn2 short","https://lichess.org/TZToddvK#57","",""
"baggy","4","1162","bagg","exact","CeqOP","1r6/pb5R/1p2R3/1B4k1/1P6/P4pPP/2P2P2/3r2K1 w - - 1 30","b5f1 b7a6 b4b5 a6b5 e6e5 g5g6 e5b5 g6h7","1561","75","97","1562","advantage endgame pin veryLong","https://lichess.org/qmeXbZ9i#59","",""
"along","2","1159","ag","exact","Tic6O","8/8/5pk1/7p/r4K1R/6P1/5P2/8 w - - 6 39","f4f3 a4h4 g3h4 g6f5","1565","76","100","245","crushing defensiveMove endgame rookEndgame short zugzwang","https://lichess.org/UHS5Ev5N#77","",""
"rugby","2","1158","gb","exact","OGpen","6rk/pp2P1p1/7p/5Q2/Pq2n3/1P3NP1/1B3nKP/4R3 w - - 1 31","f5f8 g8f8 e7f8q b4f8","1600","167","100","34","middlegame","https://lichess.org/URo5dGZL#61","",""
"wager","3","1157","age","exact","QEs3e","r1b2rk1/p3q1pp/1p2p3/3pN3/3P2PP/3B4/PP2K1Q1/R7 b - - 0 23","e7h4 a1h1 h4f2 g2f2 f8f2 e2f2","1674","75","100","940","advantage long middlegame","https://lichess.org/4VOLp9cC/black#46","",""
"quack","2","1156","ac","exact","pc96G","8/3k4/p1p5/2K5/PP6/8/8/8 b - - 2 54","d7c7 a4a5 c7d7 c5b6","1590","75","100","876","crushing endgame pawnEndgame quietMove short zugzwang","https://lichess.org/WPgDcan8/black#108","",""
"debit","3","1153","deb","exact","fbIiZ","8/8/6pK/p2N1bP1/7k/8/1P6/8 b - - 3 52","h4g4 d5e3 g4f4 e3f5 f4f5 b2b3","1623","75","100","570","crushing defensiveMove endgame long zugzwang","https://lichess.org/3Qa17I2y/black#104","",""
"mange","3","1152","age","exact","0mYsv","3r2k1/R5bp/6p1/3ppp2/2P5/6B1/1r3PPP/4R1K1 b - - 0 23","d5c4 a7g7 g8g7 g3e5 g7f7 e5b2","1512","74","100","758","advantage attraction endgame fork long","https://lichess.org/iL3ql9YS/black#46","",""
"ninth","1","1150","h","exact","RJZYg","r5k1/pp3r1p/2p3Q1/8/3BP2R/2P5/PP4RK/5q2 b - - 0 39","h7g6 h4h8","1622","75","100","518","endgame mate mateIn1 oneMove","https://lichess.org/4Zwv2ZI4/black#78","",""
"medal","3","1148","eda","exact","S85wS","8/1p5p/p7/4k3/PPP3p1/6K1/7P/8 w - - 2 37","g3g4 e5d4 c4c5 d4c4 b4b5 a6b5","1647","75","100","1865","crushing endgame long pawnEndgame","https://lichess.org/CINLZ6sP#73","",""
"micro","1","1147","c","exact","beXbz","7r/2q1kp2/Bp2pp2/2bb4/P7/4PNr1/3N1P2/R1Q2RK1 w - - 0 22","f2g3 c7g3","1578","76","100","1148","mate mateIn1 middlegame oneMove pin","https://lichess.org/grKvI5qZ#43","",""
"rebel","3","1146","ebe","exact","ZlFAp","2r3k1/5pp1/p1r1p2p/3p1q2/3P4/2P1R2P/P4PP1/1R2Q1K1 b - - 0 28","c6c3 e3c3 c8c3 b1b8 g8h7 e1c3","1606","76","100","494","advantage endgame intermezzo long","https://lichess.org/rajeWHAI/black#56","",""
"flank","2","1145","fa","exact","LJgz1","7r/pp1rkppp/4p3/2q5/Q2n2B1/7P/PP4P1/2R2R1K b - - 1 22","c5b6 f1f7 e7f7 a4d7","1581","77","100","179","attraction crushing deflection middlegame short","https://lichess.org/dGlgZhL3/black#44","",""
"learn","2","1144","ea","exact","RW11N","3r1r1k/Q5bp/8/4Nqp1/3B1p2/2P4P/PP3K2/4R3 b - - 0 30","f5h3 e5g6 h7g6 a7g7","1576","77","100","769","master mate mateIn2 middlegame short","https://lichess.org/8iZHyo1Q/black#60","",""
"nadir","2","1143","ad","exact","z0n06","4rk2/2R2ppp/8/3n4/3NP3/2P1KP2/r3R1PP/8 w - - 1 29","e3f2 a2e2 f2e2 d5c7","1619","75","100","550","advantage endgame short","https://lichess.org/U0FcA2Sq#57","",""
"comfy","2","1141","cf","exact","bOEtN","5k2/pp3Bp1/2n2n1p/4N3/3P1Q2/2q5/Pr4PP/5RK1 w - - 1 24","e5c6 c3c6 f4g3 f8f7","1599","75","100","222","advantage master middlegame short","https://lichess.org/Ge4pMJYo#47","",""
"gruff","3","1139","gff","exact","MoTxf","1r5k/p4R2/1p6/2pBp3/P1Pp3q/3b4/1P4Q1/6K1 b - - 0 29","b8g8 g2g8 h8g8 f7f4 g8g7 f4h4","1601","75","100","342","advantage discoveredAttack endgame exposedKing long sacrifice","https://lichess.org/cBOwt6KZ/black#58","",""
"ester","2","1138","ee","exact","rthlB","7k/8/4P3/3K4/1p2B3/6N1/3brp1P/8 b - - 1 59","e2e3 e6e7 h8g7 e7e8q","1608","75","100","411","advancedPawn crushing endgame master promotion short","https://lichess.org/UrVqgeLk/black#118","",""
"least","2","1137","ea","exact","QWEdv","4r2k/pp3r1p/6p1/q5B1/7P/8/1PP2Q2/2K3R1 w - - 0 35","f2f7 e8e1 g1e1 a5e1","1574","77","100","1522","endgame mate mateIn2 short","https://lichess.org/BOhyKy8B#69","",""
"mogul","1","1136","g","exact","5iOUX","5k2/p2q3P/B5Q1/2pp4/8/2b3P1/6K1/8 b - - 0 49","d7e7 g6g8","1588","215","100","4","endgame","https://lichess.org/mHCgt4V1/black#98","",""
"fetch","4","1135","fech","exact","FU8NL","2r5/5k2/pp6/3p1N2/P2Pnqp1/1P1Q2N1/5PPP/R5K1 w - - 1 32","f5e3 f4f2 g1h1 e4g3 h2g3 c8h8 d3h7 h8h7","1343","77","96","10321","mate mateIn4 middlegame veryLong","https://lichess.org/pkLCRlv1#63","",""
"cause","3","1134","cae","exact","6jhnw","R7/3r1p2/4pPp1/1k1p2P1/p2P4/r1P1R3/7K/8 b - - 7 43","d7c7 c3c4 b5b4 a8b8 b4c4 e3a3","1683","75","100","301","advantage deflection endgame long rookEndgame","https://lichess.org/YQBPtxJy/black#86","",""
"aglow","2","1132","ag","exact","M5cAn","8/8/6B1/7p/3p1B2/7P/r5PK/5k2 w - - 7 51","h2g3 a2g2 g3f3 g2g6","1564","75","100","790","crushing endgame short skewer","https://lichess.org/xWEjZE5H#101","",""
"meaty","2","1131","ea","exact","sqZVj","4B3/1p3p2/pP2k3/P1b1p1p1/2K1P1Pp/2P4P/8/8 b - - 6 49","e6d6 e8f7 c5b6 a5b6","1574","156","100","10","endgame","https://lichess.org/gEOiLxTM/black#98","",""
"gaffe","5","1130","gaffe","exact","nx9FC","r5k1/p2qr1p1/1p2pp2/3pP1K1/N2Q4/1PR4P/P7/2R5 w - - 0 31","e5f6 g7f6 d4f6 a8f8 c3c7 f8f6 c7d7 f6f5 g5g6 e7d7 c1c8 f5f8","2762","90","94","1052","attraction crushing middlegame veryLong","https://lichess.org/KAYjquQ5#61","",""
"shyly","1","1129","h","exact","y2jXi","4Q3/ppR2pbk/3p4/3P1b1p/5B1P/1B4K1/P4PP1/6qr w - - 11 29","e8f7 h1h3","1622","76","100","1570","master mate mateIn1 middlegame oneMove pin","https://lichess.org/KDzgjoqp#57","",""
"racer","3","1128","ace","exact","I4kCB","r4rk1/1p2qpp1/1Qp1b2p/8/8/P3PB2/1P3PPP/3R1RK1 w - - 1 22","d1d4 a8a6 b6b4 c6c5 b4b7 e7b7","1649","76","100","147","advantage fork long middlegame","https://lichess.org/NKKVmQZI#43","",""
"thief","3","1127","hef","exact","WZygI","4rbk1/3n1p2/7p/p2q2P1/4N3/P2p1P1Q/1P3B2/1R4K1 b - - 0 35","h6g5 h3d7 d5d7 e4f6 g8h8 f6d7","1611","80","100","56","middlegame","https://lichess.org/4PKNgKEk/black#70","",""
"rocky","1","1124","c","exact","3zIIu","r3k2r/ppqn1pp1/4p1p1/1Bbp4/N7/1P6/P1P2PPP/R2Q1RK1 w kq - 4 16","a4c5 c7h2","1626","75","100","1392","kingsideAttack mate mateIn1 middlegame oneMove","https://lichess.org/LqN9lfxA#31","Caro-Kann_Defense Caro-Kann_Defense_Advance_Variation",""
"tweet","2","1123","ee","exact","vyJex","2r4k/4R1b1/1p2Q1Np/pP1nP3/3P4/Pq6/6PP/2r2R1K b - - 0 32","h8h7 e7g7 h7g7 e6f7","1592","75","100","648","attraction mate mateIn2 middlegame sacrifice short","https://lichess.org/VOADVm5W/black#64","",""
"grope","2","1120","ge","exact","QAt5u","7k/4b2r/3p2QP/2qPp1R1/1p3r2/p4P2/PPP5/1K4R1 b - - 0 34","e7g5 g6e8 f4f8 e8f8","1592","77","100","465","endgame mate mateIn2 short","https://lichess.org/iyT4S2xa/black#68","",""
"havoc","3","1119","hac","exact","oIc5s","k1r5/Pr3p2/4p3/3pPp2/Q4P1p/2P1q1PK/7P/R1R5 w - - 1 36","a4a6 h4g3 a6b7 a8b7 a7a8q c8a8","1510","131","100","32","endgame","https://lichess.org/dr46xrVg#71","",""
"forty","1","1117","f","exact","aP6A6","6k1/2R5/4p1p1/5n1p/1B2KP1P/P5P1/4r3/8 w - - 4 51","e4f3 f5d4","1612","75","100","789","endgame master mate mateIn1 oneMove","https://lichess.org/2nlI2pM6#101","",""
"deity","2","1116","de","exact","no047","2kr4/ppp1qppp/4r3/8/2P2Q2/2P5/P1n1BPPP/R1B2KNR w - - 1 16","a1b1 d8d1 e2d1 e6e1","1595","75","100","795","mate mateIn2 middlegame sacrifice short","https://lichess.org/8PzGQYe4#31","Scandinavian_Defense Scandinavian_Defense_Icelandic-Palme_Gambit",""
"uncle","2","1115","ce","exact","fARkw","8/2p5/3p3p/1P1P2p1/2K1kp2/6PP/2P2P2/8 w - - 0 38","b5b6 c7b6 c4b5 e4d5","1588","75","100","670","crushing endgame pawnEndgame short","https://lichess.org/gdV7vMIW#75","",""
"swish","1","1114","h","exact","6TCCH","Qbk1r3/1p1r1p1p/5n2/2ppN1pq/8/2P1P3/PP3PPP/R1B2RK1 w - - 4 17","e5d7 h5h2","1577","75","100","1688","kingsideAttack mate mateIn1 middlegame oneMove","https://lichess.org/HCDOLsRI#33","Queens_Pawn_Game Queens_Pawn_Game_Colle_System",""
"giver","2","1113","ge","exact","TjEM2","4k3/6R1/6p1/p1p3Np/Pp1p2nP/6q1/1P2R3/5K2 b - - 4 49","e8f8 g7f7 f8g8 e2e8","1608","74","100","267","endgame mate mateIn2 short","https://lichess.org/qgsvgWPx/black#98","",""
"preen","2","1112","ee","exact","DbiOX","4r2k/6p1/5p1p/8/2QPq3/3R3P/6PK/8 w - - 3 40","c4b5 e4f4 d3g3 e8e3","1609","75","100","309","clearance crushing endgame short","https://lichess.org/Wa0fG2kW#79","",""
"bevel","3","1111","bee","exact","gcOdL","r2q1rk1/2pbnp1p/p3p1p1/1p2Pn2/3PN3/1B5Q/P4PPP/R4RK1 b - - 3 21","e7d5 b3d5 e6d5 e4f6 d8f6 e5f6","1613","74","100","760","advantage kingsideAttack long middlegame","https://lichess.org/hW9no3EV/black#42","",""
"draft","3","1109","daf","exact","UgD5F","r2qk3/p2bbp1p/5n2/3pQ3/3Np3/2N1P3/PPP2PrP/R1B1K2R w KQq - 0 15","c3d5 d8a5 c1d2 a5d5 e5d5 f6d5","1613","78","100","1317","advantage long middlegame","https://lichess.org/slWAjRAf#29","Queens_Pawn_Game Queens_Pawn_Game_Accelerated_London_System",""
"lingo","1","1106","g","exact","86gcC","8/4n1pk/3N3p/4Pp2/R2P4/2r1K1P1/5P2/8 w - - 4 45","e3f4 g7g5","1588","77","100","366","endgame master mate mateIn1 oneMove","https://lichess.org/Jm15gCho#89","",""
"bleak","3","1105","bea","exact","MlueJ","k2r3r/1pq5/pRp3p1/P1Pp3p/3Pp3/4P1P1/4QPP1/1R4K1 b - - 5 28","d8b8 b6a6 b7a6 e2a6 c7a7 a6c6","1649","77","100","344","crushing deflection endgame long queensideAttack sacrifice","https://lichess.org/FJr3iuVO/black#56","",""
"ditty","1","1104","d","exact","w63bF","1B6/1p6/1k2r3/p2R4/P2P4/1KP5/1P4r1/8 b - - 0 53","e6e2 d5d6","1577","77","100","1737","endgame mate mateIn1 oneMove","https://lichess.org/2YMIEm5I/black#106","",""
"curly","1","1103","c","exact","1PRIi","rn4k1/ppp2ppp/8/2b5/2B2B2/3P1QnP/PPP3PK/RN2q3 w - - 1 15","b1d2 c5g1","1573","75","100","74","middlegame","https://lichess.org/zY0BbSrW#29","Kings_Gambit_Accepted Kings_Gambit_Accepted_Schallopp_Defense",""
"cedar","4","1102","ceda","exact","QrOs4","8/8/5B2/2n5/4PKP1/3k1P2/p7/8 w - - 1 49","g4g5 c5e6 f4f5 e6d4 f6d4 d3d4 g5g6 a2a1q","1482","75","98","1368","advancedPawn crushing endgame master promotion veryLong","https://lichess.org/gfHduHJD#97","",""
"dirge","3","1101","dge","exact","bKVEE","8/6p1/pp1k4/3p1PP1/1P3K2/P7/8/8 w - - 4 52","f4e3 d6e5 f5f6 g7f6 g5g6 e5e6","1594","75","100","146","endgame","https://lichess.org/3ETDWmrv#103","",""
"grown","1","1100","g","exact","nNnJn","3Q4/p4ppk/1p6/2p4b/N3q1n1/2B1P1b1/PP3P2/2R2RK1 w - - 0 32","d8g5 g3h2","1612","76","100","914","mate mateIn1 middlegame oneMove","https://lichess.org/Cn85WBbL#63","",""
"horde","3","1099","hde","exact","rzSHX","3bnrk1/R2N3R/2r3p1/1pp5/8/5P2/P4P1P/6K1 b - - 1 35","f8f7 h7f7 g8f7 d7e5 f7e6 e5c6","1596","76","100","289","advantage attraction doubleCheck exposedKing fork long middlegame","https://lichess.org/ZBywGXYo/black#70","",""
"drool","1","1098","d","exact","AvWcf","8/1b2r1p1/p3k1Q1/3pN3/1p6/3P3P/1Pq1N2K/R7 b - - 4 35","e6e5 d3d4","1575","77","100","2539","endgame mate mateIn1 oneMove","https://lichess.org/68fFa6LO/black#70","",""
"shuck","2","1097","hc","exact","CZtkT","8/4k3/2P5/3R4/6K1/6Pp/8/7r w - - 1 50","c6c7 h1c1 c7c8q c1c8","1599","108","100","76","endgame equality rookEndgame short","https://lichess.org/nA8kXMyg#99","",""
"crypt","1","1096","c","exact","lxCsn","6k1/5Bp1/2Q2p2/7p/pb1q4/p7/1r1B1PPP/K3R3 b - - 0 27","g8f7 c6e8","1573","76","100","1388","endgame master mate mateIn1 oneMove","https://lichess.org/yKpYUClY/black#54","",""
"cumin","1","1095","c","exact","BQkS7","8/pQ5p/1p2p1k1/P3p3/2P1P3/2KB2P1/4Rr2/2q5 w - - 3 39","e2c2 c1a3","1629","75","100","824","endgame master mate mateIn1 oneMove","https://lichess.org/LKzQyCAa#77","",""
"gravy","2","1093","ga","exact","SV5oQ","8/8/R6p/1p2b1pk/4Pn2/1P5P/P2q2P1/6RK b - - 2 45","f4h3 g2g4 h5h4 a6h6","1584","76","100","721","deflection endgame mate mateIn2 short","https://lichess.org/MKzAAn8U/black#90","",""
"wider","2","1091","de","exact","FIrm1","8/8/8/8/p1kRK3/P2p3r/8/8 b - - 2 60","c4b3 d4d3 h3d3 e4d3","1594","115","100","62","endgame equality rookEndgame short","https://lichess.org/jpR46eE0/black#120","",""
"breed","4","1090","beed","exact","8XTrj","8/pQ2P2p/3p2pk/4p3/P5Pb/1P1K1BqP/8/8 b - - 13 46","e5e4 b7e4 h4e7 e4e7 g3f3 e7e3 f3e3 d3e3","1662","77","100","101","endgame","https://lichess.org/hgIE1ZNJ/black#92","",""
"chafe","5","1088","chafe","exact","yv55T","2r3k1/4Q1pp/4pp2/8/2b1P3/2P2PPK/r6P/1R6 w - - 0 33","b1b7 c4f1 h3g4 h7h5 g4h5 a2h2 h5g4 f1h3 g4f4 e6e5","1898","121","85","48","attraction crushing endgame veryLong","https://lichess.org/AFmZPIXz#65","",""
"blimp","1","1086","b","exact","42DS7","5R2/1pp3p1/p5p1/2PQ4/1P1Bn3/k1Pb4/1r6/4KN2 w - - 0 54","f8f3 b2b1","1572","76","100","190","master mate mateIn1 middlegame oneMove","https://lichess.org/X8V5BK0e#107","",""
"deign","3","1085","deg","exact","IWzHA","4r1k1/6p1/p4p1p/1p1P4/5Q2/1P4RP/3q2P1/7K w - - 2 37","f4f6 d2e1 h1h2 e1g3 h2g3 g7f6","1601","75","100","147","crushing endgame fork long","https://lichess.org/9qpHKJ49#73","",""
"fiend","3","1084","fed","exact","jfjSv","r4rk1/2p2ppp/pbp5/3qpN2/1P1P4/P3B3/2P2QPP/R5K1 b - - 1 19","e5d4 f5e7 g8h8 e7d5 d4e3 d5e3","1596","75","100","435","advantage fork long middlegame","https://lichess.org/mcVkT7NQ/black#38","",""
"logic","2","1083","gc","exact","SJQBX","8/8/6R1/6p1/5k2/2P4K/P1r5/8 w - - 2 66","g6c6 g5g4 h3h4 c2h2","1601","75","100","1760","endgame mate mateIn2 rookEndgame short","https://lichess.org/8p0r3mW8#131","",""
"cheap","4","1082","chea","exact","46GUK","b4k1r/p2n2pp/1pnq1b2/2p1pQ2/3p4/3P1N1P/PP1BBPP1/R4RK1 w - - 3 20","d2g5 c6e7 f5g4 h7h5 g4g3 e7f5 g3h2 a8f3 e2f3 f6g5","2034","81","90","1193","capturingDefender crushing middlegame veryLong","https://lichess.org/p0dcSviX#39","",""
"elide","3","1081","ede","exact","OnYZx","6k1/1p3pp1/p2N2pn/2pP2P1/2Pb1P2/1q5P/4Q1K1/4B3 b - - 0 36","h6f5 e2e8 g8h7 d6f7 f5h4 e1h4","1606","75","100","652","crushing deflection endgame long","https://lichess.org/6zUwNxv6/black#72","",""
"rigid","2","1080","gd","exact","IEl5z","8/2p1pkb1/pr6/n5P1/3P2P1/2PB4/P7/2K1R3 b - - 0 30","b6e6 g5g6 e6g6 d3g6","1597","75","100","353","advantage endgame master short","https://lichess.org/avraGzcD/black#60","",""
"false","3","1079","fae","exact","Aq26p","8/P7/8/6P1/1R2bk1K/r7/8/8 w - - 0 49","b4e4 f4e4 g5g6 a3a7 h4g5 e4e5","1613","76","100","645","crushing defensiveMove endgame hangingPiece long rookEndgame","https://lichess.org/wzb3MvCd#97","",""
"renal","2","1078","ea","exact","5Repe","8/4k3/r3p1Rp/2P2p2/3K1P1P/8/8/8 w - - 1 59","g6h6 e6e5 d4c3 a6h6","1627","75","100","807","crushing discoveredAttack endgame master rookEndgame short","https://lichess.org/ggIyAMNm#117","",""
"pence","3","1077","ece","exact","kr15Q","6Q1/2bB4/2P5/7p/P3k2P/3pp3/P3K3/8 w - - 0 45","e2d1 e3e2 d1e1 c7a5 e1f2 e2e1q","1606","78","100","228","advancedPawn crushing endgame exposedKing long promotion","https://lichess.org/7nT1gFuq#89","",""
"rowdy","1","1076","d","exact","gSje5","r1bqk2r/pppp1p1p/2n5/4P3/1bPN2p1/1N6/PP1nPPPP/R2QKB1R w KQkq - 0 11","d4c6 d2f3","1575","76","100","1674","doubleCheck master mate mateIn1 middlegame oneMove","https://lichess.org/5Dx1sy85#21","Indian_Defense Indian_Defense_Budapest_Defense",""
"shoot","1","1075","h","exact","D0zBu","rnb1k2r/pppp2p1/8/3N3p/2P2pP1/1N1Pp3/PP2PqPK/R1BQ1B1R w kq - 0 13","c1e3 h5g4","1623","77","100","516","discoveredAttack mate mateIn1 middlegame oneMove","https://lichess.org/PPDG7I0s#25","English_Opening English_Opening_Kings_English_Variation",""
"blaze","3","1074","bae","exact","vOkvM","8/p7/1p1p4/3Pk3/PPP1p2p/4K3/6P1/8 w - - 2 36","a4a5 b6a5 b4a5 a7a6 e3f2 e5d4","1649","76","100","112","crushing endgame long pawnEndgame quietMove zugzwang","https://lichess.org/9pvL8twg#71","",""
"brief","3","1071","bef","exact","SceGk","r2r2k1/pR4pp/4b1p1/8/8/4BQ2/q4PPP/4R1K1 b - - 0 20","e6d5 b7g7 g8g7 e3d4 g7g8 f3f6","1599","75","100","224","attraction crushing long middlegame sacrifice","https://lichess.org/yBT5XmVY/black#40","",""
"never","2","1070","ee","exact","RH3uE","2k5/8/p2PK3/1p2P2p/1n5P/1P6/1P5P/8 b - - 0 40","c8d8 e6f7 b4c6 e5e6","1609","75","100","393","crushing endgame knightEndgame short","https://lichess.org/uDTWCcYZ/black#80","",""
"abort","2","1069","ab","exact","tlbym","r4rk1/p2n4/4p1p1/1Ppnq2p/P6P/B7/4BP2/2Q1K2R b K - 0 30","g8g7 a3b2 c5c4 b2e5","1603","97","100","89","equality middlegame pin short","https://lichess.org/IfsnLfXB/black#60","",""
"fiery","2","1066","fe","exact","1ftYV","4r3/1p2P2R/p7/5k2/6p1/6P1/P4PKP/8 w - - 5 37","h2h4 f5g6 h7h8 e8h8","1604","100","100","57","endgame","https://lichess.org/RKs7c19v#73","",""
"media","3","1065","eda","exact","thMxE","3RR3/1p3ppk/p1r1b3/B3p3/2r1Pn1p/P1N2P1P/1PP5/1K6 b - - 3 30","g7g5 e8h8 h7g6 d8g8 g6f6 a5d8","1648","75","100","719","exposedKing long master mate mateIn3 middlegame","https://lichess.org/Hrh28UM6/black#60","",""
"yeast","2","1064","ea","exact","T9yNT","r1bk4/4q3/pnp1r3/1p1p2p1/2nP3p/1PNB1P2/P1P2BPP/2KQRR2 w - - 2 23","e1e6 e7a3 c1b1 a3b2","1572","75","100","776","mate mateIn2 middlegame queensideAttack short","https://lichess.org/WvnsfHYb#45","",""
"clear","3","1063","cea","exact","vEG0P","2r1q1k1/pp4pp/5p2/4P3/P7/4P1B1/2R1QKPP/1r6 b - - 2 31","f6e5 c2c8 e8c8 e2a2 g8f8 a2b1","1525","75","100","279","advantage clearance endgame fork long pin","https://lichess.org/8SvvOwwM/black#62","",""
"scalp","2","1062","ca","exact","vLAlT","r4rk1/pQ3ppp/n2pp3/5b2/q2P4/P3PN2/1PnN1PPP/2RK1B1R w - - 3 14","b7a6 c2e3 d1e2 a4a6","1587","75","100","483","advantage doubleCheck interference intermezzo middlegame short","https://lichess.org/hWUgmFvk#27","Queens_Pawn_Game Queens_Pawn_Game_Accelerated_London_System",""
"bitty","1","1061","b","exact","T1PSP","r1bqk2r/pp2bpp1/2n2n1p/4N3/8/1BBP3P/PPP2PP1/R2Q1RK1 w kq - 1 14","e5c6 b7c6","1571","93","100","91","equality oneMove opening","https://lichess.org/PQaGrZQI#27","",""
"cider","3","1060","cde","exact","Vl8v6","3r4/p7/3P1k2/2PK2p1/1P3p2/4p3/P3R3/8 b - - 1 43","g5g4 c5c6 d8d6 d5d6 f4f3 e2e3","1601","75","100","653","crushing endgame long master rookEndgame","https://lichess.org/QP77wFQ2/black#86","",""
"koala","2","1059","aa","exact","63hbM","8/5kp1/PR2p2p/3pPp2/1P5P/1r3N2/1r4P1/6K1 b - - 0 34","b3b4 a6a7 b4b6 a7a8q","1589","75","100","719","advancedPawn advantage endgame master promotion short","https://lichess.org/yZt2NaP7/black#68","",""
"duvet","2","1058","de","exact","TEI1p","5rk1/1N3ppp/p3b3/4p3/8/4Q3/q2rBPPP/1R3RK1 w - - 1 22","b1a1 d2e2 a1a2 e2e3","1606","117","100","53","equality middlegame short","https://lichess.org/KSqYkE3C#43","",""
"segue","3","1057","ege","exact","zGPCz","4r1k1/pp4p1/3Qp2p/4N1n1/8/5R1P/PPP3PK/4q3 w - - 6 25","f3g3 e1g3 h2g3 g5e4 g3f4 e4d6","1615","75","100","382","attraction crushing endgame fork long sacrifice","https://lichess.org/ql8aOYI3#49","",""
"creme","3","1056","cee","exact","s9BDl","3r2k1/4q2p/p1Q1P1p1/1p3p2/1P6/P6P/6P1/4R1K1 b - - 7 38","d8d6 c6d6 e7d6 e6e7 g8f7 e7e8q","1605","78","100","51","endgame","https://lichess.org/BZ6LH08G/black#76","",""
"grill","1","1054","g","exact","YtnE8","r1k5/p1p1BB2/1p1pN3/n1b1p2n/Q3P2P/2PP2r1/PP5K/RN3b2 w - - 0 22","f7h5 g3h3","1613","76","100","2141","mate mateIn1 middlegame oneMove","https://lichess.org/LzUWgnCa#43","",""
"after","3","1053","afe","exact","PSatJ","8/p2R4/1p2rk1p/2pQ2p1/2P5/1P2PN2/P4nPK/q7 w - - 0 34","d7d8 a1h1 h2g3 f2e4 d5e4 e6e4","1617","75","100","1517","crushing endgame long","https://lichess.org/GmYY1lrP#67","",""
"ember","3","1051","ebe","exact","SCvpv","1r3r1k/pB2Qpp1/1p2p3/4q3/8/8/Pn3PPP/2R2RK1 b - - 7 23","b2d3 e7h4 h8g8 b7e4 g7g6 e4d3","1618","74","100","469","advantage long middlegame","https://lichess.org/kS8FwfYs/black#46","",""
"reach","4","1050","each","exact","9kWLU","4r2k/7p/p1Q2ppP/8/4p3/8/2B1RP2/q3K3 w - - 2 39","e1d2 e8d8 d2e3 a1c1 e3e4 c1h1 f2f3 h1h4 f3f4 h4h1","2640","81","100","66","crushing endgame exposedKing veryLong","https://lichess.org/qUJ9KR3J#77","",""
"nobly","1","1049","b","exact","vZU5m","8/2b5/8/1p1b1ppp/1Pk1p3/4P1PP/1PNK4/2N5 b - - 4 41","c7g3 b2b3","1571","75","100","121","endgame","https://lichess.org/e0FZVGaU/black#82","",""
"speed","3","1047","eed","exact","h8Y64","8/5k2/1p2p3/p1p3K1/P1Pp1P2/1P1P4/8/8 w - - 2 47","f4f5 e6e5 f5f6 e5e4 d3e4 d4d3","1603","74","100","1148","crushing endgame long pawnEndgame quietMove","https://lichess.org/X9rHyMMU#93","",""
"gipsy","1","1046","g","exact","njDUY","5k2/5p2/5P2/8/2K3Q1/8/7p/8 b - - 0 60","h2h1q g4c8","1587","76","100","1295","endgame master mate mateIn1 oneMove queenEndgame","https://lichess.org/7DY00gYF/black#120","",""
"recur","2","1045","ec","exact","jVrET","1k6/1pp2ppp/p7/4Q3/3r4/P3bPPK/1P2q2P/2R5 b - - 0 25","e2f3 e5c7 b8a7 c7c5","1602","117","100","59","endgame equality short","https://lichess.org/l7lZmDhe/black#50","",""
"dread","4","1043","dead","exact","Mhcsh","8/3r4/p7/1p2k3/1R4K1/8/PP6/8 w - - 1 42","a2a4 d7d4 b4d4 e5d4 a4b5 a6b5 g4f3 d4d3","1557","76","97","1488","crushing defensiveMove endgame rookEndgame veryLong","https://lichess.org/hxqvu2ib#83","",""
"merge","3","1042","ege","exact","9eR9d","1r1q3r/4b1k1/4Rnp1/1p1p2N1/3p1Q2/PP4PP/5PBK/8 b - - 5 29","b8b7 e6f6 e7f6 g5e6 g7f7 e6d8","1579","75","100","1186","advantage fork long middlegame pin sacrifice","https://lichess.org/DozGKXPM/black#58","",""
"burst","1","1041","b","exact","THpOa","7k/2p5/3p3P/2pPpN2/P1P1P3/3K2RR/1r3r2/8 w - - 1 47","f5e3 b2b3","1569","76","100","947","endgame mate mateIn1 oneMove","https://lichess.org/gKuwubJf#93","",""
"kappa","2","1040","aa","exact","DE8fl","8/p3k2p/1p4p1/8/1pP5/3P4/P4PPP/6K1 w - - 0 27","f2f3 a7a5 g1f2 a5a4","1589","77","100","212","crushing defensiveMove endgame pawnEndgame quietMove short","https://lichess.org/Zzltwrfk#53","",""
"shaky","2","1038","ha","exact","8oc4S","1k6/p3R3/8/2p5/p6r/1PKP4/2P5/8 w - - 0 40","e7e4 h4e4 d3e4 a4a3 c3d2 a3a2","1592","77","100","155","advancedPawn crushing endgame long rookEndgame","https://lichess.org/OOwd1mIt#79","",""
"hover","2","1037","he","exact","tS4Ma","5rrk/p4Rp1/3p1p1q/4pQ1P/1p2P3/5P2/PPP5/1K4R1 w - - 4 34","f7a7 h6e3 f5g6 e3a7","1588","75","100","160","endgame master","https://lichess.org/zo5sKn9u#67","",""
"carol","2","1036","ca","exact","Tvo1S","8/1pp5/p1k1p2p/4Pp2/PPP5/5P2/5K1P/8 b - - 0 28","b7b5 c4b5 a6b5 a4a5","1614","85","100","78","crushing defensiveMove endgame pawnEndgame short","https://lichess.org/OerBGla0/black#56","",""
"synod","1","1035","d","exact","cro6N","r2qkb1r/1b3p2/pBnpp2p/1p1NnNp1/4P3/P4P1P/1PP3P1/R2QKB1R b KQkq - 1 16","d8c8 d5f6","1573","75","100","777","mate mateIn1 middlegame oneMove","https://lichess.org/ZwckfrqM/black#32","Sicilian_Defense Sicilian_Defense_Najdorf_Variation",""
"faint","2","1034","fa","exact","fskZv","8/8/1K3k2/P3rP2/8/2p5/5R2/8 b - - 2 51","e5f5 f2c2 f5f3 a5a6","1624","75","100","502","crushing endgame rookEndgame short","https://lichess.org/zJR4EHC2/black#102","",""
"haunt","2","1033","ha","exact","GPYQJ","8/8/R3N3/P7/4K1k1/r6p/8/8 w - - 0 67","e6d4 h3h2 a6h6 a3h3 h6h3 g4h3","1610","75","100","611","advancedPawn clearance crushing endgame long","https://lichess.org/xsUs8oEM#133","",""
"flour","1","1032","f","exact","nEFFf","r1b2k1r/1pqR1pp1/p3p2p/1Bb1N3/8/2P2Q2/PP3PPP/2K4R b - - 3 18","c8d7 f3f7","1588","75","100","1115","mate mateIn1 middlegame oneMove","https://lichess.org/Y4pCbw4K/black#36","Scandinavian_Defense Scandinavian_Defense_Valencian_Variation",""
"chair","3","1031","cha","exact","NgrXj","8/2Q2kp1/7p/2p5/P7/2q5/6PK/8 b - - 7 55","f7g6 c7g3 c3g3 h2g3 g6f5 a4a5","1823","75","100","738","crushing defensiveMove endgame long queenEndgame","https://lichess.org/3c9R6OOz/black#110","",""
"detox","2","1030","de","exact","YsLp1","r2qk2r/pp3ppp/2nbpn2/3pNb2/3P4/2P5/PP2BPPP/RNBQR1K1 b kq - 3 9","c6e5 d4e5 d6e5 e2b5","1606","76","100","1131","advantage opening short","https://lichess.org/pUUHt4wd/black#18","Caro-Kann_Defense Caro-Kann_Defense_Other_variations",""
"shrew","2","1029","he","exact","zw8Hj","8/3rk3/R2p4/4p3/1P2K2r/P2R1P2/8/8 w - - 3 42","e4f5 h4f4 f5g5 e7e6","1612","74","100","434","crushing defensiveMove endgame master rookEndgame short","https://lichess.org/RVgjrnVS#83","",""
"plied","2","1027","ed","exact","2B29P","4rk2/B2nNppp/3P4/2p5/4bP2/P7/2P3PP/1R4K1 w - - 6 26","b1b2 e8a8 a7c5 d7c5","1601","74","100","202","advantage endgame master short","https://lichess.org/Melype2B#51","",""
"burly","1","1025","b","exact","WrJSD","3r1rk1/1p3pp1/p3pb1p/2P5/1P6/PnNpN2P/3B1PP1/3RR1K1 w - - 1 24","e3c4 b3d2 c4d2 f6c3","1600","136","100","39","capturingDefender equality middlegame short","https://lichess.org/y2XEi1Ow#47","",""
"blitz","1","1020","b","exact","7ajpt","8/8/pNp1rk2/2Pn2p1/P5P1/3R1K2/8/8 b - - 4 50","f6e5 b6d7","1567","75","100","317","endgame mate mateIn1 oneMove","https://lichess.org/ES07Qqo4/black#100","",""
"beefy","4","1019","beef","exact","2B3EO","8/p7/8/3k2pp/PP2p1P1/4K2P/8/8 b - - 1 33","h5h4 b4b5 d5c5 e3e4 c5b4 e4f5 b4a4 f5g5","1492","75","100","768","crushing endgame pawnEndgame quietMove veryLong","https://lichess.org/IvepzqQ7/black#66","",""
"hussy","1","1017","h","exact","K7R6f","8/7Q/5p2/4p2k/1p6/5qP1/7K/8 b - - 0 49","h5g4 h7g6","1623","94","100","25","endgame","https://lichess.org/QeohX3Tb/black#98","",""
"below","2","1015","be","exact","52z7i","r2qk1nr/pppb1ppp/2nb4/1B1N4/3Np3/P3P3/1PPP1PPP/R1BQK2R b KQkq - 0 7","c6d4 b5d7 d8d7 e3d4","1618","95","100","84","equality intermezzo opening short","https://lichess.org/J7abn2cQ/black#14","",""
"bingo","2","1014","bg","exact","jrVs4","6k1/p2qppbp/4b1p1/8/N1pPn3/1r2BP2/4Q1PP/R4RK1 w - - 0 21","f3e4 b3e3 e2e3 g7d4","1598","78","100","394","advantage middlegame pin short","https://lichess.org/6CcyQIul#41","",""
"brash","3","1013","bah","exact","wk9lm","3k2r1/1bp2p2/8/3P1Q2/8/8/PP3P1r/3RRK2 w - - 3 33","f5f7 b7a6 d1d3 a6d3 e1e2 h2h1","1570","74","100","540","endgame long mate mateIn3 pin","https://lichess.org/jKoNILO0#65","",""
"scone","2","1012","ce","exact","wU9nS","r5rk/pb2R1pp/1pq5/8/2P1R3/P1Q2PP1/5P2/6K1 b - - 5 27","c6f6 c3f6 g7f6 e7b7","1588","92","100","103","equality middlegame short","https://lichess.org/IwoXLJ31/black#54","",""
"easel","3","1010","eae","exact","VbL6V","2r3k1/4q1pp/p2pb3/1p1B2r1/5p2/2P5/PP4N1/R2Q1RK1 w - - 0 25","f1e1 e7a7 d1d4 a7d4 c3d4 e6d5","1692","209","100","4","middlegame","https://lichess.org/oAs5fasT#49","",""
"saucy","2","1009","ac","exact","1DXou","4r1k1/3q1pp1/2R4p/1pRn4/1r1P4/4P1P1/Q4PP1/6K1 b - - 5 29","b4a4 a2d5 d7d5 c5d5","1611","98","100","80","equality middlegame short","https://lichess.org/wAi3dea9/black#58","",""
"spice","2","1007","ce","exact","H317y","r1bqkn1Q/pp3p2/2n1pbp1/3p4/3P3P/2N5/PP2PPBP/R1BR2K1 w q - 4 15","h8g8 c6e7 g8f8 e8f8","1613","74","100","1921","advantage opening short trappedPiece","https://lichess.org/8FtAtQSH#29","English_Opening English_Opening_Agincourt_Defense",""
"honor","1","1006","h","exact","XhN8p","1r5k/1p6/p2R1p1p/2P1p3/5n2/P2P3q/4PP1P/3QNRK1 w - - 2 25","g1h1 h3f1","1624","77","100","812","hangingPiece kingsideAttack mate mateIn1 middlegame oneMove","https://lichess.org/aVH7Loay#49","",""
"sharp","2","1004","ha","exact","j4SYM","8/p4rk1/3Q1pp1/rp6/P1Q5/2P4q/7P/2KR4 w - - 0 43","c4e6 h3c3 c1b1 a5a4 e6f7 g7f7","1589","77","100","1969","advantage endgame long master masterVsMaster","https://lichess.org/liyopihG#85","",""
"bawdy","3","1003","bad","exact","LJGPv","8/1r6/8/p1Pk4/7K/1PR5/8/8 w - - 0 55","c3c4 b7b4 c4b4 a5b4 c5c6 d5c6","1660","75","100","216","crushing endgame long rookEndgame","https://lichess.org/MPuPTE0N#109","",""
"radii","2","1002","ad","exact","B8e6w","8/3n1k2/r1pB1p2/2P2P1p/2K1P1p1/P7/3p2PP/R7 w - - 0 46","c4d3 a6a3 a1a3 d2d1q","1620","76","100","868","advancedPawn crushing deflection endgame master promotion short","https://lichess.org/WwKaVwfd#91","",""
"lager","3","999","age","exact","TtvIi","3b2k1/p2Q1p1p/b5p1/4p3/P2pP3/4q1N1/6PP/5RK1 w - - 2 29","g1h1 a6f1 d7d8 g8g7 g3f1 e3f2","1696","75","100","329","crushing endgame long master","https://lichess.org/au0Wa2X3#57","",""
"gassy","2","996","ga","exact","6xnD1","1R2b3/4r3/2p1pknp/2PpNpp1/3P1P2/3BPKPP/r7/1R6 w - - 4 48","g3g4 g6h4 f3g3 a2g2","1583","79","100","62","master middlegame","https://lichess.org/WafxchJl#95","",""
"flora","2","994","fa","exact","gEnVy","r4rk1/pp6/4b3/1Nnpb3/3N1p1q/3B2p1/PPP1QPP1/R4RK1 w - - 0 21","f2g3 f4g3 f1f8 a8f8","1576","76","100","2477","crushing middlegame short","https://lichess.org/6m1gi7X0#41","",""
"latch","3","992","ach","exact","lSorE","8/6p1/1p3p1k/p1p2P2/P1P1KP2/1P1B4/n7/8 w - - 20 75","d3e2 a2c3 e4e3 c3e2 e3e2 h6h5","1375","76","100","260","crushing defensiveMove endgame fork long","https://lichess.org/BR4nPwQ9#149","",""
"wight","2","991","gh","exact","nHhTy","6rk/1p3Q2/p4n2/5r2/8/P3Bp1q/1PP2RP1/5RK1 w - - 0 30","e3d4 g8g2 f2g2 h3g2","1599","75","100","1128","mate mateIn2 middlegame short","https://lichess.org/aTBgjOVc#59","",""
"brick","2","990","bc","exact","EeJ21","2kr3r/1b1nqp2/Bp2p2p/pQppP1p1/P2P4/2P2PP1/2P3P1/R3K1NR b KQ - 1 17","c5d4 b5c6 c8b8 c6b7","1598","75","100","293","mate mateIn2 middlegame pin queensideAttack short","https://lichess.org/8AITPGRV/black#34","Owen_Defense Owen_Defense_Other_variations",""
"decal","4","987","deca","exact","CMasf","r3r1k1/ppp2pbp/4b1p1/8/3qP3/P1N2P2/1PQ3PP/R1B2R1K w - - 2 21","c3b5 d4c4 c2c4 e6c4 b5c7 c4f1 c7e8 a8e8","1711","77","96","11350","crushing fork middlegame veryLong","https://lichess.org/UHpvyAiv#41","",""
"grass","2","986","ga","exact","qzmMx","2r3k1/pr3pp1/Np2p1p1/1P1p4/P1PP1P2/q3Q1nP/6P1/2R1R2K w - - 1 31","h1h2 g3f1 e1f1 a3e3","1621","75","100","617","advantage deflection middlegame short","https://lichess.org/iYZLU54d#61","",""
"shack","3","985","hac","exact","ETllL","6k1/3bppb1/1Q1p2pp/7n/3PP3/3BBP2/1P2N1PP/q5K1 w - - 1 26","e3c1 h5f4 e2f4 a1c1 g1f2 c1f4","1704","75","100","91","advantage deflection fork long middlegame pin","https://lichess.org/4KL6RsVK#51","",""
"dogma","3","984","dga","exact","uXzWa","r2q1rk1/1p1bb1p1/n3p1B1/p2p4/3P1p2/2P3B1/PP1N1PPP/R2QR1K1 b - - 0 15","f4g3 d1h5 g3f2 g1h1 f2e1q a1e1","1611","118","100","31","opening","https://lichess.org/SvtpoJ3i/black#30","Ware_Defense Ware_Defense_Other_variations",""
"defer","4","982","defe","exact","hJsN7","8/1p1kbQBp/4p3/2np4/3N1P2/1P1qP2P/6P1/6K1 w - - 1 25","g7f6 d3e3 g1f1 e3f4 d4f3 f4f6 f7f6 e7f6","1615","75","100","165","crushing endgame master veryLong","https://lichess.org/1GOChz6H#49","",""
"sober","2","981","be","exact","VoQBo","1kr5/1p1r2p1/1B1p1p2/7p/2q5/Q7/1PP2PPP/1K2R3 b - - 9 24","c4c2 b1a1 c2c1 e1c1","1618","75","100","765","crushing endgame master short","https://lichess.org/rETQdRxV/black#48","",""
"crier","2","979","ce","exact","j1QPm","3r2k1/p1p2ppp/b1p1r3/4P3/PP3P2/2R2P2/7P/4R1K1 b - - 0 27","d8d3 c3d3 a6d3 e1d1","1613","119","100","54","endgame equality short","https://lichess.org/SFvtg4wI/black#54","",""
"vying","1","978","g","exact","XfbxA","3r4/1p3k1p/p2P4/4qpQ1/1P2p3/P1r3PP/7K/3R1R2 b - - 4 33","f7e6 g5e7","1615","75","100","831","endgame master mate mateIn1 oneMove","https://lichess.org/JjGGLu4T/black#66","",""
"nomad","2","977","ad","exact","I9nRn","2Rbk2r/pQ3ppp/4p3/3n4/q7/3p2B1/PP3PPP/1K5R w k - 6 23","g3c7 a4c2 b1a1 d5c7","1620","76","100","127","advantage middlegame short","https://lichess.org/kCg7BZL1#45","",""
"flute","2","976","fe","exact","AQvN4","4rr1k/6pp/6q1/1p1Qpp2/2pP4/2P1B1P1/1P1N1P1P/R5K1 w - - 2 28","d5b5 f5f4 e3f4 e5f4","1604","104","100","59","equality middlegame short trappedPiece","https://lichess.org/04A9W9Rx#55","",""
"shark","2","974","ha","exact","W0nRm","5rk1/p4p1p/1p1b1Pn1/1P1p3Q/P1qP4/2r1BR2/6P1/R5K1 b - - 2 31","c3e3 h5h6 e3e1 a1e1","1644","75","100","766","crushing master middlegame short","https://lichess.org/FrliMipC/black#62","",""
"drier","2","973","de","exact","avP3r","2r2k2/7p/p2B2p1/1p1Q1p1P/1P6/P1q5/5PP1/6K1 b - - 3 36","f8e8 d5e6 e8d8 e6e7","1606","128","100","21","endgame","https://lichess.org/QEYyENnW/black#72","",""
"obese","3","972","bee","exact","qOQwe","4r2k/pp1R3p/2p2R2/8/1bn5/2N5/PP4PP/6K1 w - - 2 25","d7b7 b4c5 g1h1 e8e1 f6f1 e1f1","1620","75","100","437","backRankMate endgame long mate mateIn3","https://lichess.org/YlibVjUI#49","",""
"bugle","3","971","bge","exact","YboqP","r2q1r2/1R1bppk1/p2p3p/2p3pQ/4P3/3P2NP/P1P2PP1/4N1K1 b - - 2 18","a8b8 b7d7 d8d7 g3f5 d7f5 e4f5","1613","75","100","601","advantage long middlegame sacrifice","https://lichess.org/HEkytJ15/black#36","Sicilian_Defense Sicilian_Defense_Moscow_Variation",""
"chalk","3","969","cha","exact","eRz5y","1r6/7R/1kn1b3/2p1p3/4P3/2N1KP2/2B5/8 b - - 1 50","b8b7 c3a4 b6a7 h7b7 a7b7 a4c5 b7c7 c5e6","1607","77","97","22829","attraction crushing endgame fork master veryLong","https://lichess.org/dBpIxDtG/black#100","",""
"feast","3","968","fea","exact","gLLsI","3qr3/5pkp/r3p1p1/P2pP3/5Q2/7P/5PP1/R2R2K1 b - - 0 27","a6a5 f4f6 d8f6 e5f6 g7f6 a1a5","1624","75","100","534","advantage endgame long","https://lichess.org/Za8eY0mi/black#54","",""
"ruddy","2","967","dd","exact","pbb5l","3r2k1/pp3p2/2pqn3/4R2p/2PP2p1/5NP1/PP1Q1PK1/8 w - - 0 27","f3g5 d6e5 d4e5 d8d2","1600","76","100","1162","crushing discoveredAttack endgame master short","https://lichess.org/ulyiNXmp#53","",""
"pedal","3","966","eda","exact","6BYhY","r3r1k1/1ppq1p2/p2p4/3P2p1/3Q4/b1P3B1/P4PP1/3RR1K1 b - - 1 23","d7f5 e1e8 a8e8 d4a4 e8e2 a4a3","1545","85","100","83","advantage fork long middlegame","https://lichess.org/3KVbYlgu/black#46","",""
"scarf","3","965","caf","exact","O51Jc","r7/1p3pkp/2r2qp1/1Nn2p2/1pP5/1P3P1P/P1Q3P1/R2R2K1 w - - 1 32","c2d2 c5b3 a2b3 a8a1 d1a1 f6a1","1611","74","100","622","advantage long middlegame","https://lichess.org/UR2Zqr4H#63","",""
"cruel","2","964","ce","exact","sfFqR","6k1/1pr2pp1/p1r4p/P2q4/4B3/2P3PP/2Q2P2/R5K1 b - - 0 28","c6c3 c2c3 c7c3 e4d5","1613","74","100","1045","advantage endgame short","https://lichess.org/sbPj1ulG/black#56","",""
"bleat","3","963","bea","exact","BJ0rH","r4k2/5ppp/4b3/1p2p3/2P1P3/1K3P2/p1N1B1PP/R7 w - - 0 29","a1a2 b5c4 e2c4 e6c4 b3c4 a8a2","1651","75","100","898","advantage endgame long","https://lichess.org/84n2xl9p#57","",""
"tidal","2","962","da","exact","vqtFa","8/3bPK2/8/p2k3p/2p4P/8/8/B7 w - - 0 50","e7e8q d7e8 f7e8 a5a4","1609","78","100","287","crushing defensiveMove endgame short","https://lichess.org/UUQ3wZhR#99","",""
"windy","1","959","d","exact","sNPgm","rbb2rk1/1p1p1ppp/p2qp1n1/4N3/1PB5/P7/3BQPPP/R4RK1 w - - 0 19","e5g6 d6h2","1573","267","100","3","middlegame","https://lichess.org/s6U7Zo0S#37","",""
"dusty","1","958","d","exact","Flsxn","3r2k1/4bpp1/p3p2p/4P3/Pp3P1P/1KPrB1P1/3RR3/8 w - - 0 31","b3c4 d3c3","1572","76","100","818","endgame mate mateIn1 oneMove","https://lichess.org/68U0CaGN#61","",""
"igloo","1","956","g","exact","GnM4M","1rbk3r/p2np2p/3p2BQ/3P2N1/1pp5/8/qPP3PP/1NKR4 b - - 2 18","c4c3 g5e6","1583","76","100","980","mate mateIn1 middlegame oneMove","https://lichess.org/J0oMcHWO/black#36","Pirc_Defense Pirc_Defense_Byrne_Variation",""
"nerdy","2","955","ed","exact","H2QKF","8/1q6/3pb1k1/p2Nb1p1/2p1Pp2/P1P2P2/1P3QK1/3R4 w - - 4 49","f2b6 e6d5 b6b7 d5b7","1601","75","100","656","advantage endgame short","https://lichess.org/swLEmdDJ#97","",""
"shone","2","953","he","exact","8ayw0","r2k3r/pp2pp2/2p1nq2/3pN1p1/8/2N1Q1Pb/P4P2/3R2KR b - - 12 26","h3f5 h1h8 f6h8 e5f7","1587","75","100","950","crushing middlegame short","https://lichess.org/322r0XbK/black#52","",""
"whale","3","952","hae","exact","O1bBZ","1k6/p2p4/p2Np1Nb/2p1P3/3P2P1/2P1P3/bP5r/2KR4 w - - 2 29","d1f1 h6e3 c1d1 a2b3 d1e1 e3d2","1380","75","99","1612","endgame long mate mateIn3 queensideAttack","https://lichess.org/NhsjkaXn#57","",""
"hymen","2","951","he","exact","A0ROq","5rk1/4Qpp1/7P/1np3N1/5RP1/8/r2q1P2/4R1K1 b - - 0 32","d2f4 h6h7 g8h8 e7f8","1587","77","100","2943","advancedPawn deflection mate mateIn2 middlegame short","https://lichess.org/W34smFLp/black#64","",""
"abuse","3","950","abe","exact","mU28L","8/4k3/4p3/6P1/1p1PK2p/r4R1P/5P2/8 w - - 0 52","g5g6 a3f3 e4f3 b4b3 g6g7 e7f7","1647","75","100","667","crushing endgame long rookEndgame","https://lichess.org/zyaQyOa5#103","",""
"fugue","3","949","fge","exact","l0xFb","2b1R3/2q2rk1/3p1p2/2pP1ppp/2P5/1P3NQ1/6PP/6K1 b - - 1 33","c8d7 f3g5 d7e8 g5e6 g7h7 e6c7","1599","75","100","1472","crushing doubleCheck endgame fork long sacrifice","https://lichess.org/GKKcQJLH/black#66","",""
"elbow","2","948","eb","exact","rwS6s","r6k/2p3p1/7p/8/2R1Q1P1/7q/5P2/rR4K1 b - - 3 34","h3b3 e4a8 a1a8 b1b3","1603","76","100","533","crushing endgame short","https://lichess.org/h1SdQyoj/black#68","",""
"crumb","2","947","cb","exact","ZThvJ","2q1kb1r/Qp3ppp/2r1p3/3n4/8/2P2N2/PP3PPP/R1B1K2R w KQk - 1 14","f3d4 c6a6 a7a6 b7a6","1599","76","100","4867","advantage master middlegame short trappedPiece","https://lichess.org/KeGwjDNE#27","Sicilian_Defense Sicilian_Defense_Alapin_Variation",""
"welsh","2","945","eh","exact","F1AdD","6k1/1b3p1p/p5p1/8/Q7/2P1q2P/PP4P1/3B2K1 w - - 0 26","g1h1 e3h3 h1g1 h3g2","1599","74","100","1328","endgame mate mateIn2 pin short","https://lichess.org/07gvYstO#51","",""
"gamut","2","942","ga","exact","0LcRa","4rr1k/R5Rp/1p1nqn2/3pN3/1P1P4/1P1BP3/4K1PP/2B5 b - - 2 24","f8g8 g7h7 f6h7 a7h7","1626","75","100","599","kingsideAttack mate mateIn2 middlegame short","https://lichess.org/NKg4YZbK/black#48","",""
"swung","1","941","g","exact","IUJZk","8/5R2/p2r2p1/K1p2k2/P2p1NR1/2rP1P2/3b2P1/8 b - - 15 43","f5e5 g4g5","1617","76","100","887","endgame master mate mateIn1 oneMove","https://lichess.org/rv704Hv8/black#86","",""
"drake","3","940","dae","exact","qtKIN","8/P7/2b3p1/4pp1p/7P/4kPPK/8/3B4 b - - 2 54","e3d2 d1a4 c6f3 a4e8 f3a8 e8g6","1617","81","100","179","advantage bishopEndgame endgame long","https://lichess.org/nWnS2Q6D/black#108","",""
"freed","4","939","feed","exact","F0NJN","1k1r4/1p2bQ2/2nNp3/3pPp2/2pP4/7n/5r2/1R2K3 b - - 5 37","d8d7 f7e8 e7d8 e8d7 d8a5 e1d1 f2f1 d1c2","1558","76","100","989","crushing fork middlegame veryLong","https://lichess.org/JUpBesqx/black#74","",""
"afire","3","938","afe","exact","2pA0R","4R3/p1p2pkp/2p2bp1/8/8/BP1r1P1P/P7/7K b - - 0 24","f6h4 a3f8 g7f6 f8e7 f6f5 e7h4","1630","74","100","188","advantage endgame long skewer","https://lichess.org/AkaGfzOV/black#48","",""
"grout","1","936","g","exact","iWdC8","r2qkr2/1p1nbpQp/p4N1B/1B2pP2/8/3P3P/PP4P1/n2K3R b q - 1 17","e7f6 g7f8","1617","76","100","1255","mate mateIn1 middlegame oneMove pin","https://lichess.org/50ZEOMKb/black#34","Bishops_Opening Bishops_Opening_Vienna_Hybrid",""
"oddly","2","935","dd","exact","8tg9X","1k1Q3r/pp4pp/2p5/2P1bB2/1P4P1/P2RP2P/5P1q/4K3 b - - 1 27","h8d8 d3d8 b8c7 d8c8","1601","76","100","799","endgame mate mateIn2 queensideAttack short","https://lichess.org/vDBGgYH4/black#54","",""
"tithe","2","934","he","exact","Jlp8Q","4r3/pp6/2p4r/3p1pkP/3P1NnR/1P2P1P1/P5K1/4R3 b - - 12 27","e8e3 h4g4 f5g4 e1e3","1587","75","100","674","crushing endgame intermezzo short","https://lichess.org/ZnoiQHfc/black#54","",""
"plaid","2","933","ad","exact","nso01","r5k1/1R5p/5Rp1/8/8/2P4P/3n1PP1/6K1 w - - 1 38","f6f7 a8a1 g1h2 d2f1","1620","119","100","64","endgame equality short","https://lichess.org/ShhjRmGV#75","",""
"dummy","1","932","d","exact","Iwup9","6bk/8/7p/p1p3pP/2P5/3QP3/1P4r1/qBK2R2 b - - 2 40","a1a4 d3c3","1629","75","100","992","endgame master mate mateIn1 oneMove","https://lichess.org/HlCSTYx0/black#80","",""
"broom","1","931","b","exact","SYyoq","2R2rk1/5pp1/4p2p/1q2P2P/p7/2Q3P1/1P3P2/6K1 w - - 1 34","g1g2 b5b7 c3c6 b7c8","1601","75","100","898","crushing endgame master short","https://lichess.org/M93BOgyt#67","",""
"blind","2","930","bd","exact","kC14w","8/8/4rqkp/1Q1R2p1/1b3p2/P4P1P/6PK/8 b - - 0 42","b4a3 b5d3 g6h5 d3a3","1598","115","100","57","endgame equality fork short","https://lichess.org/if9Wt74K/black#84","",""
"torch","2","929","ch","exact","Psfj1","rn1q3r/ppp3kp/3b1pn1/7Q/3P4/8/PPP2PPP/RNB1R1K1 b - - 2 13","b8c6 c1h6 g7g8 h5d5","1614","74","100","486","mate mateIn2 middlegame short","https://lichess.org/r8bu90Hj/black#26","French_Defense French_Defense_Exchange_Variation",""
"again","3","927","aga","exact","Skdup","rr2n1k1/5p2/2p1p2p/2Np4/p2P3P/qP1Q1P2/P1P5/1K1R3R w - - 0 24","c5e6 a4b3 d1g1 g8h8 c2b3 a3a2","1633","74","100","445","crushing long middlegame queensideAttack","https://lichess.org/XWXtd5t0#47","",""
"tying","1","926","g","exact","93gvl","6k1/5rp1/pn6/1p1Q2P1/3p4/3P2qP/P2RK3/4R3 w - - 2 32","d5b3 g3f3","1618","76","100","2043","endgame master mate mateIn1 oneMove","https://lichess.org/6rvvA2Uu#63","",""
"gazer","3","923","gae","exact","7403u","1r1q1k1r/Q1p1nppp/2B1p1b1/4P1B1/3P4/P4N2/2n1KPPP/1N5R b - - 0 16","b8b2 g5e7 f8e7 a7c5 d8d6 e5d6","1301","75","100","1915","attraction crushing long middlegame","https://lichess.org/pbopCpwv/black#32","Queens_Pawn_Game Queens_Pawn_Game_Chigorin_Variation",""
"noble","2","922","be","exact","YEIt6","8/P7/1N6/1P1b4/4pp2/8/6k1/4K3 b - - 0 46","f4f3 b6d5 f3f2 e1d2","1618","76","100","353","crushing defensiveMove endgame hangingPiece master masterVsMaster short","https://lichess.org/ADeTaMIu/black#92","",""
"ethos","2","921","eh","exact","EEcti","r5k1/pp6/6Q1/3p4/3P2nq/2P5/P4bK1/R3R3 b - - 3 24","g8h8 e1h1 g4h2 h1h2","1602","75","100","1114","crushing middlegame pin short","https://lichess.org/DY3gsirP/black#48","",""
"bride","3","920","bde","exact","50Nnq","8/8/pn6/4Q3/3P2p1/2PK3k/Pr6/8 w - - 8 43","d4d5 b2d2 d3e4 d2e2 e4f5 e2e5","1600","75","100","517","crushing endgame long skewer","https://lichess.org/Td88Vd6d#85","",""
"decor","3","918","dec","exact","qkEAg","2qr2k1/3n1p1p/3Qp1p1/2p1N3/1p2P3/8/4rPPP/1R1R2K1 w - - 0 24","e5d7 d8d7 d6d7 e2e1 d1e1 c8d7","1596","76","100","612","advantage deflection long middlegame sacrifice","https://lichess.org/E4O8LSwt#47","",""
"hobby","3","917","hbb","exact","pWXGU","6k1/5p2/2p1pPp1/1p1pP1B1/p2P3P/P1P2n2/1PK5/8 b - - 2 51","f3g5 h4g5 g8f8 b2b3 f8e8 b3a4","1592","74","100","356","crushing endgame long","https://lichess.org/IvZ76lqy/black#102","",""
"beast","3","916","bea","exact","wPZAW","8/p4k2/1r1B2p1/5p2/8/4K3/8/4R3 w - - 1 43","d6c5 b6e6 e3f2 e6e1 f2e1 a7a5","1679","75","100","778","crushing defensiveMove endgame long","https://lichess.org/fOGN5jFU#85","",""
"these","3","913","hee","exact","3XveJ","1k3r2/ppqn4/2pb3Q/3p4/6B1/3P2PP/PPP3K1/4R3 b - - 5 30","d6g3 h6f8 d7f8 e1e8 c7d8 e8d8","1620","74","100","548","crushing fork long middlegame sacrifice","https://lichess.org/11iuvXW3/black#60","",""
"alarm","2","911","aa","exact","ZlAJo","8/6pk/2R1p1rp/8/qP1PQ3/7P/5KP1/8 w - - 2 35","c6e6 a4a2 e4e2 a2e6","1589","76","100","828","advantage endgame short","https://lichess.org/YkPqkkuF#69","",""
"erase","3","910","eae","exact","dgkP2","6k1/P3R1p1/5p1p/4p3/3p4/3K2P1/6r1/8 b - - 0 31","g2a2 e7e8 g8f7 a7a8q a2a8 e8a8","1500","129","100","11","endgame","https://lichess.org/OTEHqrHU/black#62","",""
"elegy","3","909","eeg","exact","QaI5c","5r1k/2p3pp/1pb1r3/p4p1Q/P1PBq3/2P4P/5PPN/R4BK1 w - - 1 25","h5g5 e6g6 f2f3 e4d4 c3d4 g6g5","1604","76","100","220","advantage long middlegame","https://lichess.org/inp85bCL#49","",""
"scaly","2","907","ca","exact","EpYd7","4r1k1/8/4p1PQ/3p1p2/5P2/pPr2q2/P1P5/2K4R b - - 2 41","f3e3 c1b1 c3b3 a2b3","1584","75","100","177","advantage endgame short","https://lichess.org/3Xnhv8EN/black#82","",""
"scold","2","906","cd","exact","zxZNk","6k1/p2Q1p2/1pN2bnp/6p1/q3P3/6P1/3R2KP/8 b - - 5 33","a7a5 c6e7 f6e7 d7a4","1600","75","100","1567","crushing discoveredAttack endgame short","https://lichess.org/SkJH1zqS/black#66","",""
"hefty","3","905","hef","exact","hIrcd","r1b2r2/ppp1k1p1/8/3Pp2Q/2P5/3P1n1P/PP1N2q1/R2K1R2 b - - 1 23","f3d2 h5e5 c8e6 e5e6 e7d8 f1f8","1615","75","100","270","deflection exposedKing long mate mateIn3 middlegame","https://lichess.org/JlOtwgCE/black#46","",""
"chick","3","904","chc","exact","Snt5C","2k5/5p1p/2q1p3/8/8/2n1P3/Q6P/3RK2R w K - 1 27","a2c2 c6h1 e1d2 h1d1 c2d1 c3d1","1628","75","100","475","crushing endgame exposedKing hangingPiece long skewer","https://lichess.org/x7DSv4mb#53","",""
"canal","3","903","caa","exact","Of3J4","5R2/4k3/8/p7/2r2p2/2P2K2/8/8 w - - 10 51","f8f4 c4f4 f3f4 a5a4 f4e3 a4a3","1599","75","100","448","crushing endgame long quietMove rookEndgame","https://lichess.org/ygYbZTdJ#101","",""
"slash","2","901","ah","exact","l19RJ","5K2/1p5r/r7/8/3k1P2/2pP4/2P3R1/4R3 w - - 0 46","f4f5 a6a8 e1e8 h7h8","1591","75","100","642","crushing endgame rookEndgame short","https://lichess.org/CzZ2R16I#91","",""
"prude","2","898","de","exact","fF4Hn","1q4k1/3n1p1p/2p1b1p1/p1n1P3/P2QN3/2N4P/2B3P1/7K b - - 2 41","b8e5 d4e5 d7e5 e4c5","1594","75","100","468","advantage capturingDefender master middlegame short","https://lichess.org/RkuIeoHl/black#82","",""
"heavy","3","897","hea","exact","wSlaK","8/6B1/3kp2p/3p3P/5KP1/8/p7/8 w - - 0 58","g4g5 h6g5 f4g5 e6e5 h5h6 a2a1q","1609","75","98","3618","advancedPawn bishopEndgame crushing endgame long promotion quietMove","https://lichess.org/xtcQEyLb#115","",""
"wield","2","896","ed","exact","N30Tg","3rr1k1/p1p2pb1/2p3pp/3b4/B7/2P1B2P/PP3PP1/R3R1K1 w - - 1 20","e3a7 e8e1 a1e1 d8a8","1601","76","100","510","advantage middlegame short","https://lichess.org/UIqdxOLc#39","",""
"femme","3","895","fee","exact","3UcPO","5k2/p5p1/2P3p1/8/4p2P/8/P4K2/8 b - - 0 42","f8e8 f2e3 e8e7 e3e4 e7d6 e4f4","1596","74","100","409","crushing defensiveMove endgame long pawnEndgame","https://lichess.org/DZ9QMY9X/black#84","",""
"shale","3","892","hae","exact","yqvPH","r1b5/pp1np2k/2p3pp/4Pr2/2P5/2N4B/PP3P1P/R3R1K1 b - - 2 19","f5e5 h3d7 e5e1 a1e1 c8d7 e1e7","1367","77","99","4425","advantage long middlegame","https://lichess.org/Fn3VAUzB/black#38","",""
"screw","2","891","ce","exact","g2eFO","2r1k2r/pp2nppp/4p3/3pP3/2qN1PPP/1N1Q4/PP6/R3K2R w KQk - 3 18","a1c1 c4d3 c1c8 e7c8","1586","75","100","1149","crushing hangingPiece middlegame short","https://lichess.org/sGDsWiDO#35","Caro-Kann_Defense Caro-Kann_Defense_Advance_Variation",""
"whiff","3","889","hff","exact","5JI5H","4r1k1/pp2qp2/2p2b1Q/3p1P2/3Pr3/P1P2RP1/1P3RKP/8 b - - 0 31","f6g7 h6g7 g8g7 f5f6 g7g8 f6e7","1595","74","100","718","advancedPawn advantage attraction fork long middlegame sacrifice","https://lichess.org/0m1yRr2o/black#62","",""
"scent","2","888","ce","exact","vKVW4","3R4/5pkp/2q1p1p1/P1b1P3/2Q5/8/5PPP/6K1 w - - 2 37","c4h4 c5e7 h4f4 e7d8","1586","75","100","869","advantage endgame interference short","https://lichess.org/wSy0F8Zk#73","",""
"glade","4","887","gade","exact","1es2I","r2qk2r/5p2/b1pp1n1p/p1b1p1p1/4P3/2N1Q1B1/PPP2PPP/2KR1B1R w kq - 4 14","e3f3 g5g4 f3f5 a6c8 f5e5 d6e5 d1d8 e8d8","1584","76","93","1615","advantage middlegame trappedPiece veryLong","https://lichess.org/YoZ2J7mB#27","Sicilian_Defense Sicilian_Defense_Lowenthal_Variation",""
"orbit","1","883","b","exact","Xgj1H","r4r1k/1b3p1p/5p2/1pp2NP1/1b5Q/1P2P2P/qB6/2K4R b - - 1 27","b7e4 b2f6 h8g8 f5e7","1599","75","100","194","kingsideAttack mate mateIn2 middlegame short","https://lichess.org/UHTzZdNv/black#54","",""
"cocoa","3","882","cca","exact","rXKAL","2k1r2r/Qpp5/p2P3p/5pp1/1q6/4PNP1/P4PP1/2R2K2 b - - 0 25","c8d7 c1c7 d7d6 c7b7 b4b7 a7b7","1602","75","100","337","crushing endgame long","https://lichess.org/rKNlKVfd/black#50","",""
"guilt","1","881","g","exact","HC1lx","2r2r2/1b3kpp/p4b2/1p2q2P/2n3Q1/P1N5/1PPB4/2KRR3 b - - 3 27","e5c7 g4e6","1618","75","100","1700","mate mateIn1 middlegame oneMove","https://lichess.org/aM5rUQNP/black#54","",""
"shush","2","879","hh","exact","5eecN","5r2/4nr2/3p1pk1/4p2R/2P1P3/3P2P1/pb4K1/7R b - - 3 39","a2a1q h5h6 g6g7 h6h7","1599","120","100","53","equality middlegame short","https://lichess.org/esSNITB7/black#78","",""
"table","3","878","abe","exact","AOK1t","8/5ppk/4pb1p/1R6/p2Pb3/P3B1PP/qP2QP2/6K1 w - - 1 33","f2f3 a2b1 e2f1 b1f1 g1f1 e4d3 f1e1 d3b5","1573","75","100","823","advantage attraction endgame exposedKing fork veryLong","https://lichess.org/eiopQ6og#65","",""
"wrong","1","877","g","exact","y5nsD","5rk1/pp3rp1/1qp2nQB/2b5/2B3b1/2P5/PP3PPP/R4RK1 b - - 0 18","g4h5 g6g7","1619","75","100","1234","kingsideAttack mate mateIn1 middlegame oneMove pin","https://lichess.org/F1HgmEaT/black#36","French_Defense French_Defense_Knight_Variation",""
"elate","3","874","eae","exact","qiOpR","5rk1/R4Q2/5Ppp/8/5r2/2P5/PP4q1/1K2R3 b - - 0 31","f8f7 e1e8 f7f8 a7g7 g8h8 e8f8","1476","74","100","665","deflection endgame exposedKing long mate mateIn3 pin queenRookEndgame","https://lichess.org/h80Z1lrb/black#62","",""
"whole","2","872","he","exact","j35Uc","5R2/8/8/4k3/2P3p1/6Kp/8/3r4 w - - 8 44","g3g4 h3h2 f8e8 e5f6","1587","79","100","62","endgame","https://lichess.org/dyXQQ42R#87","",""
"hunch","3","871","hch","exact","3xDfU","2r5/pp2k1p1/2n1p1p1/3p1p1n/3P2r1/2P4K/PP2N1B1/R1B2R2 w - - 0 21","g2f3 h5f4 e2f4 c8h8 f4h5 h8h5","1610","75","100","443","exposedKing long mate mateIn3 middlegame sacrifice","https://lichess.org/XZFccwAA#41","",""
"hotel","2","868","he","exact","M5EWO","1k5r/pp2q1b1/4p3/5p2/4pP2/1PQ5/PB2n1PP/3R1R1K w - - 8 23","c3g7 h8h2 h1h2 e7h4","1614","77","100","1181","anastasiaMate attraction mate mateIn2 middlegame sacrifice short","https://lichess.org/ZxHNNMes#45","",""
"cleat","3","866","cea","exact","BWW6R","r1b1k2b/pp3p2/2p2n2/q1n3N1/2P1p3/1P2P1B1/P1QN1PP1/2R1KB2 w q - 1 16","g3d6 c5d3 f1d3 e4d3 c2d3 a5g5","1676","78","100","670","advantage fork long middlegame","https://lichess.org/GOTWimEv#31","Indian_Defense Indian_Defense_Accelerated_London_System",""
"mango","2","865","ag","exact","8bCtV","1r4kn/3R1r1p/R7/1p2p1Q1/8/6PP/1qp1bP2/6K1 b - - 1 31","h8g6 a6g6 h7g6 g5g6","1562","76","100","2243","crushing master middlegame short","https://lichess.org/dEeTs70z/black#62","",""
"rumba","2","864","ba","exact","z7LZ1","3rk2r/p5pp/bp2p3/1qp2p2/2NPn3/b1PQP1B1/R4PPP/3B1RK1 w k - 6 20","a2a3 b5c4 d3c4 a6c4","1609","88","100","108","equality middlegame short","https://lichess.org/C8iThy6y#39","",""
"puffy","2","863","ff","exact","AcNDP","1r3b1k/6qr/1p4Rp/pP2PQp1/P7/8/6PP/5R1K b - - 6 42","g7d7 f5f8 b8f8 f1f8","1599","74","100","404","mate mateIn2 middlegame short","https://lichess.org/xek1m7Kj/black#84","",""
"filly","1","862","f","exact","BEA57","3r1bk1/1p3pp1/2p5/p3p2p/P1b1P3/2P1rP2/5KPP/RNR5 w - - 0 27","f2e3 f8c5","1587","75","100","1511","endgame mate mateIn1 oneMove","https://lichess.org/m4goLnBt#53","",""
"leash","3","860","eah","exact","1jiBk","1k2r2r/ppp4p/5p1b/1P1p4/3NP3/2PQ3P/q2NK1P1/6RR w - - 0 31","g1a1 e8e4 e2f2 a2d2 d3d2 h6d2","1682","76","100","284","advantage deflection exposedKing long middlegame pin","https://lichess.org/vFZZ0FAO#61","",""
"dance","4","858","dace","exact","IBwRQ","5rk1/5p1p/3Pp1p1/2pnP3/1p1p4/1P1P2R1/2P3PP/q1BQ2K1 w - - 6 27","g3f3 d5c3 d1f1 a1c1 f1c1 c3e2 g1h1 e2c1","1839","77","96","11460","attraction crushing endgame fork sacrifice veryLong","https://lichess.org/WWwq05SB#53","",""
"facet","4","856","face","exact","MhvoT","7r/Qp1k1ppp/3qpn2/3p4/8/1P3N2/P4PPP/5RK1 b - - 0 20","d6a6 f3e5 d7e7 a7c5 a6d6 c5d6 e7d6 e5f7 d6e7 f7h8","1603","76","92","3963","advantage attraction endgame fork veryLong","https://lichess.org/g6IztM9f/black#40","",""
"chili","2","855","ch","exact","bbpi4","1n1q2k1/5rp1/5p1p/5Q2/3p4/6RP/Pr4P1/2R4K b - - 0 33","b2a2 c1c8 a2a1 h1h2","1614","103","100","70","defensiveMove equality middlegame pin short","https://lichess.org/TfD5VxLT/black#66","",""
"audio","2","850","ad","exact","KWlVE","8/5kp1/2R5/8/1R6/2p4p/q5P1/7K w - - 0 47","g2h3 a2d5 h1g1 d5c6","1578","76","100","1644","crushing endgame fork master masterVsMaster queenRookEndgame short","https://lichess.org/sNl9zJeg#93","",""
"fable","4","848","fabe","exact","G6EpA","Rk4r1/5p2/1p2p2p/4R3/1P6/2P2q2/5PnP/5Q1K b - - 1 31","b8a8 f1a6 a8b8 a6b6 f3b7 b6d6 b7c7 e5b5","1648","74","99","3058","crushing endgame exposedKing pin veryLong","https://lichess.org/Aor2YdLe/black#62","",""
"cloak","2","847","ca","exact","H7nid","1r2k3/R7/6p1/2B1br1p/B7/2Pp4/PP1Kb3/7R b - - 5 32","e8d8 c5e7 d8c8 a4d7","1583","75","100","1792","mate mateIn2 middlegame short","https://lichess.org/UqHqd8iv/black#64","",""
"balmy","2","844","ba","exact","36sx9","4k3/2p2pQ1/p7/1p3N2/6P1/2P3RK/qr6/8 w - - 11 42","g3d3 b2h2 h3g3 a2f2","1590","77","100","642","endgame mate mateIn2 short","https://lichess.org/rOM9Ee8O#83","",""
"flash","3","843","fah","exact","AWBo4","8/6PK/R7/2k5/1p6/8/p4r2/8 w - - 0 62","a6a2 f2a2 g7g8q a2h2 h7g6 h2g2 g6f7 g2g8","1622","76","100","1111","crushing endgame master rookEndgame skewer veryLong","https://lichess.org/GxJEeKgo#123","",""
"unwed","2","842","ed","exact","9MEnU","2kr3r/1b1nb3/pp2qpp1/1P2p3/P2P4/N3BN1P/4RPP1/R2Q2K1 b - - 0 22","b7f3 e2c2 c8b8 d1f3","1598","75","100","554","advantage discoveredAttack middlegame short","https://lichess.org/pD3x1HEE/black#44","",""
"early","2","841","ea","exact","tsVco","r3k3/ppp1b2p/4Q3/4p2q/4P3/3P2P1/PP1K1P1P/n1B3NR w q - 1 16","e6f5 e7b4 d2e3 a1c2","1628","76","100","1124","mate mateIn2 middlegame short","https://lichess.org/7CBw5jjw#31","Vienna_Game Vienna_Game_Max_Lange_Defense",""
"churn","2","840","ch","exact","6W0Eg","2r5/p1Pk1pp1/4p3/3pP1P1/7P/6K1/8/2R5 b - - 0 36","c8c7 c1c7 d7c7 h4h5","1584","78","100","98","crushing defensiveMove endgame rookEndgame short","https://lichess.org/x0PYpdqx/black#72","",""
"weedy","3","839","eed","exact","RoOp2","6k1/p4pp1/8/3qb3/1P2r1p1/6P1/P2B1Q1P/R4BK1 w - - 1 31","a1d1 e5d4 d2e3 e4e3 d1d4 d5d4","1605","75","100","909","advantage long middlegame pin","https://lichess.org/m8SY7043#61","",""
"lease","3","838","eae","exact","r5LMg","r6k/2p3p1/5p1p/3Pp2P/3rP1P1/1PQ5/1P1Nq3/1K3R1R w - - 3 33","d2c4 e2e4 c3c2 a8a1 b1a1 e4c2","1663","75","99","788","advantage deflection long middlegame queensideAttack","https://lichess.org/K5fzwbDK#65","",""
"spoof","1","837","f","exact","DZuha","6k1/4Bp1p/1Q4pb/3pP3/P4q2/1P6/2P4P/2RKrR2 w - - 3 41","d1e1 f4d2","1613","76","100","1433","endgame master mate mateIn1 oneMove","https://lichess.org/M9lje8Hu#81","",""
"blend","3","835","bed","exact","mxjpc","8/3k4/2p1R3/1pP1K3/3P3p/1r5P/8/8 w - - 1 48","d4d5 b3e3 e5f6 e3e6 d5e6 d7e8","1601","75","100","238","crushing defensiveMove endgame long rookEndgame","https://lichess.org/b6qMRyXq#95","",""
"salsa","2","834","aa","exact","i80jo","r7/1kp1PP2/2p4p/2b2Q2/3q4/p7/1PP5/2K1RR2 w - - 0 42","f5f6 a3b2 c1b1 a8a1","1588","76","100","653","advancedPawn endgame mate mateIn2 short","https://lichess.org/56QXhuq2#83","",""
"thick","2","833","hc","exact","Y5QU1","8/4kb2/5p1p/2N3p1/B2PPKPP/2r5/8/8 w - - 0 42","h4g5 h6g5 f4f5 c3f3","1601","75","100","674","endgame mate mateIn2 short","https://lichess.org/J7avcQ6x#83","",""
"manic","2","831","ac","exact","oDRVF","r1r3k1/q4p2/3R3p/2n1Q1p1/2B1P3/1P3PBP/P5P1/1K1R4 w - - 1 27","d6h6 a7a2 b1c1 c5b3","1613","75","100","898","mate mateIn2 middlegame pin queensideAttack short","https://lichess.org/gRNQyuLa#53","",""
"blare","3","830","bae","exact","em6YB","2kr4/Qpp1R3/5pp1/8/2Pp1P2/P5q1/1P5r/RK6 b - - 3 26","h2h1 b1a2 h1a1 a2a1 g3e1 e7e1","1650","100","100","40","endgame","https://lichess.org/jV7Bjr2u/black#52","",""
"probe","2","828","be","exact","Nr5to","1r6/2pk3p/3p2p1/2pn1p2/2NrP3/PPR1KP2/5P1P/6R1 w - - 3 30","e4d5 b8e8 c4e5 e8e5","1580","75","100","143","endgame mate mateIn2 short","https://lichess.org/PVslaqyD#59","",""
"crepe","3","827","cee","exact","dOKeg","4r1r1/pb3k2/4p2p/3q1p2/PPBp1p2/5P2/4Q1PP/1R2R1K1 b - - 2 26","d5f3 c4e6 f7f8 e2f3 b7f3 e6g8","1606","76","100","1382","advantage intermezzo long middlegame","https://lichess.org/6xZlLarx/black#52","",""
"knack","2","826","ac","exact","eGn6k","2kr3r/pp2bpp1/2p1pnbp/q1n5/2PP1N1B/P1N2P2/1P1QB1PP/2KR3R w - - 3 15","b2b4 a5a3 d2b2 c5b3","1586","221","100","6","middlegame","https://lichess.org/q5DLCTYC#29","Scandinavian_Defense Scandinavian_Defense_Mieses-Kotroc_Variation",""
"force","3","825","fce","exact","SyquF","5rk1/1pp3pp/1n4b1/p1N1p3/P1PP4/1PQ5/5qBP/5R1K b - - 1 30","f2d4 f1f8 g8f8 c5e6 f8e7 e6d4","1599","75","100","1258","attraction crushing fork long middlegame","https://lichess.org/5VnFffO5/black#60","",""
"debut","3","824","deb","exact","OfOcL","8/K7/1P5p/3kbbpP/3p4/8/3R4/8 b - - 4 53","d5e4 d2e2 e4d5 e2e5 d5e5 b6b7","1568","75","100","1320","advancedPawn advantage endgame long sacrifice","https://lichess.org/cczumBqA/black#106","",""
"order","2","823","de","exact","mo7AL","8/8/p7/5p2/PP1K4/8/3k4/8 b - - 1 55","f5f4 d4e4 f4f3 e4f3","1594","77","100","265","crushing endgame pawnEndgame short","https://lichess.org/xC6WB4GN/black#110","",""
"haste","3","822","hae","exact","Wloaa","r3k3/1p6/p5p1/2Qp4/5P1q/P3P3/1P2KP1n/R1B5 w q - 1 19","c5d5 h4g4 e2d3 a8d8 d5d8 e8d8","1523","76","97","2382","advantage endgame long pin","https://lichess.org/AFYJmvwN#37","",""
"teeth","3","821","eeh","exact","Uw7pn","8/8/kp2N2P/p3p3/6p1/4Kbb1/8/8 b - - 0 48","g3f4 e6f4 e5f4 e3f4 f3d5 h6h7","1597","76","100","798","advancedPawn crushing endgame long","https://lichess.org/DJV2ggF3/black#96","",""
"agent","3","820","age","exact","kYcvZ","5r2/R1b3N1/2p1Pkp1/1p1p4/3P2p1/2P5/6P1/6K1 b - - 8 39","f8c8 a7c7 c8c7 g7e8 f6e6 e8c7","1496","75","100","505","attraction crushing endgame fork long sacrifice","https://lichess.org/M4FZvpHT/black#78","",""
"widen","2","819","de","exact","MUEaa","8/6k1/3K3p/1p2Pp1P/8/8/8/8 b - - 1 41","g7f7 d6d7 b5b4 e5e6","1593","75","100","295","crushing endgame pawnEndgame short","https://lichess.org/aXbrtFL0/black#82","",""
"slice","2","817","ce","exact","PX7Qn","6k1/2q3p1/2N1rp1p/3b4/3Pp3/2Q1P3/5PPP/2R3K1 w - - 2 29","c6b4 c7c3 c1c3 e6b6","1615","74","100","183","advantage endgame master short","https://lichess.org/Ska0rAGb#57","",""
"ingot","1","816","g","exact","o7BBh","r4rk1/pp3p2/3p1Ppp/2p1p3/3nP1qP/1P1PbNN1/1PP3P1/R2Q1R1K w - - 3 18","f3d4 g4h4","1620","77","100","374","kingsideAttack mate mateIn1 middlegame oneMove","https://lichess.org/7K5LiOlF#35","Sicilian_Defense Sicilian_Defense_Bowdler_Attack",""
"clash","3","815","cah","exact","kifcJ","r2r2k1/5pp1/P3p3/Q6p/2R5/4q1P1/6PP/2R2K2 b - - 4 32","d8d2 c4c8 g8h7 a5h5 e3h6 h5h6","1543","75","100","687","crushing endgame long","https://lichess.org/Sm8uM2xk/black#64","",""
"blood","2","814","bd","exact","7XkYs","6k1/2pr1pp1/7p/p3P3/Pp1P4/1q2PQ1P/6P1/5RK1 w - - 0 28","d4d5 b3d5 f3d5 d7d5","1603","76","100","431","advantage endgame short","https://lichess.org/cBVB6wYc#55","",""
"abode","4","813","abde","exact","noQ8s","8/3k4/5P2/4pN2/p3P1K1/1pP5/1P6/8 w - - 0 52","f5e3 a4a3 b2a3 b3b2 f6f7 d7e7 f7f8q e7f8","1615","74","96","9119","advancedPawn advantage endgame knightEndgame veryLong","https://lichess.org/VoumxRmY#103","",""
"cacti","3","806","cac","exact","3Lvkt","1k5r/1p2n1pp/5pq1/QN1r4/3b4/1P4N1/P4PPP/2R3K1 b - - 0 23","h8c8 c1c8 e7c8 a5c7 b8a8 c7c8","1591","75","100","890","deflection long mate mateIn3 middlegame queensideAttack","https://lichess.org/zOproZjM/black#46","",""
"tacky","2","805","ac","exact","xs0hf","8/6b1/1PP3k1/4p3/4P3/Bp3pp1/6P1/2K5 b - - 0 43","f3g2 a3c5 g7f8 c5g1","1614","77","100","308","bishopEndgame crushing defensiveMove endgame quietMove short","https://lichess.org/zLVMehAy/black#86","",""
"demon","2","804","de","exact","V0fmx","6k1/p5p1/P2q3p/R2p1b2/4r3/8/4nPPP/3Q1R1K w - - 4 34","a5d5 d6h2 h1h2 e4h4","1593","83","100","76","middlegame","https://lichess.org/5tDNey6p#67","",""
"begin","3","801","beg","exact","RBoX9","r3r1k1/1q3R1p/3p2pB/p1p5/1p6/3Pn1PP/PPPQ3K/5R2 w - - 7 28","d2e3 b7f7 f1f7 e8e3 f7g7 g8h8","1621","77","100","675","advantage intermezzo long middlegame","https://lichess.org/RtHQ3tP9#55","",""
"fuzzy","1","800","f","exact","l1uwK","Qn2kb1r/p3pppp/5n2/3pqb2/2P5/5K2/P2N1PPP/R4BNR w k - 4 12","a1e1 f5g4","1587","75","100","1898","mate mateIn1 oneMove opening","https://lichess.org/ISZTBOfz#23","Queens_Pawn_Game Queens_Pawn_Game_Accelerated_London_System",""
"patch","3","799","ach","exact","vbwwY","4k3/2R5/1K2Pp2/1P3Pp1/6P1/7p/r7/8 w - - 0 50","b6c6 a2c2 c6b6 c2c7 b6c7 h3h2","1341","74","100","479","advancedPawn crushing endgame long rookEndgame","https://lichess.org/dglveNQv#99","",""
"admin","2","797","ad","exact","HN9rr","8/8/p2k2pp/2p1p3/PP2Pp1P/2K2P2/6P1/8 w - - 0 43","b4b5 a6b5 a4b5 d6c7","1577","76","100","887","crushing defensiveMove endgame pawnEndgame short","https://lichess.org/qqwaufjE#85","",""
"omega","3","796","ega","exact","0CSLk","r3r1k1/p4ppp/q5b1/8/3P3P/8/P2QBPP1/R3K2R w KQ - 1 22","e1f1 e8e2 d2e2 g6d3 e2d3 a6d3","1506","78","100","181","advantage long middlegame pin sacrifice","https://lichess.org/OHemHdeR#43","",""
"tabby","3","795","abb","exact","9dQni","8/8/5p2/4p1p1/PK2P1Pp/5k1P/8/8 b - - 0 56","f3e4 a4a5 e4d5 b4b5 d5d6 b5b6","1589","80","100","68","crushing defensiveMove endgame long pawnEndgame quietMove","https://lichess.org/Zy6WFhZP/black#112","",""
"macho","3","794","ach","exact","hberh","2rr2k1/p5pp/b3p3/1pqpPp2/1B3P2/P3nNPK/R1B4P/3Q3R b - - 9 24","c5c2 a2c2 e3d1 c2c8 d1f2 h3g2 d8c8 g2f2","1363","75","100","453","advantage middlegame veryLong","https://lichess.org/9tla9rmj/black#48","",""
"skiff","2","792","ff","exact","DLhfo","r2r2k1/6np/2p2Rp1/p1p5/P1Pq2P1/1P3Q1P/8/5R1K b - - 6 32","d4d3 f6f8 d8f8 f3d3","1599","76","100","300","advantage deflection middlegame short","https://lichess.org/r2eNPAgO/black#64","",""
"basis","2","791","ba","exact","aMUGV","8/8/6kN/5p2/2K4P/6P1/8/1b6 w - - 3 46","h6g8 b1a2 c4d3 a2g8","1610","76","100","80","endgame","https://lichess.org/Kh1r1SNA#91","",""
"verge","3","789","ege","exact","v6yVa","rn2r1k1/ppp1bppp/8/8/3N2B1/3Q4/PPPP2qP/R1B1K2R w KQ - 0 13","g4f3 e7h4 e1d1 g2h1 f3h1 e8e1","1577","75","100","266","doubleCheck long mate mateIn3 opening sacrifice","https://lichess.org/dSJ9CocK#25","Elephant_Gambit Elephant_Gambit_Paulsen_Countergambit",""
"botch","3","788","bch","exact","NtNC4","2N4R/1pp2p2/k2p1pb1/p2P4/PP2p1r1/K1P5/8/8 b - - 0 35","b7b6 b4b5 a6b7 c8e7 g6h7 h8h7","1467","78","100","95","endgame","https://lichess.org/MUruyxui/black#70","",""
"crawl","2","787","ca","exact","VOzso","R1b3r1/4pp1p/1k3np1/pNp5/P3P3/2N2P1P/6P1/6K1 b - - 0 26","c8d7 c3d5 f6d5 a8g8","1583","75","100","955","advantage deflection endgame short","https://lichess.org/KKGNtHF0/black#52","",""
"cubic","3","785","cbc","exact","YB2Kf","8/p7/1kP5/8/6R1/2p3P1/1r6/6K1 w - - 0 42","g4c4 c3c2 c6c7 b2b1 g1f2 c2c1q","1599","77","100","637","advancedPawn crushing endgame exposedKing long promotion rookEndgame","https://lichess.org/N6Y6UHEb#83","",""
"wrack","2","783","ac","exact","NqE9G","3r4/5k2/p1p2pR1/8/2pp2P1/q2P1N2/2P1QPP1/6K1 w - - 2 29","g6h6 a3c1 e2e1 c1h6","1615","108","100","75","endgame equality fork short","https://lichess.org/DbUKObes#57","",""
"guide","3","782","gde","exact","4Y1HB","8/8/p2k1Pp1/1p4P1/1PpK3P/P7/8/8 w - - 2 46","h4h5 g6h5 g5g6 d6e6 g6g7 e6f7","1602","76","100","913","crushing endgame long pawnEndgame","https://lichess.org/Hy8yK5xE#91","",""
"foist","1","781","f","exact","XW1e8","8/4r1kp/1p4p1/pP2q3/Pp6/5Q2/6PP/5R1K b - - 1 37","e5e2 f3f8","1614","75","100","531","endgame mate mateIn1 oneMove","https://lichess.org/IuRWAHzH/black#74","",""
"cameo","3","780","cae","exact","DuNqe","8/8/p1k5/3p2p1/2PPp1P1/4K3/P7/8 b - - 0 39","a6a5 c4d5 c6d5 a2a4 d5d6 e3e4","1500","77","100","260","crushing endgame long pawnEndgame quietMove zugzwang","https://lichess.org/IwXfYic9/black#78","",""
"under","2","779","de","exact","Wr27s","2kr3r/ppp2ppp/2n5/b6q/4n3/P1NPBp1P/1PP2P2/1K1RQB1R b - - 3 15","h8e8 d3e4 d8d1 e1d1","1593","75","100","1011","advantage middlegame short","https://lichess.org/eS4YI9Sc/black#30","Scandinavian_Defense Scandinavian_Defense_Mieses-Kotroc_Variation",""
"actor","2","778","ac","exact","srPV4","8/kpN5/p2pQ2p/2b1p3/q5P1/2PP3P/1P3r2/1K1R1R2 w - - 1 38","e6c4 a4c2 b1a1 c2b2","1583","75","100","174","mate mateIn2 middlegame queensideAttack short","https://lichess.org/rWlmSa3P#75","",""
"fraud","3","776","fad","exact","TMn9c","6k1/R2n1pp1/4p2p/3qP3/3P4/3Q1NKP/1r3PP1/8 b - - 4 29","d7e5 f3e5 b2b3 a7a8 d5a8 d3b3","1596","75","100","402","advantage deflection endgame long","https://lichess.org/TLmZGZ1D/black#58","",""
"harpy","2","775","ha","exact","WWO7N","7k/R7/p6p/6pK/P3r3/7P/8/8 b - - 1 42","e4a4 h5g6 a4b4 a7a8 b4b8 a8b8","1587","123","100","36","endgame master","https://lichess.org/xHXhOdnW/black#84","",""
"climb","2","773","cb","exact","EiJTI","8/3n1k2/2P5/1R6/2P5/4r3/PK6/8 b - - 0 59","d7f6 c6c7 e3e8 b5b8","1597","76","100","314","advancedPawn crushing endgame short","https://lichess.org/UY43Rl9J/black#118","",""
"refer","3","772","efe","exact","HCKGC","4rk2/p6p/6pP/1R3p1n/8/1BP2R2/PP4PK/2r5 w - - 0 38","b5b7 e8e1 b7b8 f8e7 f3e3 e1e3","1600","74","100","344","crushing endgame long quietMove","https://lichess.org/ZgM3dkU7#75","",""
"olden","2","771","de","exact","f15il","6k1/3q3p/3pr1pB/1p1Pnp2/1P1Q4/6PP/r4PK1/2R2B2 w - - 0 30","d5e6 d7b7 g2g1 e5f3","1607","75","100","672","crushing middlegame short","https://lichess.org/fUUQ8HDH#59","",""
"clerk","2","770","ce","exact","zowsE","3rb1k1/4bppp/4p3/1p2P3/5BN1/1P1Q3P/5PP1/2r2RK1 w - - 0 29","d3d8 c1f1 g1f1 e7d8","1585","108","100","73","equality intermezzo middlegame short","https://lichess.org/3KS7XDTg#57","",""
"debar","4","769","deba","exact","SjlMT","rn2k2r/p1p1pp1p/1p4pn/3q4/8/3P1P2/PPPQ2PP/RN2K1NR w KQkq - 0 9","d2h6 d5e5 g1e2 e5b2 e1g1 b2a1 b1c3 a1b2 h6g7 h8f8","1612","74","95","22019","advantage defensiveMove middlegame trappedPiece veryLong","https://lichess.org/Dzhm6PV7#17","Modern_Defense Modern_Defense_Other_variations",""
"ethic","3","767","ehc","exact","Ju4Jx","2k4r/3n4/1pp1N3/4q3/4PpQ1/P7/1PP3P1/3R2K1 w - - 4 32","e6f4 e5c5 g1f1 h8h1 f1e2 c5c2","1582","86","100","41","endgame","https://lichess.org/9DLsLehR#63","",""
"cairn","2","766","ca","exact","VWe4O","4rk2/RQR1npp1/4bqr1/7p/8/B5P1/P4P1P/6K1 b - - 2 23","f6a1 c7c1 a1c1 a3c1","1582","75","100","1658","advantage defensiveMove middlegame short","https://lichess.org/wWH86rxo/black#46","",""
"ghoul","2","764","gh","exact","yNZVf","8/8/4k2P/3p1pp1/6P1/4K3/8/8 b - - 0 48","e6f6 g4f5 f6f5 h6h7","1599","75","100","1584","advancedPawn crushing endgame pawnEndgame short","https://lichess.org/7tgFksfx/black#96","",""
"crude","3","762","cde","exact","0tCfa","8/p2R4/q3r1k1/4Bp1p/3p1P2/7P/6P1/2R4K b - - 1 43","e6c6 c1c6 a6c6 d7d6 c6d6 e5d6","1604","74","100","554","crushing endgame fork long","https://lichess.org/viFKd8d6/black#86","",""
"apart","2","761","aa","exact","tdlj7","4k3/R2n1p1r/2B1bB1p/8/1bP5/1r6/5PPP/4R1K1 b - - 2 24","b4e1 a7a8 b3b8 a8b8","1612","75","100","2666","mate mateIn2 middlegame pillsburysMate pin short","https://lichess.org/k9lCYKQU/black#48","",""
"scale","3","760","cae","exact","3u3jT","1k1r4/pp1n1p2/2b1p2p/4P3/4N3/2P1B2P/q4Rr1/1R2Q1K1 w - - 0 22","g1g2 c6e4 g2h2 a2b1 e1b1 e4b1","1703","75","100","129","middlegame","https://lichess.org/uTqqs7Fj#43","",""
"older","2","759","de","exact","5lTWX","2r3k1/3Q1bpp/3R4/p3PR2/2pPp3/P1P1P2P/1r3KP1/3qB3 w - - 1 30","f2f1 d1e2 f1g1 e2g2","1592","75","100","97","middlegame","https://lichess.org/smH1JrlA#59","",""
"abbot","3","755","abb","exact","1kuCK","8/8/2K5/3p2k1/p2P4/1p6/8/4B3 w - - 0 48","e1c3 a4a3 c3b4 b3b2 b4a3 b2b1q","1578","75","100","215","advancedPawn bishopEndgame crushing endgame long promotion","https://lichess.org/suibfNGm#95","",""
"bound","2","751","bd","exact","3UjH1","3k4/5p2/2B1p1b1/1p2P1P1/1P3P2/2Pp4/3K1P1p/8 w - - 2 48","c3c4 b5c4 b4b5 d8c7","1595","75","100","1030","bishopEndgame crushing endgame short","https://lichess.org/F5inyyB6#95","",""
"befit","3","750","bef","exact","YLW1r","r4r1k/1bp3pp/1p4q1/3pNn2/1Q6/8/PPP2PPP/4RRK1 b - - 7 19","g6g5 b4f8 a8f8 e5f7 h8g8 f7g5","1607","75","100","1580","advantage kingsideAttack long middlegame sacrifice","https://lichess.org/FtN3eIWB/black#38","",""
"drawn","2","749","da","exact","VwM0Z","7r/pp3pk1/2pr3p/q2nRQp1/3P4/5NP1/PP3PP1/1K2R3 w - - 0 25","e5e7 d5c3 b2c3 a5f5","1590","76","100","819","crushing discoveredAttack middlegame short","https://lichess.org/e1GPz1IL#49","",""
"itchy","2","747","ch","exact","yVahl","rnb2rk1/pp3ppp/8/3p4/7q/1N2P3/PP1NB3/R1BQ1R1K w - - 2 16","h1g2 c8h3 g2h1 h3f1","1616","75","100","742","advantage discoveredAttack opening short skewer","https://lichess.org/S1D0BQMR#31","Queens_Pawn_Game Queens_Pawn_Game_Colle_System",""
"cheer","4","746","chee","exact","4rt9a","r4r1k/pp3Ppp/5b2/8/2R5/5P2/PPP3PP/1K5R b - - 0 25","a8c8 c4c8 f8c8 h1e1 c8f8 e1e8 f6e7 e8e7","1436","75","96","4846","advantage endgame pin quietMove veryLong","https://lichess.org/bvMh7G7W/black#50","",""
"bagel","4","745","bage","exact","RF1s2","r2k4/pb1p2pp/1p2r3/8/1BBQ2n1/6P1/P4p1P/5K2 w - - 0 29","c4e6 b7a6 e6c4 a6c4 d4c4 g4e3 f1f2 e3c4","1771","74","95","17692","attraction crushing endgame exposedKing fork veryLong","https://lichess.org/8VpzMkGe#57","",""
"guess","2","744","ge","exact","XN4e1","1q3rk1/4b1p1/1P6/R2p3p/2pB2rP/4P1PQ/2R2P1K/8 w - - 2 38","a5d5 g4h4 h3h4 e7h4","1608","75","100","316","advantage middlegame pin short","https://lichess.org/ua6vcKWp#75","",""
"broad","3","743","bad","exact","RFlZs","8/8/1p3p2/1rpkpPp1/rPRp2Pp/PR1P1P1P/1K6/8 w - - 0 40","b4c5 b5b3 b2b3 a4c4 d3c4 d5c5","1539","75","100","248","crushing endgame long rookEndgame","https://lichess.org/nImeWp4w#79","",""
"chard","4","741","chad","exact","LMySS","8/1rpQ2pk/3p1p1p/2p2P2/4P3/P1P3PP/q1rRBB1K/8 w - - 0 32","e2h5 c2d2 h5g6 h7h8 d7c8 a2g8 c8b7 d2f2","1527","77","95","6319","advantage hangingPiece master masterVsMaster middlegame pin veryLong","https://lichess.org/kVgOrRwm#63","",""
"caput","2","740","ca","exact","udH0K","B1bqr1k1/3n1ppp/4pn2/p3N3/PbpP1B2/6P1/1P2PP1P/R2Q1RK1 w - - 1 18","e5c4 c8a6 a8c6 a6c4","1618","151","100","39","equality opening short","https://lichess.org/a8K0Yve5#35","",""
"leant","2","739","ea","exact","Q11R3","3r1b2/1pk3p1/1P1p1p2/3P2p1/Q3P3/5P2/1P2KBqr/4R3 b - - 0 26","c7c8 e1c1 c8b8 a4a7","1629","75","100","114","mate mateIn2 middlegame short","https://lichess.org/uuKY9lAC/black#52","",""
"harsh","3","738","hah","exact","Odr2U","r6r/pp4k1/2p5/5Q2/3P2p1/4q1P1/PP4PP/R4RK1 w - - 1 28","g1h1 h8h2 h1h2 a8h8 f5h5 h8h5","1628","75","100","760","attraction endgame long mate mateIn3 sacrifice","https://lichess.org/ANRTUKWq#55","",""
"curse","2","737","ce","exact","CAtUu","2kr4/2p2Rpp/2b1p3/4P3/1b2P3/2N4P/Pq2N1P1/2Q4K b - - 2 25","b4c3 c1c3 b2c3 e2c3","1616","111","100","64","equality middlegame short","https://lichess.org/cJhZHOou/black#50","",""
"swing","1","735","g","exact","BcscK","4B3/8/1Q4pk/3p4/3Pb3/P1K4P/1P6/6q1 w - - 0 46","b6b3 g1e1","1621","341","100","3","endgame","https://lichess.org/QgwgNXKM#91","",""
"gumbo","2","732","gb","exact","YAh8W","5r2/pp1k1qp1/3p4/4pR2/1PP4B/P7/6Q1/7K b - - 0 32","f7f5 g2b7 d7e8 b7e7","1597","75","100","465","endgame mate mateIn2 short","https://lichess.org/DKjVhWJD/black#64","",""
"green","3","730","gee","exact","0yp2T","r3k3/pp3pp1/2n1p3/3p1r2/3P2K1/2P1P1bP/PP1NQ1Pq/R6R b q - 3 20","f5g5 g4g5 g3f4 e3f4 h2g3 e2g4","1610","74","100","320","advantage hangingPiece long middlegame","https://lichess.org/TPu2gQ3S/black#40","",""
"chasm","3","729","cha","exact","jUM94","4rr2/2R2pkp/6p1/1p6/p4q1P/2R5/6P1/Q6K b - - 1 33","f4h4 c3h3 h4f6 h3h7 g7h7 a1f6","1291","75","100","1106","advantage deflection discoveredAttack endgame long","https://lichess.org/0J8EoCqB/black#66","",""
"brush","2","725","bh","exact","EjDFq","5rk1/7R/p5Pb/1p1bBp2/1Q3P2/8/1PP1KP2/2qr4 b - - 5 31","d5c4 b4c4 b5c4 h7h8","1597","74","100","169","middlegame","https://lichess.org/MCJ6nusy/black#62","",""
"crane","3","724","cae","exact","ijiuL","2r3k1/pp3pp1/2p2n1p/8/6P1/1PQ1P2P/P2qN3/2R2K2 b - - 2 23","d2a2 c1a1 f6e4 a1a2 e4c3 e2c3","1568","75","99","1647","advantage endgame long trappedPiece","https://lichess.org/LpjQy7Ef/black#46","",""
"abled","4","722","abed","exact","Tv8l2","8/7p/1p6/p3k1p1/1PPp1pP1/P2K1P1P/8/8 w - - 0 38","b4b5 a5a4 c4c5 b6c5 b5b6 e5d6 b6b7 d6c7 b7b8q c7b8","1681","77","100","268","crushing endgame pawnEndgame quietMove veryLong zugzwang","https://lichess.org/3YOmJJiK#75","",""
"habit","3","721","hab","exact","wczzi","7r/P7/4k1p1/1K3pP1/8/8/7p/7R b - - 0 51","e6d6 h1h2 h8h2 a7a8q h2b2 b5c4","1586","99","100","47","endgame","https://lichess.org/CYdcm41k/black#102","",""
"lithe","2","716","he","exact","kVkX1","8/8/pKp5/3b1p1p/2p1kB2/P1P3P1/1P6/8 w - - 3 35","b6a6 h5h4 g3h4 e4f4","1586","75","100","1234","bishopEndgame crushing deflection endgame short","https://lichess.org/7cbtjrTU#69","",""
"fifty","2","713","ff","exact","LsNUx","8/5P1k/2prr1pp/2q1p3/1p2R1P1/5Q2/PP3P2/4R1K1 b - - 0 30","e6f6 f7f8q f6f3 f8f3","1599","75","100","158","endgame master","https://lichess.org/U4HesU25/black#60","",""
"giant","2","711","ga","exact","Rk9pd","8/6p1/r6p/3P1K2/4Pp2/pr3Pk1/R5P1/R7 w - - 3 47","e4e5 g7g6 f5e4 a6a4","1572","75","100","173","endgame mate mateIn2 rookEndgame short","https://lichess.org/1eqHszVu#93","",""
"legal","3","710","ega","exact","CuJMq","6bk/p6p/3PqrpP/n7/4B3/P1BPP3/1PQn4/1K3R2 w - - 2 31","c2d2 e6a2 b1c2 g8b3 c2c1 a2a1","1581","75","99","1595","long master mate mateIn3 middlegame queensideAttack","https://lichess.org/gVTHLjia#61","",""
"fatal","3","709","faa","exact","HyDTC","3r2k1/5qpp/5p2/R1B5/2p5/1b3Q1P/5PP1/3R2K1 b - - 0 30","d8d1 f3d1 b3d1 a5a8 f7e8 a8e8","1602","75","100","609","advantage endgame long sacrifice","https://lichess.org/pLuK2yUZ/black#60","",""
"flunk","1","708","f","exact","IEgDU","r1b3rk/pppqn3/2np1Q1p/2b4B/4PB2/5N2/PP3PPP/R3R1K1 b - - 0 16","h8h7 f6h6","1615","115","100","23","middlegame","https://lichess.org/YLuocGau/black#32","Scotch_Game Scotch_Game_Goring_Gambit",""
"began","4","707","bega","exact","jlx8l","8/1Q4p1/P5kp/8/5n2/7P/6PK/5q2 b - - 4 46","f4e2 b7e4 g6f7 e4f3 f1f3 g2f3 e2d4 a6a7","1802","78","93","2188","advancedPawn crushing endgame veryLong","https://lichess.org/I4IruBGA/black#92","",""
"scoff","3","703","cff","exact","1mZIn","8/8/1pk2p1R/2p2Np1/3b4/8/2r3K1/1R6 w - - 2 43","g2f3 c2f2 f3g4 f2f4 g4h5 f4f5","1595","75","100","521","advantage deflection endgame exposedKing long","https://lichess.org/c2Y2Lm9C#85","",""
"covey","2","702","ce","exact","XIygb","8/5pkp/p2pp1p1/4b3/2qN4/3R3P/PQ3P2/K7 w - - 3 38","b2c3 c4c3 d3c3 e5d4","1616","75","100","345","crushing endgame master pin short","https://lichess.org/OhYXBULP#75","",""
"vogue","2","698","ge","exact","jMRVS","6r1/pp1nk3/4pp2/3p4/8/2P2Nq1/PP1Q2P1/2K1R3 w - - 0 26","d2d5 g3e1 f3e1 e6d5","1592","87","100","48","endgame","https://lichess.org/HsiZ89IR#51","",""
"owing","1","697","g","exact","ZCDsX","r2q1b1r/pp2kpp1/4R3/1B1P3p/6Q1/2N5/PP1K1PPP/n1B5 b - - 0 14","f7e6 g4e6","1621","124","100","11","middlegame","https://lichess.org/tCxmhadv/black#28","English_Opening English_Opening_Caro-Kann_Defensive_System",""
"booth","2","694","bh","exact","jCLsq","2Q5/3P1pkp/6p1/p7/1p3B2/6PK/8/1q6 w - - 2 43","d7d8q b1h1 h3g4 h1h5","1597","76","100","2824","endgame mate mateIn2 short","https://lichess.org/wGjgtNY3#85","",""
"chide","4","692","chde","exact","tdqaz","8/8/2k4p/p1p2p2/P1K2Pp1/1P4P1/7P/8 w - - 0 33","c4c3 c6d5 c3d3 h6h5 d3c3 d5e4 c3c4 e4f3 c4c5 f3g2","1561","77","97","5213","advantage endgame pawnEndgame quietMove veryLong zugzwang","https://lichess.org/pc36rv4Y#65","",""
"elfin","2","691","ef","exact","TqPft","5r2/7k/p2p1rp1/1p1Ppn1p/4B3/1P1Q1P2/P1P2q2/1K1R2R1 b - - 2 31","f2e3 e4f5 e3d3 f5d3","1600","75","100","222","advantage middlegame short","https://lichess.org/88aygDm6/black#62","",""
"ebony","2","690","eb","exact","2PYkT","r2k3r/1p3Qb1/p2p3p/3Pn1p1/8/3B2B1/PqP2PPP/R4RK1 w - - 1 19","f7g7 e5f3 g2f3 b2g7","1595","126","100","54","discoveredAttack equality middlegame short","https://lichess.org/LF7N85uH#37","",""
"neigh","3","689","egh","exact","3SVca","5kr1/8/p2N4/1pp1Q1N1/4P3/2PP4/PP2q1K1/8 w - - 3 37","g2h3 e2h5 h3g2 g8g5 e5g5 h5g5","1592","74","100","178","endgame","https://lichess.org/621tC9PN#73","",""
"kneed","3","687","eed","exact","AjHml","8/p1p5/6pp/3PK3/1k6/8/P5PP/8 b - - 3 34","b4a3 e5e6 a3b4 e6d7 b4c5 d7c7","1592","74","100","255","crushing endgame long pawnEndgame","https://lichess.org/2kqimyql/black#68","",""
"decoy","3","686","dec","exact","ta7cl","r1r3k1/1b1n1ppp/1q1bpn2/p2pN3/1p1P4/2PQB2P/PPBN1PP1/R4RK1 b - - 1 16","d6e5 d4e5 b7a6 e3b6 a6d3 c2d3","1606","75","100","1064","advantage discoveredAttack long middlegame","https://lichess.org/s9St5Bgk/black#32","Pirc_Defense Pirc_Defense_Other_variations",""
"tribe","2","681","be","exact","Yyj5z","5rk1/pQ3ppp/3q1b2/2p5/2B5/8/P4PPP/4R1K1 b - - 0 21","d6b6 b7f7 f8f7 e1e8","1580","76","100","994","endgame mate mateIn2 pin sacrifice short","https://lichess.org/V2XIKLsl/black#42","",""
"cease","4","680","ceae","exact","QPOUM","3rr1k1/qp3ppp/p7/2bP1b2/P2p4/1B3P2/1P1Q1BPP/2RR2K1 w - - 3 25","f2d4 c5d4 d2d4 e8e1 g1f2 a7d4 d1d4 e1c1","1552","76","96","3832","advantage intermezzo kingsideAttack middlegame veryLong","https://lichess.org/FJncOVBB#49","",""
"eager","4","679","eage","exact","4AeGY","r3R1k1/5p1p/p1nq2p1/1pp2bB1/3b4/P2P2P1/B1P2P1P/4Q1K1 b - - 3 24","a8e8 e1e8 d6f8 a2f7 g8g7 g5h6 g7h6 e8f8","1714","76","98","4064","attraction crushing deflection kingsideAttack middlegame veryLong","https://lichess.org/SYqYPFcT/black#48","",""
"birth","2","678","bh","exact","5dksD","r2q1r1k/pp1bn1b1/2n3p1/2P2pN1/2Bpp3/BQ6/P2P2PP/RN2R1K1 b - - 3 18","c6e5 b3h3 g7h6 h3h6","1595","75","100","363","kingsideAttack mate mateIn2 middlegame short","https://lichess.org/wsAbDO5P/black#36","Modern_Defense Modern_Defense_Other_variations",""
"graph","3","677","gah","exact","laoVn","r4r1k/1p4q1/2p2nQ1/p2p2Np/3P2bP/2P1PR2/PP4P1/2K2R2 w - - 0 23","f3f6 g7g6 f6f8 a8f8 f1f8 h8g7","1637","74","100","398","crushing long middlegame","https://lichess.org/iR6axksZ#45","",""
"odder","3","676","dde","exact","Po7k4","r1r3k1/p4qpp/2b2p2/3Npn1P/8/BP1Q4/P4PP1/3RR1K1 b - - 0 29","f7h5 d3f5 h5f5 d5e7 g8h8 e7f5","1598","75","100","343","advantage attraction fork long middlegame sacrifice","https://lichess.org/tlPGWbUq/black#58","",""
"terra","2","675","ea","exact","jzsk7","8/8/5rnk/7p/P3R1p1/1PP2p2/5K2/5B2 b - - 3 45","f6f4 e4f4 g6f4 a4a5","1629","74","100","237","crushing defensiveMove endgame short","https://lichess.org/ktVtenAZ/black#90","",""
"weird","2","674","ed","exact","0jPsU","rn1Q1knr/2N1bpp1/2p4p/p3P3/8/4BNPb/qPP1BP1P/2KR3R b - - 3 19","e7d8 e3c5 g8e7 d1d8","1603","77","100","1144","intermezzo mate mateIn2 middlegame short","https://lichess.org/ggs1shDS/black#38","",""
"tried","2","673","ed","exact","U9MyQ","7k/4N1p1/1pq4p/1n6/p6P/3Q1PP1/6K1/8 b - - 1 43","c6e6 e7g6 e6g6 d3g6","1603","77","100","290","crushing endgame master short","https://lichess.org/enVV5Fbf/black#86","",""
"clack","3","672","cac","exact","dkLwb","2r3k1/Q4ppp/4pn2/3p4/1P1P4/P1q1B3/2r2PPP/R1R3K1 w - - 5 19","c1c2 c3a1 e3c1 a1c1 c2c1 c8c1","1577","76","100","362","backRankMate hangingPiece long mate mateIn3 middlegame xRayAttack","https://lichess.org/D7JHWtyN#37","",""
"rough","2","670","gh","exact","MkQV8","r1b1k2r/1p1p2p1/p3pp2/2p2PB1/P1BnP1p1/2NP2q1/1PPK2Pb/R2QNR2 w kq - 0 17","g5f4 g3f4 f1f4 h2f4","1602","74","100","697","mate mateIn2 middlegame short","https://lichess.org/iAFJFp93#33","Sicilian_Defense Sicilian_Defense_Grand_Prix_Attack",""
"weigh","3","669","egh","exact","E0DTw","7R/8/4k1K1/8/8/8/8/6r1 w - - 58 91","g6h7 e6f7 h7h6 g1h1 h6g5 h1h8","1611","76","100","622","crushing endgame long rookEndgame skewer","https://lichess.org/iaFLMLP7#181","",""
"ladle","3","667","ade","exact","xwToR","6k1/pp2rp1p/4r1p1/2Q5/q7/P1P5/1P3PPP/1R3RK1 w - - 0 24","b1d1 a4d1 c5e7 d1f1 g1f1 e6e7","1547","74","100","321","crushing endgame long master","https://lichess.org/RtZNQWTU#47","",""
"craft","3","666","caf","exact","4SPIw","6k1/5pp1/4p2p/1PqpPn2/5P2/1R1Q2P1/r6P/1R5K w - - 4 34","b5b6 c5f2 b3b2 a2b2 b1b2 f2b2","1582","75","100","799","crushing endgame long","https://lichess.org/2o555D5e#67","",""
"dicey","3","665","dce","exact","7ZaHU","r4rk1/1bpp1p1p/1p4p1/p2Pq3/8/P2B4/1PQ2PPP/R3R1K1 b - - 1 17","e5d5 d3e4 d5c5 c2c5 b6c5 e4b7","1590","76","100","96","middlegame","https://lichess.org/o0UJDDIM/black#34","Owen_Defense Owen_Defense_Other_variations",""
"lucid","2","663","cd","exact","1zEgi","r6r/p4p2/3qp1kp/2R3pP/2R4P/1P1p4/P2Q1P2/6K1 b - - 0 32","g6h5 c5g5 h6g5 d2g5","1601","76","100","183","endgame master mate mateIn2 sacrifice short","https://lichess.org/HHDRVaaB/black#64","",""
"vicar","2","662","ca","exact","12HSq","r1q1k2r/1QBnbppp/p3pn2/3p1b2/3P4/2N1PN2/PP3PPP/R3KB1R w KQkq - 3 11","f1a6 c8b7 a6b7 a8a7","1619","107","100","38","middlegame","https://lichess.org/FnAdmSxN#21","English_Opening English_Opening_Caro-Kann_Defensive_System",""
"dress","2","661","de","exact","UCey6","2rr2k1/4npp1/pq2pb1p/1p2N3/3PQ3/PP4P1/1B3P1P/2R1R1K1 w - - 1 23","e5d7 d8d7 c1c8 e7c8","1592","75","100","847","advantage hangingPiece master middlegame short","https://lichess.org/B3nH6cVI#45","",""
"ditch","3","660","dch","exact","kE0uP","8/1p4p1/3K4/1pP3p1/5k2/2P4P/8/8 b - - 3 34","f4g3 d6c7 b5b4 c3b4 g5g4 h3g4","1568","78","100","1411","crushing endgame long pawnEndgame","https://lichess.org/IwxR6ewg/black#68","",""
"gypsy","1","659","g","exact","Lysjk","4k3/8/p3p3/5pQ1/2PR1P2/1P4K1/P7/6q1 w - - 1 47","g3h4 g1h2","1622","76","100","1231","endgame mate mateIn1 oneMove","https://lichess.org/74QDcd81#93","",""
"pasta","2","658","aa","exact","YGcYL","r7/6p1/2p3p1/2B5/1P6/2kp2P1/7P/3K1R2 w - - 4 33","d1e1 a8a1 e1f2 a1f1","1613","74","100","426","crushing endgame short","https://lichess.org/NBETwU5J#65","",""
"taffy","3","657","aff","exact","KqFav","r6k/2p3b1/pp1p2Pp/8/3P2q1/2PQB3/PP4K1/R3R3 w - - 3 29","g2f2 a8f8 e3f4 f8f4 f2e3 f4f3","1616","75","100","381","crushing exposedKing long middlegame","https://lichess.org/bT7gRNoW#57","",""
"flame","3","656","fae","exact","P0zRg","8/6p1/p4k1p/2p5/P1P2KP1/7P/8/8 b - - 0 38","g7g5 f4e4 f6e6 a4a5 e6d6 e4f5","1568","75","100","986","crushing defensiveMove endgame long pawnEndgame quietMove zugzwang","https://lichess.org/cBSNWd9L/black#76","",""
"aloof","2","655","af","exact","UbPqL","1k1r4/ppq2p2/2pPpQp1/7p/R2n4/7P/PP3PP1/5RK1 b - - 0 25","d8d6 a4d4 d6d4 f6d4","1604","74","100","389","advantage endgame master short","https://lichess.org/jax6rxQJ/black#50","",""
"sight","2","654","gh","exact","wMb6C","8/8/8/6kp/6p1/6P1/7K/8 b - - 9 56","h5h4 g3h4 g5h4 h2g2","1602","90","100","88","defensiveMove endgame equality pawnEndgame short","https://lichess.org/LPSsC7sg/black#112","",""
"broke","2","653","be","exact","bCXex","1B3rk1/p2n1ppp/1q6/5b2/3Pn3/2Q1P3/PP3PPP/R3KBNR w KQ - 1 14","c3b3 b6a5 b3c3 e4c3","1620","75","100","257","crushing middlegame short","https://lichess.org/pxDXhbEf#27","Queens_Pawn_Game Queens_Pawn_Game_Accelerated_London_System",""
"teary","2","652","ea","exact","cHLYu","r7/4kp2/3p4/1NpPp3/2P1P2b/1KP2P2/4n3/6Q1 w - - 15 51","g1h2 e2c1 b3b2 a8a2","1569","78","100","484","crushing endgame master short","https://lichess.org/oTYIuhXU#101","",""
"chart","3","651","cha","exact","ZZ5Mz","8/5k2/P7/5P2/8/2R5/5r1p/7K b - - 0 54","f2f5 c3a3 f5f1 h1h2 f7e7 a6a7","1935","76","100","145","advancedPawn crushing endgame long quietMove rookEndgame","https://lichess.org/dKtq2I8R/black#108","",""
"sheer","3","649","hee","exact","0Sskx","4rr1k/p1pp3p/1p4p1/3Q4/2P4q/8/PP2RPPP/R5K1 w - - 5 19","a1e1 h4f2 e2f2 e8e1 f2f1 e1f1","1575","75","100","1702","deflection endgame kingsideAttack long mate mateIn3 sacrifice","https://lichess.org/JwmAomdx#37","",""
"bulge","3","646","bge","exact","Iyuj5","r7/6pp/1R6/P2k4/2rp1N1P/5PP1/5K2/8 b - - 7 40","d5e5 b6e6 e5f5 g3g4 f5f4 e6e4","1617","74","100","410","endgame long mate mateIn3 sacrifice","https://lichess.org/BTVypVTV/black#80","",""
"clamp","2","644","ca","exact","1fI81","1k1r4/2p5/1p5p/nQ4p1/P7/2P1B2q/1P3P2/2K1R3 w - - 0 33","e3b6 c7b6 b5b6 a5b7","1619","116","100","70","defensiveMove endgame equality short","https://lichess.org/7Di1wwv4#65","",""
"funky","1","643","f","exact","rdpRE","8/ppk5/2p1pn2/5pN1/3P1Pp1/8/PP2BPKr/R4R1r w - - 13 31","g2g3 f6h5","1585","75","100","662","mate mateIn1 middlegame oneMove","https://lichess.org/PBpU4tw9#61","",""
"foamy","2","642","fa","exact","kETPS","rnb2rk1/1p5p/pq2p1p1/8/4Q3/2N1P3/PPP3PP/R4RK1 b - - 0 16","b6b2 f1f8 g8f8 a1f1","1625","124","100","23","middlegame","https://lichess.org/3a57ibMo/black#32","French_Defense French_Defense_Rubinstein_Variation",""
"brand","3","640","bad","exact","iDfss","8/8/8/pr1k4/R4PK1/8/8/8 w - - 4 49","f4f5 b5b4 a4b4 a5b4 f5f6 d5e6","1534","75","100","3027","crushing endgame long rookEndgame","https://lichess.org/0cUJwulc#97","",""
"dingy","2","638","dg","exact","HRQOw","5bk1/1b1R2pp/2q2P2/p7/1pr2BQ1/7P/1P4P1/3R3K b - - 0 33","c4f4 d7g7 f8g7 g4g7","1602","75","100","201","master middlegame","https://lichess.org/yaWFgec8/black#66","",""
"butte","2","637","be","exact","fH0GJ","2kr1br1/pp1n1p2/1q3p1p/3p4/3P4/2PBP2P/PP1N1P2/R2Q1R1K w - - 0 15","d1b3 b6e6 d3f5 e6f5","1620","75","100","1487","crushing master middlegame short","https://lichess.org/u21yzu1r#29","Queens_Pawn_Game Queens_Pawn_Game_Zukertort_Variation",""
"bicep","3","634","bce","exact","z2ReJ","2Q5/p7/kp2p3/n1pq4/8/2P5/4KP2/1R6 b - - 9 44","a5b7 b1a1 a6b5 c8e8 b5c4 e8a4","1591","76","100","240","crushing endgame long","https://lichess.org/6PCTf1Rd/black#88","",""
"drama","3","631","daa","exact","TCu0g","8/8/4R3/5P2/3kP3/r5Pp/7P/6K1 w - - 4 40","f5f6 d4e3 e6d6 a3a1 d6d1 a1d1","1607","75","100","804","endgame long mate mateIn3 rookEndgame","https://lichess.org/CmthRHfP#79","",""
"hyena","3","630","hea","exact","bbf3K","6Q1/p7/R6p/4p3/6Pk/4q2P/P7/7K w - - 3 53","g8d8 h4g3 a6a3 e3a3 d8d2 a3f3","1709","75","98","565","crushing defensiveMove endgame long","https://lichess.org/kufuh9b3#105","",""
"cobra","3","627","cba","exact","aqe4b","8/8/8/p3k3/2K5/1P6/8/8 b - - 2 59","e5d6 c4b5 d6c7 b5a5 c7b7 a5b5","1616","75","100","557","crushing defensiveMove endgame long pawnEndgame","https://lichess.org/U9uP6TsH/black#118","",""
"basil","2","626","ba","exact","txdhO","k2r3r/pp5p/2p3p1/2Np1p2/Q1nP3P/1RP1q3/P7/K2R4 b - - 0 29","e3e2 b3b7 e2d1 a4d1","1610","75","100","150","crushing master middlegame short","https://lichess.org/HU1HWg2k/black#58","",""
"bused","3","624","bed","exact","uqATw","2R5/8/3k2p1/5pP1/3p1P2/1r2PK2/8/8 w - - 0 61","c8g8 b3e3 f3f2 e3e6 g8d8 d6c5","1599","225","100","2","endgame","https://lichess.org/IksgtC58#121","",""
"phone","2","623","he","exact","6stsW","B5k1/p4p1p/5p2/1p2q2r/2p5/2P5/P2QnPPP/3R1R1K w - - 5 27","f2f4 h5h2 h1h2 e5h5","1616","76","100","734","anastasiaMate attraction kingsideAttack mate mateIn2 middlegame sacrifice short","https://lichess.org/YClG7fHD#53","",""
"camel","3","621","cae","exact","rzKiE","8/R1R1pk2/P5p1/8/1K2b3/1P6/r1P5/r7 b - - 4 42","a2a6 c7e7 f7f6 a7a6 a1a6 e7e4","1487","75","100","252","advantage endgame fork intermezzo long","https://lichess.org/Dv5aB0ar/black#84","",""
"proof","1","620","f","exact","72VdF","r3r3/8/p1pR1R1p/7k/3PP2p/7K/PpP5/8 b - - 1 29","h5g5 f6f5","1616","76","100","664","endgame master mate mateIn1 oneMove rookEndgame","https://lichess.org/HfQY0jJ7/black#58","",""
"heard","4","619","head","exact","nKkae","r3r1k1/p4ppp/1pp5/8/1P2P3/P4Q1P/2P2PPq/R3RK2 w - - 0 20","e4e5 h2h1 f1e2 e8e5 e2d2 a8d8 f3d3 d8d3","1645","75","94","1838","crushing endgame interference veryLong","https://lichess.org/3Tct1sJj#39","",""
"angel","3","618","age","exact","ImWci","1rb5/R1p4k/4pq1b/1p5P/2p3Q1/2P3P1/5P2/5RK1 b - - 1 26","c8b7 a7b7 b8b7 g4e4 f6f5 e4b7","1495","75","100","326","advantage attraction exposedKing fork long middlegame pin sacrifice","https://lichess.org/396Kd6CN/black#52","",""
"petal","2","617","ea","exact","u0rpO","8/1p2p3/3k1pp1/8/R3P2r/P1PK4/1P6/8 b - - 2 47","f6f5 e4e5 d6d5 a4h4","1569","75","100","930","crushing discoveredAttack endgame rookEndgame short","https://lichess.org/vPMumOCR/black#94","",""
"throb","2","616","hb","exact","UPM56","2k3r1/1bp4q/1p1p4/p7/P1P1PpP1/1N3Q1p/2P2PB1/R4RK1 w - - 0 31","g2h1 h3h2 g1g2 b7e4","1586","82","100","150","advancedPawn crushing kingsideAttack master middlegame pin short","https://lichess.org/IQjK9sW6#61","",""
"maybe","3","615","abe","exact","tdZBt","r5k1/4q1p1/4N2p/3pPp2/p2P4/RrP3P1/Q4P1P/6K1 w - - 3 34","a3a4 a8a4 a2a4 b3b1 g1g2 e7e6","1539","75","100","411","advantage endgame long","https://lichess.org/5i9lBCet#67","",""
"fetal","3","614","fea","exact","Kmw4x","4r1k1/2p2p1p/4pnp1/6B1/3PP3/2PQ1P2/q3KP1P/6R1 w - - 1 21","e2e3 f6d5 e4d5 e6d5 e3f4 a2f2","1565","76","100","745","crushing discoveredAttack discoveredCheck endgame long sacrifice","https://lichess.org/Mn7dirMY#41","",""
"cadet","4","610","cade","exact","tpzWH","6k1/4Q2p/2p3p1/1pp2pP1/p2P4/1PqP1b1P/P2R1P2/2K5 w - - 1 31","d2c2 c3a1 c1d2 a1d1 d2e3 d1e1 e3f3 e1e7","1735","76","100","893","advantage endgame exposedKing queensideAttack skewer veryLong","https://lichess.org/4lPI4xYQ#61","",""
"macro","2","609","ac","exact","An8Kw","r1q1k2r/ppp1bpp1/2n2n2/1Q2p1Bp/PP2P1b1/2P2NP1/5PBP/RN3RK1 w kq - 3 14","f3e5 a7a6 b5d3 c6e5","1582","76","100","314","advantage middlegame short","https://lichess.org/Yad84Y2Y#27","French_Defense French_Defense_Kings_Indian_Attack",""
"dodgy","3","608","ddg","exact","4tniz","2rqk2n/1b3pp1/pn2p3/1N2p3/6P1/2NB4/PPPQ4/2KR4 b - - 0 20","a6b5 d3b5 e8e7 d2g5 f7f6 g5g7","1600","74","100","259","advantage long middlegame","https://lichess.org/eqotYRKE/black#40","",""
"binge","3","605","bge","exact","2N3c2","4Q3/p4p1p/1q1k2pB/8/2p5/3B1n2/P5PP/4R1K1 w - - 1 30","g1f1 b6g1 f1e2 g1e1 e2f3 e1e8","1629","74","100","70","endgame","https://lichess.org/uhF2OAiX#59","",""
"trend","2","604","ed","exact","vLtRE","4r1k1/p6p/3R2p1/2p1P1P1/qp6/3P4/PP3Q1K/8 b - - 2 37","a4a2 e5e6 a2e6 d6e6","1597","90","100","113","crushing endgame short","https://lichess.org/P8pqrPIs/black#74","",""
"leapt","2","603","ea","exact","Yw5ZQ","8/nk3p2/4q1p1/KpR3P1/3B3r/P1P5/1PQ2P2/8 w - - 1 34","c2d3 e6a6 a5b4 a6a4","1632","76","100","598","endgame mate mateIn2 short","https://lichess.org/B98ywEbE#67","",""
"width","2","600","dh","exact","9PyhG","r1bq3k/ppp4p/7r/2P1p3/2QPpN2/P7/1P3PPP/1R3RK1 w - - 0 23","d4e5 d8h4 h2h3 h4f4","1600","75","100","234","advantage middlegame short","https://lichess.org/dAbi0CXn#45","",""
"baron","2","597","ba","exact","AY0Dq","Qnk3r1/8/p2p1R1B/2p5/2P5/7P/Pq4P1/7K w - - 0 30","f6d6 b2a1 h1h2 a1e5","1612","75","100","384","advantage endgame master short","https://lichess.org/bQdykjL3#59","",""
"fever","3","596","fee","exact","N2AY9","Q4nk1/pp4pp/8/8/3B1q2/2P4P/PP2r3/2K3R1 w - - 6 28","c1b1 f4e4 b1a1 e2e1 g1e1 e4e1","1593","75","100","445","backRankMate endgame long mate mateIn3","https://lichess.org/ZzTJK16p#55","",""
"belie","3","593","bee","exact","yGyAT","1r6/4k2P/Q1p1b1p1/1p2p3/4N3/K2PR3/PP4q1/8 w - - 10 36","a6c6 b5b4 a3a4 e6d7 c6d7 e7d7","1620","76","100","163","crushing endgame long pin","https://lichess.org/WH9xBGZO#71","",""
"baler","3","590","bae","exact","HWE1d","1r6/2R3Q1/1k3p1p/1p6/p7/4P2P/1q3PP1/6K1 w - - 2 42","g7d7 b2a1 g1h2 a1e5 f2f4 e5c7","1543","95","100","35","endgame","https://lichess.org/FmEn6mvF#83","",""
"above","3","589","abe","exact","3x4sO","r5k1/6pp/p3q1p1/4P3/P5P1/1Kp2N1P/2P1QP2/5R2 w - - 0 29","e2c4 a8b8 b3c3 b8c8 c4c8 e6c8","1663","108","100","80","endgame equality long pin","https://lichess.org/lXb2wyAw#57","",""
"wafer","3","587","afe","exact","xtRo9","5k2/8/r6p/2RPp1pP/8/6PK/8/8 w - - 0 43","c5c6 a6c6 d5c6 f8e7 c6c7 e7d7 c7c8b d7c8","1597","76","100","570","crushing endgame rookEndgame veryLong","https://lichess.org/Y9jcPHUi#85","",""
"scant","2","586","ca","exact","5P3mD","2bB4/2P2k2/p1B5/2p1p2p/P3R2P/2bP1KP1/r7/8 w - - 0 46","e4e2 c8g4 f3e4 a2e2","1619","74","100","979","advantage deflection endgame short","https://lichess.org/7U2Rb5nH#91","",""
"frill","1","585","f","exact","suedY","3r2k1/p7/1p4qQ/1Pp1nR1p/4P2b/6P1/P2BN2P/6K1 b - - 0 27","d8d2 f5f8","1584","76","100","696","mate mateIn1 middlegame oneMove","https://lichess.org/gqgEsrJR/black#54","",""
"awash","3","584","aah","exact","BQ6SR","1Q6/P1R2ppk/r4b2/7p/q2Pp2P/4B1P1/5P2/6K1 w - - 0 29","c7f7 a4d1 g1h2 a6a1 b8g8 h7g8","1583","75","100","183","endgame","https://lichess.org/UsdJrUw5#57","",""
"snack","2","583","ac","exact","0DIDA","1k1r4/1p1r4/pPpp1p2/4q1p1/2Q1P2p/R1P2P1P/1P4P1/R6K b - - 1 30","d6d5 a3a6 b7a6 c4a6","1581","76","100","184","crushing endgame sacrifice short","https://lichess.org/HuK3IQ4R/black#60","",""
"frail","2","581","fa","exact","3XFVF","8/P5R1/8/5K2/r7/5p2/8/5k2 w - - 4 75","g7d7 f3f2 a7a8q a4a8","1571","75","100","1416","advancedPawn crushing endgame rookEndgame short","https://lichess.org/BFBf3l5F#149","",""
"drift","2","580","df","exact","UBKEE","8/7p/p2k1p2/1p1p1p2/1P3N2/2PKP3/2n3PP/8 b - - 2 32","c2e1 d3d2 e1g2 f4g2","1600","76","100","477","crushing defensiveMove endgame knightEndgame short trappedPiece","https://lichess.org/CjQ3xbaZ/black#64","",""
"fence","4","578","fece","exact","FXTlj","4rk2/5pp1/p1b2q2/2p4p/8/P1P5/1P1Q2PP/3R1B1K w - - 0 31","d2d6 f6d6 d1d6 e8e1 h1g1 c6b5 g1f2 e1f1","1603","76","100","103","advantage endgame pin veryLong","https://lichess.org/sSeQPlhU#61","",""
"ounce","2","576","ce","exact","Zyo1y","rk5r/pppR3p/2n2pp1/8/bPP1PPB1/P7/6PP/R1B3K1 w - - 0 21","f4f5 c6e5 d7g7 e5g4","1584","113","100","62","equality fork middlegame short","https://lichess.org/MLTj1Sal#41","",""
"wreak","2","575","ea","exact","ngkCd","2k4r/ppprbp1p/8/q7/5npN/2NPQ1P1/PPP1P2P/2KR1R2 w - - 0 17","e3f4 e7g5 f4g5 a5g5","1634","107","100","67","equality middlegame pin short","https://lichess.org/9McYNfFs#33","",""
"cello","2","571","ce","exact","vaXha","3Q4/8/1rqp1B2/1k6/4b2P/1pP2P2/1P1K4/R7 w - - 0 36","d8a8 c6a8 a1a8 e4a8","1584","74","100","207","advantage endgame short","https://lichess.org/iVzbQjhV#71","",""
"flake","3","570","fae","exact","41mKY","4kr2/Q7/2Nq2r1/1p3p2/2p5/8/1P3PBP/5RK1 b - - 0 32","d6c6 f1e1 e8d8 a7e7 d8c8 e7f8","1660","76","100","773","advantage endgame exposedKing fork long","https://lichess.org/GWXrMj84/black#64","",""
"debug","4","569","debg","exact","XZzsY","3r2k1/2b2ppp/2p2P2/1p2p3/p2r4/2qBQ2P/P1P2PP1/1R1R2K1 b - - 0 27","g7f6 d3h7 g8h7 e3c3 d4d1 b1d1 d8d1 g1h2","1675","77","100","643","advantage discoveredAttack middlegame veryLong","https://lichess.org/f8nAqqqX/black#54","",""
"anode","3","568","ade","exact","s2Ez8","8/4pp2/3p4/r2P2P1/3kP1P1/pK3P2/8/R7 w - - 10 47","a1a3 a5a3 b3a3 d4e3 f3f4 e3f4","1546","75","100","552","crushing endgame long rookEndgame","https://lichess.org/0aoErmE8#93","",""
"crime","2","567","ce","exact","RhlBi","r1b2rk1/1p2ppbp/pqNp2p1/8/4nP2/P1N1B3/1PPQB1PP/R4RK1 b - - 0 12","e4d2 c6e7 g8h8 e3b6","1617","74","100","446","advantage middlegame short","https://lichess.org/92JHndxc/black#24","Sicilian_Defense Sicilian_Defense_OKelly_Variation",""
"imbue","2","564","be","exact","5vCrb","2r2rk1/1R3pbp/5p2/3Pp3/4B1P1/3n2P1/1p2N2P/5RK1 b - - 1 28","c8b8 b7b8 f8b8 e4d3","1579","76","100","136","middlegame","https://lichess.org/9UvbHnWY/black#56","",""
"vague","3","562","age","exact","TBJq8","6k1/1B3pp1/R1P1p2p/1p2P3/1P2bP2/6P1/r6P/5R1K w - - 3 27","h1g1 a2g2 g1h1 g2g3 f1f3 e4f3","1625","75","99","2021","discoveredAttack discoveredCheck endgame long mate mateIn3","https://lichess.org/QnCp2k56#53","",""
"chock","3","561","chc","exact","Hp7k8","r3k2r/ppp2p2/3p4/8/P5p1/5PQ1/1Pq1B1P1/R4RK1 w kq - 0 24","f1e1 c2c5 g3f2 h8h1 g1h1 c5f2 e2b5 e8f8","1604","77","100","1152","crushing deflection middlegame veryLong","https://lichess.org/qlOX2ZQd#47","",""
"fight","3","560","fgh","exact","6ldt4","6r1/5p1k/5n2/p1r2P1p/2PNp2Q/P2pP2P/1q4P1/2R2RK1 w - - 3 29","g2g4 f6g4 h3g4 g8g4 h4g4 h5g4","1600","76","100","415","crushing exposedKing fork long middlegame","https://lichess.org/6HiApi9U#57","",""
"video","2","559","de","exact","hnnZ9","3r1rk1/1bq2pbp/p3p1p1/4n3/3pNPP1/B7/P1B1Q2P/R4RK1 w - - 0 24","a3f8 d4d3 c2d3 e5d3","1608","76","100","662","advantage fork middlegame short","https://lichess.org/Q6oZjh0c#47","",""
"teach","4","557","each","exact","T3ztT","Q5k1/p4p1p/r3pbp1/P3P3/5PP1/2R5/1r2q2P/5R1K b - - 1 32","g8g7 e5f6 g7f6 a8h8 f6e7 c3c7 e7d6 h8d8","1922","77","90","268","attraction mate mateIn4 middlegame veryLong","https://lichess.org/U9h7Tre7/black#64","",""
"cleft","3","556","cef","exact","CUotS","8/8/2rp4/p3kpp1/1p5p/1P3P1P/3R2P1/1N1K4 w - - 0 42","d2c2 c6c2 d1c2 e5f4 c2d3 f4g3","1600","74","100","257","crushing endgame long","https://lichess.org/iVwtbtVu#83","",""
"frost","1","555","f","exact","4Sv35","8/5p2/2p5/p1p2P1k/P1P5/1P2KP2/8/8 w - - 0 39","e3f4 f7f6","1617","124","100","52","defensiveMove endgame equality oneMove pawnEndgame","https://lichess.org/Yu8uh32f#77","",""
"apnea","3","552","aea","exact","7iB7J","2kr2r1/1pp1qp1p/4p3/Q2p4/P3pP2/6P1/1P1KB2P/R7 b - - 0 21","b7b6 a5a8 c8d7 e2b5 c7c6 a8c6","1660","74","100","598","endgame long mate mateIn3 queensideAttack","https://lichess.org/mPwJsfk1/black#42","",""
"stiff","2","551","ff","exact","Uegiy","5r1k/p5pb/5q2/1BQ1Rn1p/5P2/1P6/P2P4/2K1R3 w - - 0 34","e5e8 f6a1 c1c2 f5d4","1601","76","100","1143","doubleCheck mate mateIn2 middlegame short","https://lichess.org/NgbIucfb#67","",""
"plaza","2","550","aa","exact","OSfUm","2k2r2/R7/2p3p1/1p6/2qpN3/7P/P5PK/4R3 b - - 1 31","c4e6 a7a8 c8c7 a8f8","1586","115","100","74","endgame equality short skewer","https://lichess.org/iI9Vyiai/black#62","",""
"ledge","4","549","edge","exact","alVty","6k1/5p2/B4p2/7p/P3b3/4r2P/1PPr2PK/R5R1 w - - 0 29","a1e1 e3e1 g1e1 d2g2 h2h1 g2e2 h1g1 e2e1","1650","74","99","1388","crushing discoveredAttack endgame veryLong","https://lichess.org/QVESLYOc#57","",""
"tweak","2","548","ea","exact","7KyHu","8/4k3/2p5/4PK2/7P/8/p1N1n1P1/8 w - - 1 52","h4h5 e2d4 c2d4 a2a1q","1636","75","100","345","advancedPawn crushing deflection endgame knightEndgame promotion short","https://lichess.org/V5RrIXNJ#103","",""
"board","3","547","bad","exact","dUlL5","8/1p1r1k2/p5pp/8/PP1K1P2/2PR3P/8/8 w - - 4 36","d4c4 b7b5 a4b5 a6b5 c4b5 d7d3","1595","74","99","1559","crushing endgame long rookEndgame","https://lichess.org/Rghm8teQ#71","",""
"grant","2","546","ga","exact","UTIOL","1q6/3k4/P7/5pRp/8/7P/5PP1/7K b - - 1 53","b8b6 g5g7 d7e8 a6a7","1629","75","100","886","advancedPawn crushing endgame queenRookEndgame short","https://lichess.org/GpHLKpgP/black#106","",""
"medic","3","545","edc","exact","HWGMD","r3r1k1/1p2qp1p/p1p3p1/2Pn4/P3pP2/B3Q2P/2B3P1/3R1RK1 w - - 2 22","e3f2 e4e3 f2e2 d5c3 e2f3 c3d1","1602","76","100","504","advantage fork long middlegame","https://lichess.org/9GjPI9AZ#43","",""
"bacon","3","544","bac","exact","JzVJO","r3k2r/p1q3pp/1bp1p3/1N1ppn2/Q2P4/P3BP2/1P3P1P/2R2RK1 b kq - 1 19","c7f7 b5d6 f5d6 a4c6 f7d7 c6a8","1583","74","100","553","advantage discoveredAttack exposedKing fork long middlegame pin sacrifice","https://lichess.org/egVzpSoJ/black#38","",""
"cable","4","543","cabe","exact","gaiCZ","r1b5/p1p2Q1p/1pkp2p1/8/4q3/8/PPP2PPP/RNB2K1R w - - 3 16","b1c3 c8a6 c3b5 a6b5 c2c4 b5c4 f7c4 e4c4","1305","75","100","1871","advantage fork middlegame veryLong","https://lichess.org/9tbFVXrv#31","Scotch_Game Scotch_Game_Scotch_Gambit",""
"brawl","2","542","ba","exact","usTSL","r5k1/1bq1b1pp/4p3/1pp1p3/1P2P3/r1P1NN1P/2R1QPP1/4R1K1 w - - 0 26","e2b5 b7a6 b5a5 a3a5","1586","138","100","16","master middlegame","https://lichess.org/ajc6BAh3#51","",""
"forum","1","540","f","exact","Md4I0","3rk1nr/pBp2ppp/1b2b3/4p3/PP6/6P1/2Q1Pq1P/RNBK2NR w k - 6 14","b1d2 f2f1","1617","76","100","853","mate mateIn1 oneMove opening pin","https://lichess.org/UFedjQim#27","Queens_Pawn_Game Queens_Pawn_Game_Other_variations",""
"drone","2","539","de","exact","bnNPW","6k1/6p1/p4r1p/3q1P2/PbnP2Q1/4p3/7P/2BR1RK1 w - - 0 39","g4f3 d5f3 f1f3 e3e2","1591","76","100","369","advancedPawn advantage middlegame short","https://lichess.org/OtVPwZ4q#77","",""
"boast","2","536","ba","exact","4t2kc","k7/8/4r3/pR6/P4p1p/2P5/3r2bP/1R4K1 b - - 1 39","e6g6 b5a5 g6a6 a5a6","1585","75","100","428","endgame mate mateIn2 short","https://lichess.org/WTBaaRam/black#78","",""
"toddy","2","535","dd","exact","MdVav","2k4r/pp1q1pp1/b1p3np/2P5/8/5PB1/P1Q3PP/3R3K b - - 4 29","d7e6 d1d6 g6f8 d6e6","1601","75","100","377","advantage middlegame short","https://lichess.org/rXzSkPqP/black#58","",""
"coven","2","534","ce","exact","Z1FKG","1r4k1/2q3b1/1pb1prp1/p1pn2P1/P2p1P2/1N1P1B2/1PP1Q2R/R1B3K1 b - - 0 26","d5f4 c1f4 f6f4 e2e6","1617","75","100","517","advantage capturingDefender kingsideAttack middlegame short","https://lichess.org/4MkO3E6n/black#52","",""
"wrath","2","532","ah","exact","n4IYv","8/5p1k/R6P/5P2/8/8/p5K1/r7 w - - 1 54","g2f2 a1h1 a6a2 h1h2","1610","75","100","489","crushing endgame rookEndgame short","https://lichess.org/0qsQjBAE#107","",""
"steam","2","530","ea","exact","R1Vf9","8/8/7R/4Pp1P/4kP2/6P1/r2p4/3K4 w - - 1 58","h6d6 e4e3 e5e6 a2a1 d1c2 a1c1","1604","77","100","308","advantage endgame exposedKing long rookEndgame","https://lichess.org/NHCNS2G9#115","",""
"axial","2","529","aa","exact","8LGNC","8/8/7P/8/8/kp5R/5rP1/1K6 w - - 1 62","b1c1 a3a2 h3b3 a2b3","1585","74","100","700","crushing endgame rookEndgame short","https://lichess.org/26pvCJWP#123","",""
"daily","2","527","da","exact","0di7r","1k6/pp3ppp/1p3n2/3P4/3n4/1BN3P1/PP1q1PKP/R2Qr3 b - - 4 24","d4f3 d1d2 f3d2 a1e1","1589","75","100","421","capturingDefender crushing discoveredAttack master middlegame short","https://lichess.org/dFXPUR59/black#48","",""
"niche","3","525","che","exact","Z9kD6","r5k1/pp3p2/2pp2p1/6qR/2P5/P1Q5/1P2rP2/1K5R b - - 0 27","e2e1 c3e1 g6h5 h1g1 g5g1 e1g1","1491","75","100","1629","advantage endgame long pin","https://lichess.org/5G1KNqP1/black#54","",""
"juice","2","523","ce","exact","btqK7","1k2r1r1/1p2b3/p2pPp1p/3R4/2R1Q3/6P1/P1P2PKP/1q6 b - - 2 29","e8c8 c4b4 b1b4 e4b4","1617","75","100","312","advantage middlegame short","https://lichess.org/w3UBh3OG/black#58","",""
"flail","2","521","fa","exact","SYEXd","5R2/1kp5/p2p2p1/N2np3/PPp3r1/6P1/KP6/8 b - - 3 42","b7b6 f8b8 b6a7 a5c6","1569","75","100","656","endgame mate mateIn2 short","https://lichess.org/AUEAJbak/black#84","",""
"papal","2","520","aa","exact","aDxrG","r3k2r/1p3ppp/2p2n2/q1P1p3/4P3/1Pb2P2/1BP1Q1PP/2KR1BNR w kq - 1 17","e2d3 a5a1 b2a1 a8a1","1585","75","100","241","mate mateIn2 middlegame queensideAttack sacrifice short","https://lichess.org/G9Zwb3e9#33","Nimzo-Larsen_Attack Nimzo-Larsen_Attack_Other_variations",""
"wheat","3","519","hea","exact","8P4dA","r2q2k1/p4rPp/4Q1p1/3p2p1/4n3/1pP5/PP2K3/R6R b - - 0 30","g8g7 h1h7 g7h7 e6f7 h7h6 a1h1","1321","75","100","1063","attraction deflection long mate mateIn3 middlegame","https://lichess.org/h8zP0fQy/black#60","",""
"berry","2","518","be","exact","C3bE9","3R4/4rkp1/pq5p/1pp2Pp1/5n1P/2P1Q3/PP6/3R2K1 w - - 0 36","d1d7 b6d8 d7d8 e7e3","1621","75","100","528","crushing endgame short","https://lichess.org/JC94YEYu#71","",""
"cower","2","517","ce","exact","d4hBg","2R5/8/8/5p1p/3k3P/6P1/rrp2PK1/4R3 b - - 5 37","c2c1q c8d8 d4c5 e1c1","1617","74","100","576","crushing endgame master queenRookEndgame short","https://lichess.org/QYoktsSv/black#74","",""
"erect","3","516","eec","exact","QkNoA","r2q3r/1p1n1kpp/p3Rn2/8/1b3B2/2N5/PPP1QPPP/R5K1 b - - 2 14","h8e8 e6e8 d8e8 e2c4 e8e6 c4b4","1594","75","100","2489","advantage fork long middlegame","https://lichess.org/bE2aNizG/black#28","Sicilian_Defense Sicilian_Defense_Other_variations",""
"brute","2","515","be","exact","FBWvs","1r2r1k1/p4pbp/B1p3p1/8/4b3/1P2B3/P1PR2PP/1K1R4 w - - 2 21","e3a7 b8a8 d2d7 e4f5","1622","75","100","159","advantage middlegame short","https://lichess.org/soJ82d9I#41","",""
"leggy","3","514","egg","exact","8vVPd","8/8/7p/7P/5RP1/4p3/2K3r1/6k1 w - - 6 66","c2d3 e3e2 f4e4 g1f1 e4e2 g2e2","1601","75","100","469","advancedPawn crushing endgame long rookEndgame","https://lichess.org/GurpDCrg#131","",""
"umbra","2","508","ba","exact","viDIh","rr4k1/1p3ppp/4p3/p2pP3/Qb1R4/1P3NB1/P1q2PPP/5RK1 w - - 1 21","a2a3 b7b5 a4b4 a5b4","1585","74","100","1603","advantage middlegame short trappedPiece","https://lichess.org/jy1HCl2s#41","",""
"scary","2","507","ca","exact","Be794","2r3k1/5pp1/3p3p/p2Pn3/Pp2N2P/1P4P1/r7/3Q1RK1 w - - 0 30","e4d6 c8c2 d1c2 a2c2","1581","107","100","75","endgame equality quietMove short","https://lichess.org/xqt7QTTj#59","",""
"modem","2","506","de","exact","0kRWH","r3k1nr/pp1b1ppp/2q1p3/4P3/1Q6/5N2/4BPPP/3RK2R b Kkq - 4 17","g8h6 d1d7 e8d7 e2b5","1590","75","100","975","advantage middlegame pin sacrifice short","https://lichess.org/UDjSq7v7/black#34","French_Defense French_Defense_Advance_Variation",""
"avian","2","504","aa","exact","4YtPb","8/6p1/R5Pk/5K1p/7P/p4P2/8/r7 b - - 2 39","a3a2 a6a8 a1b1 a8h8","1616","75","100","946","endgame mate mateIn2 rookEndgame short","https://lichess.org/T0bAzG7A/black#78","",""
"greed","4","503","geed","exact","XQ6JP","8/5pk1/p5p1/1p5p/4r1nP/P6R/1PP5/2KR4 w - - 2 34","d1d6 g4f2 h3h2 e4e1 c1d2 e1d1 d2e2 d1d6","1878","75","100","122","advantage endgame skewer veryLong","https://lichess.org/CQXAQSog#67","",""
"parka","2","500","aa","exact","gLWpy","1knr3r/1bq2p1p/3p2p1/4P3/5p2/Q1P3P1/1P3PBP/R4RK1 b - - 2 21","d6e5 a3a8 b7a8 a1a8","1583","75","100","310","mate mateIn2 middlegame queensideAttack sacrifice short","https://lichess.org/Rb5KBfay/black#42","",""
"sniff","2","499","ff","exact","Y4VIJ","rn2k2r/pp3ppp/2p1p1n1/3pP3/3P1q2/2N2N2/PPPQBK2/6RR w kq - 0 16","g1g6 f4d2 g6e6 f7e6","1601","117","100","49","equality middlegame short","https://lichess.org/0L9yMvGV#31","",""
"giddy","3","496","gdd","exact","gxtl0","7k/4Q2B/3p3p/p7/2Pb4/6q1/PP4P1/7K w - - 7 43","h7e4 g3e1 h1h2 d4e5 e7e5 d6e5","1604","75","100","263","crushing endgame long","https://lichess.org/65pfv26O#85","",""
"taboo","2","494","ab","exact","Ho4Da","r1b2rk1/1p2pp1p/6p1/q7/p3p3/P5Q1/BKP1NPPP/3R3R w - - 1 17","h2h4 a5b5 b2a1 b5e2","1596","128","100","45","equality fork middlegame short","https://lichess.org/6hoewjxo#33","",""
"avoid","2","493","ad","exact","fFFea","1rn2rk1/2R2p1p/1p3Rp1/1P6/P3PQ2/8/3p1PPP/q4BK1 w - - 0 37","f6f7 a1f1 g1f1 d2d1q","1575","76","100","166","middlegame","https://lichess.org/UPPYAbuM#73","",""
"devil","2","491","de","exact","Ei7Nu","r4rk1/1p3pp1/pq6/5Q2/3pP3/4p2P/PPR1B3/3R2K1 w - - 0 29","d1f1 d4d3 e2d3 e3e2","1611","74","100","1069","advancedPawn advantage discoveredAttack master middlegame short","https://lichess.org/fQCn1VTx#57","",""
"gayer","3","488","gae","exact","oIip5","q5rk/3n1prp/p2Qp3/N1P5/1PB1n3/2N5/7P/2R1R2K w - - 0 30","c3e4 g7g1 e1g1 a8e4 g1g2 e4g2","1526","76","97","4680","deflection long mate mateIn3 middlegame sacrifice","https://lichess.org/4PKy4SAr#59","",""
"beret","3","487","bee","exact","RzTgf","4r1k1/1B3ppb/7p/pq6/4PP2/2P3P1/PPQ5/2K1R3 w - - 0 34","b7d5 b5d5 e4d5 e8e1 c2d1 e1d1","1574","75","100","333","advantage endgame long queensideAttack","https://lichess.org/iCYuUylm#67","",""
"gland","3","485","gad","exact","DJtWL","r5k1/pbN2pbp/4p1p1/B2nP3/8/1P4P1/5PBP/3R2K1 b - - 1 27","d5c7 g2b7 a8b8 a5c7 b8b7 d1d8 g7f8 c7d6","1637","75","100","2085","advantage hangingPiece intermezzo middlegame veryLong","https://lichess.org/h1u3u5VM/black#54","",""
"dealt","3","484","dea","exact","soLqk","r4rk1/1ppqn1pp/p1npb3/4Pp2/Q2N1B2/2P2P2/P3B1PP/3R1RK1 b - - 0 17","d6e5 d4e6 d7e6 e2c4 e6c4 a4c4","1666","75","100","108","advantage long middlegame pin","https://lichess.org/3nDqEbVe/black#34","Ponziani_Opening Ponziani_Opening_Other_variations",""
"thigh","3","481","hgh","exact","L088e","5rk1/pp4p1/2pbp2p/7p/3P3r/2PQ1PqP/PP2R1P1/5RBK w - - 3 30","d3e3 h4h3 g2h3 g3h3 g1h2 h3f1","1600","75","100","862","crushing fork long middlegame sacrifice","https://lichess.org/1kxWMeDL#59","",""
"tonga","2","480","ga","exact","Zodwe","4rk2/4rpb1/pq1p1n2/1p3P2/7Q/2PB1P1P/PP5K/R5R1 b - - 4 26","b6e3 g1g7 f8g7 a1g1","1629","75","100","500","advantage attraction master middlegame sacrifice short","https://lichess.org/3XZ0oxYS/black#52","",""
"flare","3","479","fae","exact","h4Cc7","4RR2/3r3p/P3k1p1/2pq4/7n/7P/5PP1/B5K1 b - - 8 44","e6d6 f8f6 d6c7 a1e5 d5e5 e8e5","1500","418","100","20","endgame","https://lichess.org/edEI11vj/black#88","",""
"white","2","477","he","exact","BKqt2","r2q1rk1/5ppN/1pn1p3/p7/3PQ2b/1PP5/P4PPP/R3K2R b KQ - 0 18","h4e7 h7f8 e7f8 e4c6","1616","76","100","140","middlegame","https://lichess.org/VXJMTWqT/black#36","Horwitz_Defense Horwitz_Defense_Other_variations",""
"etude","3","475","ede","exact","oGDox","8/8/4K2k/3Q1P2/8/1q6/8/8 b - - 2 65","b3d5 e6d5 h6g7 d5e6 g7f8 e6f6","1593","75","100","721","crushing defensiveMove endgame long","https://lichess.org/xXKthPIc/black#130","",""
"horse","2","474","he","exact","GsvIu","2r2rk1/5pp1/p2p1q2/1p1P1PQ1/1P5P/P7/8/2R1R1K1 b - - 0 31","f6g5 h4g5 c8c1 e1c1","1584","134","100","49","endgame equality short","https://lichess.org/hXZrMIZK/black#62","",""
"circa","3","473","cca","exact","8gWhc","2r3k1/p4p1p/1q4p1/3p4/8/1P1Q1P2/P5PP/3R2K1 w - - 2 24","d3d4 c8c1 d4b6 c1d1 g1f2 a7b6","1596","75","100","465","crushing endgame intermezzo long pin sacrifice","https://lichess.org/HLd7AIGK#47","",""
"paddy","3","472","add","exact","KT0wd","2rr2k1/p4p1p/6p1/4p3/Q5P1/4q2P/PPPR4/2KR4 b - - 6 25","f7f6 a4b3 e3b3 d2d8 c8d8 d1d8","1601","74","100","1098","crushing endgame long sacrifice","https://lichess.org/ghy9XWUA/black#50","",""
"fizzy","1","470","f","exact","WFDZI","5Q2/2p5/p5rk/1p1r3q/8/P7/1PP5/1K3R2 b - - 1 31","h6g5 f8f4","1617","76","100","927","dovetailMate endgame mate mateIn1 oneMove","https://lichess.org/QNLdCGg5/black#62","",""
"grain","2","469","ga","exact","hCNF1","8/8/3bk3/P4r2/4KB1p/6P1/R7/8 b - - 1 47","d6f4 g3f4 h4h3 a5a6","1630","76","100","589","crushing endgame short","https://lichess.org/r4SNRLYN/black#94","",""
"surge","2","467","ge","exact","8qJd0","6k1/pp6/1bp3R1/4P3/8/5qp1/PP2RP2/5K2 b - - 0 37","g8f7 g6f6 f3f6 e5f6","1609","120","100","62","endgame equality fork short","https://lichess.org/x74V5O1I/black#74","",""
"gleam","3","466","gea","exact","nZnoN","2kr3r/1qp1R3/1p6/p5Rp/Q5p1/1P1P4/1PP5/1K6 b - - 5 28","d8g8 g5g8 h8g8 e7e8 g8e8 a4e8","1539","75","100","821","endgame long mate mateIn3","https://lichess.org/5rQjzyYp/black#56","",""
"belle","3","465","bee","exact","qdHeX","8/7p/R3N1pk/8/4K1P1/5PbP/1r6/8 w - - 1 45","a6a7 b2e2 e4d5 e2e5 d5d4 e5e6","1566","76","100","2425","advantage deflection endgame long","https://lichess.org/nYNvuRFr#89","",""
"crush","2","463","ch","exact","QLxFo","8/p7/1p1rk2R/1Bp1pp2/4p3/2P3P1/PKPb1P2/8 b - - 8 30","e6d5 c3c4 d5d4 h6d6","1583","75","100","994","deflection endgame mate mateIn2 short","https://lichess.org/HfDvhOZM/black#60","",""
"fruit","1","462","f","exact","ErVEr","8/p2Q2pk/2p4p/8/8/1P3qrP/P2b1R2/3R2K1 w - - 0 43","g1f1 f3d1","1582","77","100","1211","endgame hangingPiece mate mateIn1 oneMove","https://lichess.org/rwOv0dx2#85","",""
"tract","2","459","ac","exact","f3AjU","r1b2r1k/3pn1pp/p1nQ1p2/q1B1p3/1pB1P3/2N5/PPP2PPP/2KR3R w - - 2 14","c5b4 a5b4 d6b4 c6b4","1581","75","100","536","advantage middlegame short","https://lichess.org/eeDfW9dy#27","Sicilian_Defense Sicilian_Defense_Lowenthal_Variation",""
"frank","2","457","fa","exact","dK4vz","6rk/5Qp1/7p/4P2P/8/1p4P1/q4P1K/8 b - - 0 44","b3b2 f7a2 g8b8 a2b1","1566","75","100","280","advantage endgame hangingPiece short","https://lichess.org/dfmUGbzA/black#88","",""
"reedy","3","456","eed","exact","Jz7gB","rk1r4/pppQ2p1/2n1R2p/5B2/2P5/8/PqP2PPP/3R2K1 b - - 0 21","d8d7 e6e8 c6d8 e8d8 d7d8 d1d8","1587","76","100","1357","backRankMate long mate mateIn3 middlegame xRayAttack","https://lichess.org/8m2M4EFq/black#42","",""
"filth","2","455","fh","exact","jvEyf","r4nk1/1p3R1p/1qp3pQ/p5N1/P3P3/6pP/1PP3P1/7K b - - 0 24","b6b2 f7f8 a8f8 h6h7","1603","77","100","1014","endgame mate mateIn2 short","https://lichess.org/VYBXKAMV/black#48","",""
"heave","4","453","heae","exact","gasVz","3r4/kp3pp1/p1p5/4N1Pp/4bB1P/P4n2/BP6/K6R b - - 1 33","f3e5 h1e1 e5g6 e1e4 d8d1 a2b1 g6f4 e4f4","1860","75","94","10846","advantage endgame veryLong","https://lichess.org/9YIpHVCu/black#66","",""
"mambo","2","452","ab","exact","AeFWF","1r4k1/p5pp/r1ppp1p1/8/2PP1PP1/Pq2P2P/1P2Q3/KR5R w - - 1 24","h1h2 a6a3 b2a3 b3b1","1606","76","100","311","endgame mate mateIn2 short","https://lichess.org/iaxMGOkd#47","",""
"right","2","451","gh","exact","iaMHW","r4r2/3b1ppk/2n1p2p/1p1pP2Q/p5PP/Rp3N2/P1P2P2/1R4K1 w - - 0 28","a2b3 g7g6 h5h6 h7h6","1603","75","100","925","advantage middlegame short trappedPiece","https://lichess.org/fnp4tmKg#55","",""
"clank","2","450","ca","exact","vp3nI","1r3rk1/p3bppp/B3p3/2p5/3PQP2/P1q1PN2/6PP/2B1K2R w K - 0 16","c1d2 c3a1 e1f2 a1h1","1619","77","100","897","advantage master middlegame short skewer","https://lichess.org/1YwkRghL#31","Vant_Kruijs_Opening Vant_Kruijs_Opening_Other_variations",""
"borne","2","448","be","exact","2gbkm","1q4k1/4rp2/5Qp1/3R4/1P1P3P/2p1P1K1/5P2/8 w - - 2 47","f6f4 b8f4 g3f4 e7c7","1623","75","100","476","advantage defensiveMove endgame short","https://lichess.org/L8bw2BiI#93","",""
"sauce","3","447","ace","exact","WqEUM","2r5/p2k1r2/3B4/7p/8/P2P1RQ1/qPK3P1/5R2 w - - 1 32","c2d2 a2b2 d2e3 c8e8 d6e5 e8e5","1549","76","100","206","crushing long middlegame","https://lichess.org/9aO4yQqM#63","",""
"amber","3","446","abe","exact","L5JAK","7k/1b4p1/p6p/qp3Q1P/2pN4/P6P/1P3P1B/R1K1r1R1 w - - 1 28","g1e1 a5e1 c1c2 b7e4 f5e4 e1e4","1505","77","100","781","crushing fork long middlegame","https://lichess.org/2M2LIi3b#55","",""
"lathe","3","445","ahe","exact","wDMv4","2k1b2Q/2pq1r1p/4pPp1/p2p4/3P4/2P5/6P1/R5K1 b - - 0 37","d7b5 a1a5 b5a5 h8e8 c8b7 e8f7","1558","102","100","74","deflection endgame equality fork long","https://lichess.org/tk1mBLMO/black#74","",""
"carat","3","444","caa","exact","Rfyr6","8/8/P1B5/2K5/5kp1/5b2/8/8 b - - 3 60","g4g3 c6f3 f4f3 a6a7 g3g2 a7a8q","1596","75","100","879","advancedPawn bishopEndgame crushing endgame long promotion","https://lichess.org/fxSmpyuY/black#120","",""
"corer","2","443","ce","exact","ZHCyW","2Q2r1k/6p1/2R1B2p/4Pp2/1p3Pb1/1P2K3/5B2/3q4 b - - 0 42","f8c8 c6c8 h8h7 e6g8","1618","144","100","36","endgame equality short","https://lichess.org/UdD1bmK8/black#84","",""
"affix","3","441","aff","exact","sSuAf","R7/P3kp2/8/3p2p1/3P1p1p/5P1P/r5P1/3K4 b - - 5 42","e7d7 a8f8 a2a7 f8f7 d7c6 f7a7","1625","74","100","580","crushing endgame exposedKing long rookEndgame skewer","https://lichess.org/2mMs2d9C/black#84","",""
"sheep","3","438","hee","exact","ipZnN","r3r2k/1p1Q2p1/p1p4p/2Pp4/1P1P4/3BB1bP/P4KPq/R4R2 w - - 3 23","f2e2 h2g2 e2d1 e8e3 d7f5 e3d3","1573","200","100","34","middlegame","https://lichess.org/HlEmerml#45","",""
"flung","2","436","fg","exact","2bdDL","8/8/5p2/5k2/3R2r1/4K3/8/8 w - - 0 55","d4g4 f5g4 e3f2 g4f4","1601","74","100","379","crushing defensiveMove endgame short","https://lichess.org/vy8BPCMf#109","",""
"yacht","3","435","ach","exact","CiBgf","7k/r5p1/P4p1p/2pQ4/2P5/q6P/3R2P1/7K w - - 0 41","d5f5 a3c1 h1h2 c1d2 f5c8 h8h7","1326","75","100","438","crushing endgame fork long","https://lichess.org/mzldjOIG#81","",""
"fried","3","434","fed","exact","1oWQy","r2r2k1/p4p2/2p3p1/4bq1p/4p2P/4P1P1/PP2QPK1/1RBR4 w - - 2 23","b2b3 f5f3 e2f3 e4f3 g2f3 d8d1","1594","76","100","269","crushing long middlegame","https://lichess.org/dbBkGEia#45","",""
"cagey","4","429","cage","exact","ejHGw","8/r5p1/1p3k1p/1BbQ4/2P2Pn1/8/5P2/6K1 w - - 1 42","b5d7 c5f2 g1h1 a7a1 h1g2 g4e3 g2f3 e3d5","1751","72","96","16743","crushing endgame fork veryLong","https://lichess.org/zq4RfevX#83","",""
"deuce","4","427","dece","exact","BSFOC","8/3P4/2n5/3N1kp1/p1p1p3/1pP5/1P1K4/8 b - - 2 61","g5g4 d5e7 f5e6 e7c6 e6d7 c6e5 d7e6 e5g4","1613","74","100","1436","crushing endgame knightEndgame veryLong","https://lichess.org/77nk4KOa/black#122","",""
"grasp","2","425","ga","exact","YeU0t","rn3rk1/p3ppbp/3p2p1/q1pP4/b1P1n3/1QNBPN2/PB3PPP/2R1K2R w K - 7 13","b3a4 g7c3 b2c3 a5a4","1631","75","100","613","advantage intermezzo middlegame short","https://lichess.org/LsBAZfOP#25","Benko_Gambit Benko_Gambit_Other_variations",""
"graft","3","423","gaf","exact","75kTZ","6k1/p4pp1/1p3P2/2p4q/3p4/1P1Pr3/P3P1QP/5R1K b - - 0 34","g7g6 g2a8 g8h7 a8f8 h5h6 f8f7","1564","74","100","552","crushing endgame long","https://lichess.org/kLlGS0YQ/black#68","",""
"sandy","2","422","ad","exact","x5Uci","8/Q4pk1/2q3p1/K5P1/1P6/P7/8/1r6 b - - 2 42","b1a1 a7d4 f7f6 d4a1","1625","140","100","36","endgame equality fork pin short","https://lichess.org/O47H4Mwj/black#84","",""
"baste","3","421","bae","exact","mTsCC","5Q2/3k4/4p3/p1r1P1p1/K7/2P5/PqP5/8 w - - 8 52","f8c5 b2a2 a4b5 a2d5 c5d5 e6d5","1691","74","100","180","crushing endgame long queenEndgame","https://lichess.org/eUg2h9fS#103","",""
"flask","2","420","fa","exact","ilmxl","5b2/p7/1p2Bk2/1PpPp3/P3P3/5K2/8/B2n4 b - - 20 58","c5c4 f3e2 d1c3 a1c3","1634","74","100","332","crushing endgame short trappedPiece","https://lichess.org/5JZaYjRa/black#116","",""
"hedge","5","419","hedge","exact","DcooB","3qr1k1/5pp1/8/4b2n/p7/2N4P/PP3QP1/R3R2K w - - 3 32","c3a4 h5g3 h1g1 e5d4 e1e8 d8e8 f2d4 g3e2 g1f1 e2d4","1873","77","93","958","crushing fork middlegame pin sacrifice veryLong","https://lichess.org/rO6px2gx#63","",""
"swash","2","417","ah","exact","C158R","r1b2k2/1p3p1p/p3p1p1/8/8/1P1q4/P4PPP/Q2R2K1 b - - 1 20","d3f5 a1h8 f8e7 h8d8","1613","75","100","975","endgame mate mateIn2 short","https://lichess.org/zae8FUWK/black#40","",""
"boney","2","416","be","exact","IJ8Qf","4r1k1/pp3ppp/1n2rq2/1Q1pR3/3P4/5N2/PP3PPP/4R1K1 b - - 9 19","e6e5 b5e8 e5e8 e1e8","1623","75","100","1288","backRankMate mate mateIn2 middlegame short xRayAttack","https://lichess.org/tG0BNk0a/black#38","",""
"endow","2","414","ed","exact","7iNYJ","Q7/1Q3pk1/6p1/4p2p/4P1b1/4qPK1/3p2PP/3R4 w - - 1 42","b7b5 e3e1 d1e1 d2e1q","1604","74","100","1416","advancedPawn endgame mate mateIn2 promotion short","https://lichess.org/k5qGr9fW#83","",""
"abhor","3","413","abh","exact","WLcxf","8/r7/p3kp2/RP2p2P/4P1K1/2P5/P2b4/8 b - - 0 35","d2c3 a5a6 a7a6 b5a6 c3d4 h5h6","1600","75","100","567","crushing endgame long","https://lichess.org/0vzZpG2u/black#70","",""
"welch","3","412","ech","exact","uKPQG","4r1k1/p5p1/1p2b2p/4P3/N3Q1Pq/7P/PPB2P2/6K1 b - - 0 27","e8f8 e4h7 g8f7 c2g6 f7e7 h7g7 f8f7 g6f7","1628","77","100","1032","advantage deflection endgame veryLong","https://lichess.org/G1ci0Sqq/black#54","",""
"blade","4","411","bade","exact","8xCMJ","8/5pp1/7p/3k4/1n6/6P1/2pK1P1P/2R5 w - - 6 38","d2c3 b4a2 c3c2 a2c1 c2c1 d5e4 c1d1 e4f3 d1e1 f3g2","1310","74","99","4330","crushing endgame fork veryLong","https://lichess.org/ToDNPPfl#75","",""
"tight","2","410","gh","exact","usYsB","8/8/2p3p1/P2p1pKp/1P1Pr2P/3kP1P1/5B2/8 b - - 16 62","e4g4 g5f6 g6g5 h4g5","1597","75","100","398","advantage endgame master short","https://lichess.org/5J2bl2Ga/black#124","",""
"geese","4","409","geee","exact","eh0tG","4r3/1P5R/3p2p1/3B2k1/2P3p1/1P6/6P1/7K w - - 0 43","h7c7 g4g3 d5e4 e8e4 c7f7 e4e1 f7f1 e1f1","1576","77","100","99","endgame","https://lichess.org/gkt6LM68#85","",""
"cloud","2","406","cd","exact","BSAg5","8/p7/1p1R1pkp/n3p1p1/6P1/2B2PK1/6P1/r7 b - - 3 39","a1a4 c3e5 a5c4 d6f6","1601","108","100","73","endgame equality pin short","https://lichess.org/EndcqyRh/black#78","",""
"cabal","4","405","caba","exact","LiLcC","8/8/2k2p2/p1p1b1p1/3p2P1/1P1P3K/P2N2P1/8 w - - 1 42","d2c4 c6b5 a2a3 a5a4 b3a4 b5a4 g2g3 a4b3","1778","147","100","19","endgame","https://lichess.org/pLmu0sDY#83","",""
"leech","4","404","eech","exact","UPDDs","r3qrk1/4bp1p/6pQ/pp2P3/2p1NP2/7P/1PK3P1/3R3R b - - 0 24","b5b4 e4f6 e7f6 e5f6 e8e4 c2c1 e4f4 h6f4","1486","76","100","1009","crushing fork middlegame veryLong","https://lichess.org/s9CvYAAG/black#48","",""
"tenth","2","402","eh","exact","FKgZd","4r2k/1b3p1p/p6q/Bp2p3/4PbQ1/1P3P1P/P5P1/1B1R3K w - - 9 38","d1d8 e8d8 a5d8 h6d6","1597","75","100","787","crushing middlegame short","https://lichess.org/dc56fLG7#75","",""
"pecan","3","401","eca","exact","yNUiv","1k1R4/8/4N1p1/p3P2p/q6P/8/3p1PP1/6K1 b - - 5 33","b8b7 e6c5 b7c7 c5a4 c7d8 a4c3","1569","74","100","816","crushing defensiveMove endgame fork long","https://lichess.org/IEdKmiqW/black#66","",""
"grail","2","399","ga","exact","47oAQ","r4rk1/5ppp/2p1p1n1/p3q2Q/Pb1pN3/7P/1PPB1PP1/R3R1K1 w - - 0 18","h5e5 g6e5 d2b4 a5b4","1567","106","100","70","equality middlegame short","https://lichess.org/GkMmHJMG#35","",""
"guise","2","397","ge","exact","BlREC","4r1k1/R4rq1/1p3p2/2pPnQ2/2P1p1R1/6P1/1P3P1P/6K1 w - - 2 32","f5e4 g7g4 e4g4 e5g4","1609","75","100","408","advantage master middlegame short","https://lichess.org/TB2IoX1p#63","",""
"ralph","2","396","ah","exact","dvdJe","Bnb1kr1n/p6Q/4p3/8/1p6/2b2P2/Pq2NK2/3R2R1 b - - 0 27","c8a6 a8c6 b8c6 h7d7","1586","76","100","645","mate mateIn2 middlegame sacrifice short","https://lichess.org/2XkcSdpq/black#54","",""
"tango","2","395","ag","exact","kyjEy","8/R7/8/1P5p/7k/p5r1/2K5/8 b - - 3 49","h4g4 a7g7 g4f4 g7g3 f4g3 b5b6","1589","74","100","1281","crushing endgame long rookEndgame","https://lichess.org/8CHBnbnC/black#98","",""
"biddy","3","394","bdd","exact","dH7bb","2r5/pp3kpp/5pb1/1Q6/8/q4N1P/P4PP1/3R2K1 b - - 1 31","c8c7 b5d5 f7f8 d5d8 g6e8 d8c7","1588","80","100","87","endgame","https://lichess.org/ebHPvYms/black#62","",""
"payee","3","391","aee","exact","FeIvX","8/1b1r4/1P1Pkp2/2K3p1/6P1/8/8/R7 b - - 2 55","e6e5 a1e1 e5f4 e1e7 d7d8 e7b7","1590","75","100","488","crushing endgame long skewer","https://lichess.org/TLmEsxNl/black#110","",""
"serif","2","390","ef","exact","tRxuB","2r5/8/8/3Pk3/4P2K/4R2P/6P1/8 w - - 1 44","g2g4 e5f4 h4h5 f4e3","1600","75","100","757","crushing endgame rookEndgame short","https://lichess.org/yCmCdA47#87","",""
"drape","3","389","dae","exact","hTEcK","8/1p2R3/5n1k/p2p1Q2/3q2P1/1P1P3r/P1P2P2/6K1 w - - 2 32","e7e6 d4a1 e6e1 a1e1 g1g2 e1h1","1576","76","100","400","endgame long mate mateIn3","https://lichess.org/EyzdjY4T#63","",""
"fifth","3","388","ffh","exact","FzYUK","r5k1/8/p2qbp1p/1p6/2pPRP2/2P3Q1/PP4PP/6K1 b - - 1 29","g8f7 f4f5 d6g3 f5e6 f7e7 h2g3","1599","74","100","653","advantage endgame intermezzo long sacrifice","https://lichess.org/DhqxkpRj/black#58","",""
"glaze","3","386","gae","exact","dVro9","5rk1/4Qpp1/1p1pp1Pp/8/2PP4/4P1P1/4qP2/R5K1 b - - 0 26","e2c4 g6f7 f8f7 a1a8 g8h7 e7f7","1579","76","96","14297","advancedPawn crushing deflection endgame long","https://lichess.org/KTHmLKeH/black#52","",""
"kayak","2","383","aa","exact","DkVvk","r7/p1k5/Qpb3p1/2b1qp1p/B3p3/6P1/P6P/2RR3K b - - 3 31","e4e3 a4c6 c7c6 a6a4","1618","75","100","457","advantage attraction middlegame short","https://lichess.org/kW2GJa3d/black#62","",""
"tepee","3","381","eee","exact","rpskY","8/8/8/4p3/8/4k3/6P1/6K1 w - - 2 63","g1f1 e3d2 f1f2 e5e4 g2g4 e4e3","1598","77","100","634","crushing endgame long master pawnEndgame quietMove","https://lichess.org/dXlapVHf#125","",""
"fully","1","380","f","exact","bDfGS","8/p2Q1qk1/1p1b3p/2pP2pP/2P5/1P3pPK/P4B2/8 w - - 4 40","d7d6 f7h5","1618","76","100","634","endgame mate mateIn1 oneMove","https://lichess.org/tHtikjMc#79","",""
"grand","3","376","gad","exact","0mD7r","2r1rb2/6k1/p4pnp/1p1B1p2/2P5/2BP3P/PP5K/R5R1 b - - 3 31","e8e3 g1g6 g7g6 a1g1 g6h7 d5g8 h7h8 c3f6","1558","75","100","1092","advantage attraction middlegame sacrifice veryLong","https://lichess.org/uQ33rpRr/black#62","",""
"banjo","2","375","ba","exact","gU70n","8/1K3k1p/2p2Pp1/8/P1P5/1n5P/6P1/8 b - - 0 39","c6c5 b7b6 f7f6 a4a5","1616","74","100","399","crushing defensiveMove endgame knightEndgame short","https://lichess.org/02MlwTq2/black#78","",""
"bezel","3","373","bee","exact","TrxQR","4r3/1qb2pkp/1p3Nn1/2P2B2/1P6/5P2/2PQrP1P/1R4RK w - - 1 29","d2d4 b7f3 g1g2 e2e1 b1e1 e8e1","1545","75","100","538","fork long mate mateIn3 middlegame","https://lichess.org/Tbvyq2eS#57","",""
"occur","2","372","cc","exact","hlyQG","8/7P/6N1/5N2/k3p3/bpp3P1/8/1K6 w - - 0 51","h7h8q c3c2 b1a1 c2c1q","1597","75","100","432","advancedPawn deflection endgame mate mateIn2 promotion short","https://lichess.org/Cog378ZH#101","",""
"chain","3","371","cha","exact","ZCmKE","2kn4/p4P2/4p3/3pP3/2pP4/2P2N2/P1Q5/K1b4r w - - 0 34","f7f8q c1a3 c2b1 h1b1 a1b1 a3f8","1702","75","97","1625","crushing discoveredAttack discoveredCheck endgame long","https://lichess.org/FMUbBDSV#67","",""
"nasal","2","370","aa","exact","KC8mh","8/3B4/8/p1K3k1/7p/2P5/1Pb5/8 w - - 3 52","b2b4 a5a4 b4b5 a4a3","1582","76","100","378","bishopEndgame crushing endgame quietMove short","https://lichess.org/5NVXcG62#103","",""
"gooey","2","369","ge","exact","YuSZN","3r3r/4Q1pk/1p6/2p2RP1/7p/7P/P2qP1K1/R7 b - - 0 34","h8e8 g5g6 h7g6 e7f7","1609","74","100","383","attraction crushing endgame short","https://lichess.org/9kEWaVwI/black#68","",""
"filer","2","368","fe","exact","MLe6N","4rr2/pp1R1ppk/1qp3np/5Q2/4P3/1PN4P/1PP2PP1/3R2K1 w - - 5 24","d7f7 f8f7 f5f7 e8f8","1596","75","100","797","advantage clearance master middlegame short","https://lichess.org/F0HDwovg#47","",""
"brace","4","367","bace","exact","dKN79","r3k1nr/p5pp/2p1pp2/3pPb2/1b1N4/1PN5/P1PB1PPP/R3K2R w KQkq - 0 14","d4c6 b4c3 d2c3 a8c8 c6d4 c8c3 d4f5 e6f5","1601","75","94","5789","advantage middlegame veryLong","https://lichess.org/eVpwa4rq#27","Caro-Kann_Defense Caro-Kann_Defense_Advance_Variation",""
"allay","2","366","aa","exact","llMdt","6k1/5p2/6p1/4N2p/p4P2/q5P1/4QK2/8 w - - 0 67","e2e3 a3e3 f2e3 a4a3","1619","77","100","3234","crushing endgame master short","https://lichess.org/PED782hk#133","",""
"pubic","2","365","bc","exact","JNc0q","r5k1/5ppp/2q1p3/prN1Q3/R2P4/6P1/5P1P/4R1K1 w - - 9 33","e5e2 b5c5 d4c5 c6a4","1598","88","100","114","capturingDefender discoveredAttack equality middlegame short","https://lichess.org/rUjtXswa#65","",""
"plead","3","363","ead","exact","AQnVG","8/pp6/2pkp2p/8/2nPn2P/1KP5/PP2Br2/4R3 w - - 0 32","e2c4 e4d2 b3b4 a7a5 b4a5 d2c4","1641","76","100","569","attraction crushing deflection endgame long","https://lichess.org/PgQyrNGu#63","",""
"gnash","3","362","gah","exact","2fZd6","8/rb6/1p2p2k/1P1pP2N/p4KP1/3B4/2PB3r/R7 b - - 7 34","h2d2 g4g5 h6h5 a1h1 d2h2 h1h2","1540","76","100","1695","endgame exposedKing long mate mateIn3 pillsburysMate sacrifice","https://lichess.org/gHzK6Qhf/black#68","",""
"flaky","2","361","fa","exact","6qUrK","8/p5p1/3P3p/4P3/2R1BnP1/5NkP/r7/3R2K1 w - - 3 40","f3e1 f4h3 g1f1 a2f2","1565","75","100","1203","endgame mate mateIn2 short","https://lichess.org/0Rv4YOEh#79","",""
"munch","2","360","ch","exact","SlmAQ","5k2/5pp1/p5qP/1p2p3/2n4P/2Pr1P2/PPQ2R1K/8 b - - 2 39","d3e3 c2g6 f7g6 h6h7","1617","75","100","409","advancedPawn crushing endgame short","https://lichess.org/Ce9jH0cQ/black#78","",""
"eking","2","358","eg","exact","GiN7n","8/8/5pk1/7p/4K2P/6P1/8/8 b - - 1 49","f6f5 e4e5 f5f4 g3f4","1601","380","100","1","endgame","https://lichess.org/bKze1xYw/black#98","",""
"thing","2","357","hg","exact","CpRXM","8/6R1/8/5r2/6k1/7p/6pK/8 b - - 2 63","g4f4 h2h3 g2g1q g7g1","1601","99","100","89","endgame equality rookEndgame short","https://lichess.org/xtMe4q9H/black#126","",""
"theft","3","355","hef","exact","6kSAO","8/8/p1p1k3/P2p2p1/1P1P1P1p/4K1P1/8/8 w - - 0 38","f4g5 h4h3 e3f2 e6f5 g5g6 f5g6","1625","76","100","165","crushing endgame long pawnEndgame","https://lichess.org/ZZHHg6t6#75","",""
"ranch","3","352","ach","exact","DmTVW","r2qrbk1/pp1n2pp/2p5/3bP1BQ/B2P4/2P5/PP4PP/R4RK1 b - - 2 17","f8e7 a4c2 g7g6 c2g6 h7g6 h5g6","1897","75","100","383","crushing kingsideAttack long middlegame","https://lichess.org/Ywm6AWKy/black#34","Kings_Gambit_Declined Kings_Gambit_Declined_Falkbeer_Countergambit",""
"shore","2","349","he","exact","rhRHC","1k1r3r/pp1n1pp1/2p2n2/4pN1q/3P1Bp1/2NB4/PPP2PP1/R2QR1K1 w - - 0 16","f5g3 h5h2 g1f1 e5f4","1584","104","100","67","master middlegame","https://lichess.org/VufoAe1q#31","Scandinavian_Defense Scandinavian_Defense_Main_Line",""
"mamma","2","348","aa","exact","0MNic","r6k/pR4pp/1p6/4P3/4Q3/2P1p3/qP4PP/6K1 w - - 0 26","e4e3 a2b1 g1f2 a8f8","1620","77","100","327","crushing endgame short","https://lichess.org/4kQXS3AI#51","",""
"froze","2","347","fe","exact","TMu6b","r2qkb1r/pp1b1ppp/2n2n2/4N3/5B2/3BP3/PP3PPP/RN1QK2R b KQkq - 0 9","c6e5 f4e5 d8a5 e5c3","1596","114","100","58","equality opening short","https://lichess.org/LCdGhkVi/black#18","",""
"antic","2","343","ac","exact","Nudgs","7k/6p1/b2p1p2/2qPr3/2P1BRP1/3Q2KP/r7/5R2 w - - 5 33","d3b3 a2a3 b3a3 c5a3","1580","75","100","357","advantage middlegame pin short","https://lichess.org/yAwyvhyr#65","",""
"vegan","3","341","ega","exact","Gg6ro","r4k1r/pp3bb1/2pN2p1/4n2p/5NpP/1P2P3/qBPPQPP1/2KR3R w - - 1 20","d6f7 e5d3 f4d3 g7b2 d3b2 a2a1","1499","77","100","1755","discoveredAttack long mate mateIn3 middlegame queensideAttack sacrifice","https://lichess.org/MGuuK7rc#39","",""
"chess","3","340","che","exact","2jSe4","1r3r2/4np1k/1q1Bp1pb/2p5/1p2P2P/2PQ1PP1/1P4B1/R4RK1 w - - 1 26","d6b8 c5c4 d3d4 h6e3 g1h2 e3d4","1568","75","99","1298","advantage discoveredAttack exposedKing fork long middlegame","https://lichess.org/mn8nkp1Q#51","",""
"image","3","337","age","exact","Pcv1m","6k1/6p1/1p5p/1Pp1p3/2PpP1n1/3P4/2Q3PP/q4BK1 w - - 1 31","g2g3 a1f1 g1f1 g4e3 f1g1 e3c2","1489","74","100","271","attraction crushing endgame fork long sacrifice","https://lichess.org/zYtVT9v2#61","",""
"cabby","4","336","cabb","exact","dG63M","8/8/1Pk3p1/K1P4p/7n/8/8/8 b - - 1 51","c6b7 c5c6 b7c6 a5a6 c6d5 b6b7 h4f3 b7b8q","1774","75","100","419","advancedPawn crushing endgame knightEndgame promotion veryLong","https://lichess.org/ZGndBbZh/black#102","",""
"druid","2","335","dd","exact","kyjDb","1r1n4/1Pk3pp/5p2/1NK1p3/8/8/5PPP/3R4 b - - 8 35","c7b7 d1d7 b7a6 d7a7","1599","85","100","63","endgame","https://lichess.org/eWDu2JZO/black#70","",""
"exact","3","334","eac","exact","5peS7","k2r1b1r/2p3p1/P7/4Qp1p/2P5/3P4/P4PPP/1qB2R1K b - - 0 22","f8d6 e5d5 a8b8 a6a7 b8a7 c1e3","1559","76","100","228","advancedPawn attraction crushing exposedKing long middlegame queensideAttack","https://lichess.org/phdUEPlg/black#44","",""
"dopey","2","332","de","exact","JPgdu","8/7p/8/R1P1k3/8/P2p1K2/7r/8 w - - 0 44","f3e3 d3d2 c5c6 e5d6","1589","77","100","2040","advancedPawn crushing defensiveMove endgame rookEndgame short","https://lichess.org/DHnFxzYk#87","",""
"cried","3","330","ced","exact","VQKiF","4r1k1/8/8/1R6/2n5/P1P1B2P/5PP1/5K2 w - - 1 39","e3d4 c4d2 f1g1 e8e1 g1h2 d2f1","1585","96","100","101","endgame equality long","https://lichess.org/m5b38lVR#77","",""
"chime","3","329","che","exact","n3FNa","2r1kr2/1bq1b1pB/p3Q3/1p2P3/8/n1N5/1PP3PP/2B1R1K1 b - - 0 21","c7c5 c1e3 c8c6 h7g6 e8d8 e1d1","1727","76","100","197","advantage defensiveMove exposedKing long master middlegame","https://lichess.org/3Y0FSQZE/black#42","",""
"batch","4","326","bach","exact","S9cSd","r3k1nr/pp3p1p/1q2p1pb/1N1pP3/3P4/1B1n1N2/PP1K1PPP/R1BQ3R w kq - 1 13","d2d3 b6b5 d3c2 a8c8 c2b1 c8c1 d1c1 h6c1","1615","75","97","6467","advantage fork hangingPiece middlegame veryLong","https://lichess.org/mf8kACRr#25","French_Defense French_Defense_Advance_Variation",""
"gauge","4","325","gage","exact","I2vxA","7k/6p1/P4p1p/4p3/8/4P1PP/Q4P2/3q1nK1 b - - 0 41","f1g3 g1g2 g3e2 a6a7 d1g1 g2f3 e2d4 e3d4","1658","76","98","2235","advancedPawn advantage endgame veryLong","https://lichess.org/uFRKeRaw/black#82","",""
"crack","3","324","cac","exact","W23gt","8/5k2/P7/2p5/5n2/2KP4/2P5/8 b - - 0 51","f4d5 c3c4 d5c7 a6a7 f7e7 c4c5","1576","74","100","772","advancedPawn crushing defensiveMove endgame knightEndgame long","https://lichess.org/M8hixX37/black#102","",""
"witch","2","321","ch","exact","rTvuh","1r4k1/r6p/5p2/p2p1PP1/2pP1q1R/P1Qn4/1P1N4/1K5R b - - 0 31","b8b2 c3b2 d3b2 h4f4","1617","75","100","940","advantage middlegame short","https://lichess.org/q3mkCZPv/black#62","",""
"bunch","3","320","bch","exact","VO6UJ","3qr1k1/ppr2p2/6bp/1Q1p4/3N1n1P/2P2P2/PP1N4/2K3RR b - - 3 23","f4d3 b5d3 e8e1 c1c2 e1g1 h1g1","1741","76","100","777","advantage long middlegame pin","https://lichess.org/It4O1szO/black#46","",""
"broth","2","315","bh","exact","NETHI","8/7k/p6p/1p1p1p2/1Q1Ppq2/P5RP/1Pr3PK/8 b - - 1 36","c2c7 b4f8 f4g3 h2g3","1606","142","100","12","endgame","https://lichess.org/8Ja8pQ69/black#72","",""
"madly","2","314","ad","exact","qmvNi","3r2k1/pp3p1p/6p1/2P4b/qP1r4/P6R/1Q1R1P1P/4K3 w - - 0 26","d2d4 a4d1 d4d1 d8d1","1629","75","100","592","endgame mate mateIn2 sacrifice short xRayAttack","https://lichess.org/Zt9d9WfK#51","",""
"dried","3","313","ded","exact","xol34","2r3k1/5p1p/6p1/8/Q2br3/3q4/PP1P1PPP/R1B2RK1 w - - 3 20","a4b3 d4f2 f1f2 e4e1 f2f1 d3f1","1599","75","100","609","long master mate mateIn3 middlegame sacrifice","https://lichess.org/jUlvNz50#39","",""
"scene","3","312","cee","exact","h367I","1k1r1R2/pp4p1/2pbQ3/2q4p/8/2N1P2P/PP6/6RK b - - 0 26","d8f8 c3e4 c5e5 e6d6 e5d6 e4d6","1593","76","100","705","advantage endgame fork long","https://lichess.org/CR9BWoAz/black#52","",""
"magma","3","311","aga","exact","VLU4s","2k5/1p6/pnbp4/5R2/5P2/2P5/qPB1Q3/2KN2r1 w - - 0 29","e2e3 a2a1 c2b1 g1d1 c1d1 a1b1","1566","74","100","418","attraction crushing deflection long middlegame","https://lichess.org/bQgaptul#57","",""
"thong","2","309","hg","exact","IQ08E","2kr3r/1pp2p1p/p1p3p1/4P1qn/3P4/N1P2Q1P/PP3PP1/R4RK1 w - - 2 16","f3f7 h5f4 f7f4 g5f4","1601","75","100","777","advantage middlegame short","https://lichess.org/uzIGOmah#31","Ruy_Lopez Ruy_Lopez_Berlin_Defense",""
"punch","2","308","ch","exact","TSrkQ","8/k1q5/Pp6/4p1p1/4p1Pr/1Q1P2K1/1P6/3R4 w - - 0 33","d3e4 c7h7 b3f3 h4h3","1619","74","100","626","crushing endgame short","https://lichess.org/LrMMkWdz#65","",""
"knead","3","305","ead","exact","b1DHh","r2q1rk1/1bpnbpp1/1pP1p2p/p2p4/1P1P1B2/2QBPN1P/P4PP1/R3K2R w KQ - 0 14","c6b7 e7b4 c3b4 a5b4 b7a8r d8a8","1540","81","100","138","equality long middlegame pin","https://lichess.org/JMhBMfG5#27","",""
"rapid","2","303","ad","exact","nt08L","8/2k5/p3p1P1/3rP3/3p4/qPpQ4/P1P5/K3R3 w - - 1 35","e1b1 a3a2 a1a2 d5a5","1630","131","100","21","endgame master","https://lichess.org/DIBzfWmd#69","",""
"clang","3","302","cag","exact","GmrVi","8/5pk1/R4p2/P1p2PpP/2p1P3/r4PK1/8/8 w - - 1 38","g3g4 c4c3 a6c6 a3a5 h5h6 g7h6","1630","74","100","364","crushing endgame long master rookEndgame","https://lichess.org/Kl9YGUGp#75","",""
"anger","3","301","age","exact","NYYgx","6k1/p2Q1p2/bp4p1/7p/4P2P/1N3Pq1/PP4P1/1K6 w - - 3 30","d7a7 a6d3 b1a1 g3e1 b3c1 e1c1","1467","77","100","539","endgame long mate mateIn3","https://lichess.org/A6ByfiZz#59","",""
"drive","2","300","de","exact","O8F5s","4k3/p3PR2/1p6/2pB4/2P1P1qp/1P6/P4K2/8 b - - 0 42","h4h3 d5c6 e8f7 e7e8q","1611","75","100","1525","advancedPawn crushing endgame promotion short","https://lichess.org/gN5wuahx/black#84","",""
"goofy","2","299","gf","exact","6taLG","5rk1/6pp/8/3p2r1/4pqBn/2P5/PP2QP1P/3R2RK w - - 0 30","e2e3 g5g4 g1g4 f4g4","1599","75","100","759","advantage master middlegame short","https://lichess.org/zOY9hwML#59","",""
"stuff","2","296","ff","exact","tQIvJ","1r3n1k/5Rq1/7p/4r3/8/2P2QP1/Bp3PPK/8 b - - 3 39","g7g8 f3f6 g8g7 f6g7","1599","74","100","228","fork mate mateIn2 middlegame short","https://lichess.org/89gR51db/black#78","",""
"bleep","3","295","bee","exact","m0xiv","3r2k1/7p/6p1/pQ1p4/1q6/6P1/5P1P/3R2K1 w - - 2 28","d1d5 b4e1 g1g2 e1e4 f2f3 e4d5","1656","74","100","1267","crushing endgame long","https://lichess.org/1Gd7iua1#55","",""
"mecca","4","293","ecca","exact","zTBNZ","8/8/p7/1p4p1/1PkBKp2/2P4P/6P1/4b3 w - - 6 48","e4e5 e1c3 d4c3 c4c3 e5f5 c3b4 f5g5 a6a5","1410","76","97","8976","bishopEndgame crushing defensiveMove endgame veryLong","https://lichess.org/QBJT6TK6#95","",""
"folio","1","292","f","exact","A0bCM","2kr1b1r/pp1bpQpp/5n2/6B1/1nB1P3/2N2N2/PPP2qPP/2KR3R w - - 0 11","g5f6 f2c2","1581","86","100","46","middlegame","https://lichess.org/UJUkWK1f#21","Queens_Pawn_Game Queens_Pawn_Game_Chigorin_Variation",""
"quash","2","289","ah","exact","1yjMO","4k3/r6p/1q2r2B/5p2/1pp2P2/P5RP/6PK/Q7 b - - 7 46","e6g6 a1h8 e8d7 h8h7","1585","76","100","340","advantage endgame interference short","https://lichess.org/UmntBABz/black#92","",""
"fauna","3","288","faa","exact","GlzGz","5R2/2k2P2/2p2r2/pp1p4/3P4/2P5/3K4/8 b - - 6 45","a5a4 f8a8 f6f7 a8a7 c7b6 a7f7","1596","74","100","1792","crushing endgame long rookEndgame skewer","https://lichess.org/oH9PvNCD/black#90","",""
"happy","2","286","ha","exact","5pLTY","2r3k1/3n1p2/q5pQ/p2pPp2/3P3N/7P/P1r3P1/R4R1K b - - 0 25","d7f8 h4f5 a6f1 a1f1","1554","76","100","720","crushing middlegame short","https://lichess.org/TEALmtqS/black#50","",""
"fussy","1","284","f","exact","3osoc","8/pQ3pk1/1b6/3B1q1p/7P/5KP1/PP3n2/4RR2 w - - 19 38","f3e2 f5d3","1621","77","100","831","mate mateIn1 middlegame oneMove","https://lichess.org/QtWxXxpc#75","",""
"relic","2","283","ec","exact","zqqNm","4r1k1/p3r1p1/7p/3b4/1PP1p3/3P4/6PP/1R2R1K1 b - - 0 32","e4d3 e1e7 e8e7 c4d5","1598","119","100","51","endgame equality short","https://lichess.org/flzl7yfN/black#64","",""
"guava","3","282","gaa","exact","8Sg8t","8/8/5nK1/R5RP/2pk4/4q3/8/8 b - - 3 57","f6e4 g5d5 d4c3 a5a3 c3b4 a3e3","1592","75","100","1477","crushing endgame long skewer","https://lichess.org/0zWkSPbY/black#114","",""
"fudge","4","280","fdge","exact","8Tl75","8/8/7p/3R1Np1/3P1pk1/5r2/P2bK3/8 b - - 7 52","d2c3 f5h6 g4g3 d5g5 g3h4 g5g4 h4h5 e2f3","1523","74","96","18829","crushing deflection discoveredAttack endgame veryLong","https://lichess.org/qCehtFRz/black#104","",""
"femur","2","279","fe","exact","heIw6","4Rr1k/1p3Qbp/p5p1/5b2/2Bq1P2/3p2K1/P5PP/8 b - - 5 25","d4d6 f7g8 f8g8 e8g8","1604","75","100","635","mate mateIn2 middlegame sacrifice short xRayAttack","https://lichess.org/DcUZdWRH/black#50","",""
"chirp","2","278","ch","exact","vLOuD","r1q2r1k/pp4pp/3p1b1N/2p5/2QB4/7b/PPP1BP2/2K3R1 b - - 1 22","c5d4 c4g8 f8g8 h6f7","1620","77","100","816","kingsideAttack mate mateIn2 middlegame sacrifice short smotheredMate","https://lichess.org/BRMEGoST/black#44","",""
"forte","2","277","fe","exact","nLIX7","rn2kb1r/pp2ppp1/2p2n2/4RNq1/6p1/2N4P/PPPP1PP1/R1BQ2K1 b kq - 4 12","g4h3 f5d6 e8d7 e5g5","1604","76","100","1873","advantage discoveredAttack opening pin short","https://lichess.org/YFhsQkLJ/black#24","Scandinavian_Defense Scandinavian_Defense_Main_Line",""
"alibi","2","276","ab","exact","JoQZM","1kr5/1pp3Qp/pq6/r7/1b6/2N2P2/PPP3PP/1K1RR3 w - - 1 26","c3d5 a5d5 d1d5 b4e1","1606","74","100","372","advantage middlegame short","https://lichess.org/r2i0Inkw#51","",""
"whine","2","275","he","exact","0NK3D","r7/pp3kpQ/2b1pr1p/8/2p1B3/2PpR1Pq/PP3P1P/R5K1 b - - 1 26","a8h8 h7h8 c6e4 e3e4","1617","76","100","614","advantage hangingPiece middlegame short","https://lichess.org/cLniRtyZ/black#52","",""
"fleck","3","271","fec","exact","FezLv","8/5p2/7R/p1b1kp2/7P/8/r3NP2/5K2 b - - 2 54","a5a4 f2f4 e5e4 e2c3 e4f4 c3a2","1607","75","100","150","advantage endgame fork long master","https://lichess.org/OISHktW6/black#108","",""
"felon","2","270","fe","exact","v90t8","4k2r/4bp1p/p3p3/2N1P3/2R5/1P6/r4PPP/2R3K1 w k - 0 27","c5e6 f7e6 c4c8 e7d8","1596","121","100","60","defensiveMove endgame equality hangingPiece short","https://lichess.org/zcTRT7bO#53","",""
"gourd","2","269","gd","exact","yTcAn","5r2/6k1/2pB1qpp/p1b5/P3P1Q1/2p2P2/7P/6RK b - - 0 32","f6f3 g4f3 f8f3 d6c5","1596","75","100","740","advantage endgame short","https://lichess.org/FSbrafy0/black#64","",""
"ficus","2","266","fc","exact","PFQU4","b1r3k1/p6p/1p1Q1p2/4pq2/8/6P1/PP3P1P/R3R1K1 w - - 2 24","e1e3 f5h3 f2f3 c8c2","1594","76","100","162","crushing endgame short","https://lichess.org/lWUyBvlL#47","",""
"stash","2","265","ah","exact","anDjY","8/7R/3k2p1/8/4B2P/n5P1/1p5r/4K3 w - - 1 49","e4g6 a3c2 g6c2 h2c2","1616","76","100","697","crushing endgame short","https://lichess.org/yLBOxRwe#97","",""
"decry","3","264","dec","exact","rVEwJ","r1b3k1/p2p2pp/1pp5/4P3/8/2PB4/P1P2RPP/5K2 b - - 1 20","a7a5 d3c4 d7d5 e5d6 c8e6 c4e6","1608","136","100","44","endgame","https://lichess.org/lmC95EZl/black#40","",""
"daunt","2","261","da","exact","h1Xql","8/5p1k/6pp/1r6/2q1p3/4P2P/5PP1/Q2R2K1 b - - 7 34","h6h5 d1d8 b5b1 a1b1","1589","74","100","776","crushing endgame quietMove short","https://lichess.org/2QgiKH5x/black#68","",""
"scree","3","260","cee","exact","qHMtg","r1b1r1k1/1p3p2/p1p2qpp/4p3/1PPPQ3/P2BP3/5PPP/3R1RK1 w - - 0 18","d4d5 c8f5 e4f3 e5e4 d3e4 e8e4","1614","83","100","60","middlegame","https://lichess.org/Zss8hG4R#35","Queens_Pawn_Game Queens_Pawn_Game_Chigorin_Variation",""
"await","2","258","aa","exact","qS0FQ","8/8/2K4p/2B5/8/Pk6/1R6/b7 b - - 0 63","b3b2 a3a4 b2b3 a4a5","1620","75","100","294","bishopEndgame crushing defensiveMove endgame master quietMove short","https://lichess.org/uc199GaF/black#126","",""
"whose","2","256","he","exact","EkfxO","r2r1k2/pp1PRp1p/2p2Pn1/3p3Q/5q2/7P/1PP2P2/4R1K1 b - - 8 35","f4f6 h5h6 f6g7 e7e8","1617","74","100","318","crushing middlegame pin short","https://lichess.org/kFTX736c/black#70","",""
"mangy","2","253","ag","exact","s71R7","8/6p1/p4k2/2p5/5PK1/1P6/P7/8 b - - 2 42","g7g6 a2a3 f6e6 g4g5 c5c4 b3c4","1611","76","100","750","crushing endgame long pawnEndgame quietMove zugzwang","https://lichess.org/2IodyiDk/black#84","",""
"eying","2","252","eg","exact","bVEfI","3rk2r/pp2bRpp/8/3PN2q/8/1Q4P1/PP2b1PP/RN4K1 b k - 0 16","h5f7 e5f7 e7c5 g1h1","1601","102","100","46","middlegame","https://lichess.org/p6FUnBCL/black#32","Scandinavian_Defense Scandinavian_Defense_Modern_Variation",""
"staid","2","248","ad","exact","iC8bw","3N4/p7/np3p2/3P3p/1k2R3/5P1b/P5rb/2R1K3 b - - 1 36","b4b5 a2a4 b5a5 d8c6","1568","74","100","876","mate mateIn2 middlegame short","https://lichess.org/9xNmWxvX/black#72","",""
"hence","4","247","hece","exact","R17pI","4r2r/pp1q2k1/6bp/4p3/2p3PN/2B1Q2P/PPP1R3/6K1 b - - 1 26","g7h7 h4g6 h7g6 e3e4 g6g7 c3e5 e8e5 e4e5","1618","77","94","18538","attraction crushing master middlegame veryLong","https://lichess.org/eRcUo7BT/black#52","",""
"pinch","2","246","ch","exact","JvH1B","8/8/2k2p2/4pr1P/p6R/B1K2P2/2b5/8 b - - 1 44","f5f3 c3c2 f3a3 h5h6","1578","75","100","504","crushing endgame short","https://lichess.org/bRAOPkGC/black#88","",""
"teddy","3","245","edd","exact","RGcUq","2knQb1r/ppp3pp/7n/q3p3/4P3/8/PB2rPPP/3R1RK1 b - - 4 16","h6f7 e8d7 c8b8 d7d8 f7d8 d1d8","1599","76","100","738","backRankMate deflection long mate mateIn3 middlegame sacrifice","https://lichess.org/AwlpoBjC/black#32","Nimzowitsch_Defense Nimzowitsch_Defense_Other_variations",""
"attic","2","242","ac","exact","hgntt","R7/p1r1q1kp/2pr1pp1/8/2Q5/P4P2/1PP3PP/1K6 b - - 0 31","c7b7 a8g8 g7h6 c4h4","1620","75","100","262","endgame mate mateIn2 short","https://lichess.org/54k6ag2e/black#62","",""
"going","2","241","gg","exact","zFaZp","2rb3r/pp3k1p/4p3/3pNp2/1q1P4/4P1Q1/6PP/5RK1 b - - 5 27","f7e7 g3g7 e7d6 g7d7","1599","75","100","484","fork mate mateIn2 middlegame short","https://lichess.org/226fZdXh/black#54","",""
"leach","4","240","each","exact","lk6L9","r6r/1p2kpQp/2p1p3/2qp4/4nP2/1P2PN2/3P4/1K1R1B1R w - - 13 26","f3e5 e4d2 d1d2 a8a1 b1a1 c5c1 a1a2 h8a8 f1a6 a8a6","2513","81","97","1088","attraction exposedKing fork mate mateIn5 middlegame sacrifice veryLong","https://lichess.org/k9Ii1g3s#51","",""
"hound","2","238","hd","exact","ujd3h","r1bq1r2/ppp2ppk/4pb2/6N1/3P3P/8/PPP2PP1/R2QK2R b KQ - 1 13","f6g5 h4g5 h7g6 d1h5","1592","75","100","306","advantage discoveredAttack middlegame short","https://lichess.org/n5gD1J1a/black#26","French_Defense French_Defense_Rubinstein_Variation",""
"bigot","2","235","bg","exact","CWzSC","5r1k/1Q5n/R1B4p/6p1/P1Pb1p2/3b3P/1q3PPB/5RK1 b - - 5 37","d3f1 b7b2 d4b2 g1f1","1603","75","100","325","advantage intermezzo middlegame short","https://lichess.org/lwQPHTuf/black#74","",""
"piece","3","233","ece","exact","1VfeF","8/pQb1r1kp/6p1/2P1q3/8/5R1P/PP4P1/5RK1 w - - 0 40","b7a7 e5h2 g1f2 c7g3 f3g3 e7a7","1607","75","100","653","advantage discoveredAttack endgame long","https://lichess.org/mP3tERJZ#79","",""
"blame","3","232","bae","exact","oEdFu","2q3r1/Qp1k1p2/2rBp3/3pP1pp/8/2P5/5PPP/1R4K1 b - - 3 33","c6d6 b1b7 c8b7 a7b7 d7e8 e5d6","1713","76","100","331","crushing endgame long","https://lichess.org/OEQmchPT/black#66","",""
"haute","3","231","hae","exact","Jjalu","8/8/5p2/4k1pp/p3P3/4K1PP/P7/8 w - - 0 40","g3g4 h5g4 h3g4 a4a3 e3f3 e5d4","1678","76","97","1822","crushing endgame long pawnEndgame zugzwang","https://lichess.org/LJOETr9u#79","",""
"spied","2","230","ed","exact","CgSRb","4r1k1/5ppb/p4n2/1p1P1q1p/2P1r3/1P1Q3P/2P1NBP1/R3R1K1 b - - 1 27","e4e2 e1e2 e8e2 d3e2","1596","75","100","789","advantage middlegame short","https://lichess.org/5CUyP3ER/black#54","",""
"undid","2","229","dd","exact","JLJii","8/2p1r1k1/1p1pN1p1/p2P4/n6p/2P4P/6P1/3R2K1 b - - 1 42","g7h6 d1d4 g6g5 d4a4","1598","75","100","513","advantage endgame short","https://lichess.org/PpordrdW/black#84","",""
"basal","3","228","baa","exact","iO1Rp","1KB5/4k2p/8/8/pp3P1P/8/P7/8 w - - 0 52","f4f5 b4b3 a2b3 a4a3 c8e6 a3a2","1603","74","100","1248","advancedPawn bishopEndgame crushing endgame long","https://lichess.org/nAXjb2yU#103","",""
"shine","2","227","he","exact","KJpKk","rnb4r/pp3kpp/2p5/3n4/1qBP4/8/PPP1QPPP/RN2K1NR w KQ - 2 10","b1d2 h8e8 e1c1 e8e2","1617","75","100","460","advantage opening pin short","https://lichess.org/unO63cJ2#19","Caro-Kann_Defense Caro-Kann_Defense_Exchange_Variation",""
"gecko","3","226","gec","exact","EP9Fe","rn2k2r/pp3pp1/2P4p/4p3/2B1q1b1/2P3Q1/P3NPPP/R3K2R b KQkq - 0 13","e4c4 g3e5 c4e6 e5e6 g4e6 c6b7","1599","75","100","305","advancedPawn advantage long middlegame","https://lichess.org/1le4x4v4/black#26","Queens_Gambit_Accepted Queens_Gambit_Accepted_Central_Variation",""
"guard","3","224","gad","exact","gHuLv","7k/6pp/R7/3Q4/3P2K1/4p1P1/1Pq4r/8 b - - 1 30","h7h5 g4g5 c2c8 a6a8 c8a8 d5a8","1767","83","100","65","crushing defensiveMove endgame long pin","https://lichess.org/vBUR2kb7/black#60","",""
"scamp","2","221","ca","exact","3HaJP","1kbr4/p1qr1p2/1pp4p/4pNpP/1b2PnP1/1P2BP2/RPP1NQ1K/R7 w - - 18 27","e3b6 c7b6 f2b6 a7b6","1579","74","100","213","advantage master middlegame short","https://lichess.org/SgDZVYhz#53","",""
"scram","2","220","ca","exact","A6bLX","1rk1r3/p3b3/P2p2qp/QppP4/3p1B2/3P1PPb/3K1P2/1RR5 b - - 10 37","e7g5 c1c5 d6c5 a5c7","1579","75","100","1041","mate mateIn2 middlegame queensideAttack sacrifice short","https://lichess.org/BudCftjr/black#74","",""
"hello","2","218","he","exact","PLVuD","5r1k/p1q2r1p/1p2Q3/3pP2R/2n2PP1/2P3K1/PP6/7R b - - 0 33","c7e7 h5h7 f7h7 e6e7","1583","75","100","461","crushing middlegame pin short","https://lichess.org/A2g14bHd/black#66","",""
"organ","2","216","ga","exact","t1STI","r1b3k1/pp3pbp/2n3p1/q2r4/8/1QN1BP2/PP2B1PP/R3K2R w KQ - 0 16","b3d5 g7c3 b2c3 a5d5","1567","147","100","11","middlegame","https://lichess.org/RW4DG5hp#31","Sicilian_Defense Sicilian_Defense_Accelerated_Dragon",""
"feral","3","215","fea","exact","SxCwb","8/5bbp/pk6/3P1pB1/1P3P2/PKr2B2/6PP/3R4 w - - 3 36","b3a4 f7e8 b4b5 e8b5 a4b4 a6a5","1646","74","100","397","endgame long mate mateIn3","https://lichess.org/wv1G55vU#71","",""
"condo","2","212","cd","exact","grKx7","8/7p/3p2pk/R2Pb3/P7/2p4P/5P2/5K2 w - - 0 43","f1e2 c3c2 a5c5 d6c5","1601","75","100","352","advancedPawn crushing endgame short","https://lichess.org/TbwDAIYW#85","",""
"adapt","3","211","ada","exact","6h1yC","6k1/4Rp1p/6p1/1B1n1p2/P6P/5P2/r5P1/5K2 w - - 3 29","b5c4 a2a1 e7e1 d5e3 f1f2 a1e1","1647","75","100","663","crushing endgame long master pin","https://lichess.org/vZKMAhY9#57","",""
"faith","3","208","fah","exact","6cABt","r1b2rk1/pp3Rp1/2pp3p/4p2Q/2P1q3/1P4P1/P5BP/R6K b - - 0 18","e4g4 f7f8 g8f8 a1f1 f8e7 h5f7","1713","76","100","347","advantage attraction kingsideAttack long middlegame","https://lichess.org/orbz16PG/black#36","Kings_Pawn_Game Kings_Pawn_Game_Dresden_Opening",""
"match","3","207","ach","exact","KnsYU","8/4k1p1/p1p5/N2prpp1/8/7P/PPP2KP1/8 b - - 1 32","g5g4 a5c6 e7f6 c6e5 f6e5 h3g4","1461","77","98","4753","advantage endgame fork long","https://lichess.org/OmLkiYfm/black#64","",""
"mercy","2","206","ec","exact","VK7Jz","3r2k1/p1q2pp1/2p2n1p/8/2bBr3/P1P3QP/2P1NPP1/R4RK1 b - - 1 25","c7g3 e2g3 e4d4 c3d4","1603","90","100","109","equality middlegame short","https://lichess.org/aKgOst6L/black#50","",""
"tepid","2","205","ed","exact","IIpTX","6k1/1p6/pN1p4/P2Pp3/6P1/4b1P1/3qQK2/7R w - - 8 56","f2f3 e5e4 f3e4 d2e2","1596","75","100","740","crushing deflection endgame master short","https://lichess.org/2mkoHMFL#111","",""
"peace","4","202","eace","exact","T1WrF","4rk2/p1Q2pp1/3Rp2p/n3P3/P7/2P5/K3qP2/1R6 w - - 7 30","b1b2 e2c4 c7c4 a5c4 b2b7 c4d6 e5d6 e8d8","1860","113","100","38","endgame equality fork veryLong","https://lichess.org/cuQIxeCK#59","",""
"flush","2","201","fh","exact","D5exW","1k3r1r/8/R5p1/1ppNn3/4P1Pq/P2P3p/1PP1Q2P/5RK1 w - - 1 29","d3d4 f8f1 e2f1 h4g4","1604","75","100","365","advantage kingsideAttack middlegame short","https://lichess.org/hYexbX5b#57","",""
"catty","2","200","ca","exact","CNABM","8/1k1n4/pp3r2/7p/P1NP2bP/2P3P1/8/1R4K1 b - - 2 40","f6c6 c4a5 b7c7 a5c6","1622","96","100","85","endgame equality pin short","https://lichess.org/J2Jv0UBZ/black#80","",""
"eject","3","198","eec","exact","DZlz3","6k1/5pp1/7p/3q4/8/5PP1/2Q1R1KP/3r4 b - - 0 32","d1d3 e2e8 g8h7 e8e3 d5a2 c2a2","1593","142","100","46","endgame","https://lichess.org/0TmySejG/black#64","",""
"roger","2","197","ge","exact","vtkpx","1k2r3/pp6/5p1b/5Qp1/3P2P1/2PK4/P2B1Pq1/1R6 w - - 2 28","f5d7 g2e4 d3c4 e8c8","1591","74","100","290","crushing endgame short","https://lichess.org/hbLyKmNN#55","",""
"refit","2","194","ef","exact","QQFSs","6k1/3qNp2/1p1p1b1B/p1pP3p/P1P5/4QP2/1P6/2K5 b - - 1 31","f6e7 e3g1 d7g4 f3g4","1599","75","100","1159","crushing endgame short","https://lichess.org/bTAXiP1u/black#62","",""
"aorta","2","193","aa","exact","NOkwe","8/6p1/7p/1K5k/2p5/8/PP6/8 b - - 0 42","h5g4 a2a4 g4f4 a4a5","1622","77","100","527","crushing defensiveMove endgame master pawnEndgame quietMove short","https://lichess.org/gywoGNJ8/black#84","",""
"adult","2","192","ad","exact","22ETR","rnb1k1nr/pp2pp1p/6p1/2q5/4P3/5N2/PP1Q1PPP/R3KB1R b KQkq - 1 11","g8f6 a1c1 c5c1 d2c1","1566","76","100","939","advantage opening short","https://lichess.org/lX6WNIzY/black#22","Pterodactyl_Defense Pterodactyl_Defense_Eastern",""
"judge","3","191","dge","exact","uhyxj","5k2/pp1q1p2/2p3n1/2P1PPP1/1P2Q2p/P2B2K1/8/8 w - - 0 48","g3g4 d7d3 e4d3 g6e5 g4h4 e5d3","1587","78","100","1168","attraction crushing deflection endgame fork long sacrifice","https://lichess.org/dI7jqpRX#95","",""
"shave","3","187","hae","exact","VGk1r","4qk2/R3b1p1/4Q2B/3pPp1P/3Pb3/1r2P3/6P1/6K1 b - - 0 41","b3b2 h6g7 f8g7 a7e7 e8e7 e6e7","1512","76","97","7302","attraction crushing deflection fork long master middlegame","https://lichess.org/tYdw6WXS/black#82","",""
