"word","source","curated_frequency_score","wordle_valid"
"aahed","wordle","","True"
"aalii","wordle","","True"
"aargh","wordle","","True"
"aarti","wordle","","True"
"abaca","wordle","","True"
"abaci","wordle","","True"
"aback","curated+wordle","3","True"
"abacs","wordle","","True"
"abaft","wordle","","True"
"abaka","wordle","","True"
"abamp","wordle","","True"
"aband","wordle","","True"
"abase","wordle","","True"
"abash","wordle","","True"
"abask","wordle","","True"
"abate","curated+wordle","5","True"
"abaya","wordle","","True"
"abbas","wordle","","True"
"abbed","wordle","","True"
"abbes","wordle","","True"
"abbey","curated+wordle","2","True"
"abbot","wordle","","True"
"abcee","wordle","","True"
"abeam","wordle","","True"
"abear","wordle","","True"
"abele","wordle","","True"
"abers","wordle","","True"
"abets","wordle","","True"
"abhor","wordle","","True"
"abide","curated+wordle","6","True"
"abies","wordle","","True"
"abled","wordle","","True"
"abler","wordle","","True"
"ables","wordle","","True"
"ablet","wordle","","True"
"ablow","wordle","","True"
"abmho","wordle","","True"
"abode","curated+wordle","2","True"
"abohm","wordle","","True"
"aboil","wordle","","True"
"aboma","wordle","","True"
"aboon","wordle","","True"
"abord","wordle","","True"
"abore","wordle","","True"
"abort","wordle","","True"
"about","curated+wordle","1497","True"
"above","curated+wordle","298","True"
"abram","wordle","","True"
"abray","wordle","","True"
"abrim","wordle","","True"
"abrin","wordle","","True"
"abris","wordle","","True"
"absey","wordle","","True"
"absit","wordle","","True"
"abuna","wordle","","True"
"abune","wordle","","True"
"abuse","curated+wordle","16","True"
"abuts","wordle","","True"
"abuzz","wordle","","True"
"abyes","wordle","","True"
"abysm","wordle","","True"
"abyss","curated+wordle","4","True"
"acais","wordle","","True"
"acari","wordle","","True"
"accas","wordle","","True"
"accoy","wordle","","True"
"acerb","wordle","","True"
"acers","wordle","","True"
"aceta","wordle","","True"
"achar","wordle","","True"
"ached","wordle","","True"
"aches","curated+wordle","3","True"
"achoo","wordle","","True"
"acids","wordle","","True"
"acidy","wordle","","True"
"acing","wordle","","True"
"acini","wordle","","True"
"ackee","wordle","","True"
"acker","wordle","","True"
"acmes","wordle","","True"
"acmic","wordle","","True"
"acned","wordle","","True"
"acnes","wordle","","True"
"acock","wordle","","True"
"acold","wordle","","True"
"acorn","wordle","","True"
"acred","wordle","","True"
"acres","curated+wordle","36","True"
"acrid","curated+wordle","3","True"
"acros","wordle","","True"
"acted","curated+wordle","37","True"
"actin","wordle","","True"
"acton","wordle","","True"
"actor","curated+wordle","8","True"
"acute","curated+wordle","169","True"
"acyls","wordle","","True"
"adage","wordle","","True"
"adapt","curated+wordle","3","True"
"adaws","wordle","","True"
"adays","wordle","","True"
"adbot","wordle","","True"
"addax","wordle","","True"
"added","curated+wordle","298","True"
"adder","wordle","","True"
"addio","wordle","","True"
"addle","wordle","","True"
"adeem","wordle","","True"
"adept","curated+wordle","4","True"
"adhan","wordle","","True"
"adieu","curated+wordle","6","True"
"adios","wordle","","True"
"adits","wordle","","True"
"adman","wordle","","True"
"admen","wordle","","True"
"admin","wordle","","True"
"admit","curated+wordle","65","True"
"admix","wordle","","True"
"adobe","wordle","","True"
"adobo","wordle","","True"
"adopt","curated+wordle","18","True"
"adore","curated+wordle","4","True"
"adorn","curated+wordle","3","True"
"adown","wordle","","True"
"adoze","wordle","","True"
"adrad","wordle","","True"
"adred","wordle","","True"
"adsum","wordle","","True"
"aduki","wordle","","True"
"adult","curated+wordle","24","True"
"adunc","wordle","","True"
"adust","wordle","","True"
"advew","wordle","","True"
"adyta","wordle","","True"
"adzed","wordle","","True"
"adzes","wordle","","True"
"aecia","wordle","","True"
"aedes","wordle","","True"
"aegis","wordle","","True"
"aeons","wordle","","True"
"aerie","wordle","","True"
"aeros","wordle","","True"
"aesir","wordle","","True"
"afald","wordle","","True"
"afara","wordle","","True"
"afars","wordle","","True"
"afear","wordle","","True"
"affix","wordle","","True"
"afire","wordle","","True"
"aflaj","wordle","","True"
"afoot","wordle","","True"
"afore","wordle","","True"
"afoul","wordle","","True"
"afrit","wordle","","True"
"afros","wordle","","True"
"after","curated+wordle","1504","True"
"again","curated+wordle","866","True"
"agama","wordle","","True"
"agami","wordle","","True"
"agape","wordle","","True"
"agars","wordle","","True"
"agast","wordle","","True"
"agate","wordle","","True"
"agave","wordle","","True"
"agaze","wordle","","True"
"agene","wordle","","True"
"agent","curated+wordle","25","True"
"agers","wordle","","True"
"agger","wordle","","True"
"aggie","wordle","","True"
"aggri","wordle","","True"
"aggro","wordle","","True"
"aggry","wordle","","True"
"aghas","wordle","","True"
"agila","wordle","","True"
"agile","curated+wordle","4","True"
"aging","wordle","","True"
"agios","wordle","","True"
"agism","wordle","","True"
"agist","wordle","","True"
"agita","wordle","","True"
"aglee","wordle","","True"
"aglet","wordle","","True"
"agley","wordle","","True"
"agloo","wordle","","True"
"aglow","wordle","","True"
"aglus","wordle","","True"
"agmas","wordle","","True"
"agoge","wordle","","True"
"agone","wordle","","True"
"agons","wordle","","True"
"agony","curated+wordle","10","True"
"agood","wordle","","True"
"agree","curated+wordle","77","True"
"agria","wordle","","True"
"agrin","wordle","","True"
"agros","wordle","","True"
"agued","wordle","","True"
"agues","wordle","","True"
"aguna","wordle","","True"
"aguti","wordle","","True"
"ahead","curated+wordle","43","True"
"aheap","wordle","","True"
"ahent","wordle","","True"
"ahigh","wordle","","True"
"ahind","wordle","","True"
"ahing","wordle","","True"
"ahint","wordle","","True"
"ahold","wordle","","True"
"ahull","wordle","","True"
"ahuru","wordle","","True"
"aidas","wordle","","True"
"aided","curated+wordle","17","True"
"aider","wordle","","True"
"aides","curated+wordle","17","True"
"aidoi","wordle","","True"
"aidos","wordle","","True"
"aiery","wordle","","True"
"aigas","wordle","","True"
"aight","wordle","","True"
"ailed","wordle","","True"
"aimed","curated+wordle","19","True"
"aimer","wordle","","True"
"ainee","wordle","","True"
"ainga","wordle","","True"
"aioli","wordle","","True"
"aired","wordle","","True"
"airer","wordle","","True"
"airns","wordle","","True"
"airth","wordle","","True"
"airts","wordle","","True"
"aisle","wordle","","True"
"aitch","wordle","","True"
"aitus","wordle","","True"
"aiver","wordle","","True"
"aiyee","wordle","","True"
"aizle","wordle","","True"
"ajies","wordle","","True"
"ajiva","wordle","","True"
"ajuga","wordle","","True"
"ajwan","wordle","","True"
"akees","wordle","","True"
"akela","wordle","","True"
"akene","wordle","","True"
"aking","wordle","","True"
"akita","wordle","","True"
"akkas","wordle","","True"
"alaap","wordle","","True"
"alack","wordle","","True"
"alamo","wordle","","True"
"aland","wordle","","True"
"alane","wordle","","True"
"alang","wordle","","True"
"alans","wordle","","True"
"alant","wordle","","True"
"alapa","wordle","","True"
"alaps","wordle","","True"
"alarm","curated+wordle","52","True"
"alary","wordle","","True"
"alate","wordle","","True"
"alays","wordle","","True"
"albas","wordle","","True"
"albee","wordle","","True"
"album","curated+wordle","5","True"
"alcid","wordle","","True"
"alcos","wordle","","True"
"aldea","wordle","","True"
"alder","wordle","","True"
"aldol","wordle","","True"
"aleck","wordle","","True"
"alecs","wordle","","True"
"alefs","wordle","","True"
"aleft","wordle","","True"
"aleph","wordle","","True"
"alert","curated+wordle","13","True"
"alews","wordle","","True"
"aleye","wordle","","True"
"alfas","wordle","","True"
"algae","wordle","","True"
"algal","wordle","","True"
"algas","wordle","","True"
"algid","wordle","","True"
"algin","wordle","","True"
"algor","wordle","","True"
"algum","wordle","","True"
"alias","wordle","","True"
"alibi","wordle","","True"
"alien","curated+wordle","33","True"
"alifs","wordle","","True"
"align","wordle","","True"
"alike","curated+wordle","37","True"
"aline","wordle","","True"
"alist","wordle","","True"
"alive","curated+wordle","71","True"
"aliya","wordle","","True"
"alkie","wordle","","True"
"alkos","wordle","","True"
"alkyd","wordle","","True"
"alkyl","wordle","","True"
"allay","curated+wordle","6","True"
"allee","wordle","","True"
"allel","wordle","","True"
"alley","curated+wordle","5","True"
"allis","wordle","","True"
"allod","wordle","","True"
"allot","wordle","","True"
"allow","curated+wordle","91","True"
"alloy","wordle","","True"
"allyl","wordle","","True"
"almah","wordle","","True"
"almas","wordle","","True"
"almeh","wordle","","True"
"almes","wordle","","True"
"almud","wordle","","True"
"almug","wordle","","True"
"alods","wordle","","True"
"aloed","wordle","","True"
"aloes","wordle","","True"
"aloft","wordle","","True"
"aloha","wordle","","True"
"aloin","wordle","","True"
"alone","curated+wordle","337","True"
"along","curated+wordle","404","True"
"aloof","curated+wordle","5","True"
"aloos","wordle","","True"
"aloud","curated+wordle","28","True"
"alowe","wordle","","True"
"alpha","curated+wordle","7","True"
"altar","curated+wordle","15","True"
"alter","curated+wordle","17","True"
"altho","wordle","","True"
"altos","wordle","","True"
"alula","wordle","","True"
"alums","wordle","","True"
"alure","wordle","","True"
"alvar","wordle","","True"
"alway","wordle","","True"
"amahs","wordle","","True"
"amain","wordle","","True"
"amass","wordle","","True"
"amate","wordle","","True"
"amaut","wordle","","True"
"amaze","wordle","","True"
"amban","wordle","","True"
"amber","curated+wordle","3","True"
"ambit","wordle","","True"
"amble","wordle","","True"
"ambos","wordle","","True"
"ambry","wordle","","True"
"ameba","wordle","","True"
"ameer","wordle","","True"
"amend","wordle","","True"
"amene","wordle","","True"
"amens","wordle","","True"
"ament","wordle","","True"
"amias","wordle","","True"
"amice","wordle","","True"
"amici","wordle","","True"
"amide","wordle","","True"
"amido","wordle","","True"
"amids","wordle","","True"
"amies","wordle","","True"
"amiga","wordle","","True"
"amigo","wordle","","True"
"amine","wordle","","True"
"amino","wordle","","True"
"amins","wordle","","True"
"amirs","wordle","","True"
"amiss","wordle","","True"
"amity","wordle","","True"
"amlas","wordle","","True"
"amman","wordle","","True"
"ammon","wordle","","True"
"ammos","wordle","","True"
"amnia","wordle","","True"
"amnic","wordle","","True"
"amnio","wordle","","True"
"amoks","wordle","","True"
"amole","wordle","","True"
"among","curated+wordle","451","True"
"amort","wordle","","True"
"amour","wordle","","True"
"amove","wordle","","True"
"amowt","wordle","","True"
"amped","wordle","","True"
"ample","curated+wordle","9","True"
"amply","wordle","","True"
"ampul","wordle","","True"
"amrit","wordle","","True"
"amuck","wordle","","True"
"amuse","curated+wordle","14","True"
"amyls","wordle","","True"
"anana","wordle","","True"
"anata","wordle","","True"
"ancho","wordle","","True"
"ancle","wordle","","True"
"ancon","wordle","","True"
"andro","wordle","","True"
"anear","wordle","","True"
"anele","wordle","","True"
"anent","wordle","","True"
"angas","wordle","","True"
"angel","curated+wordle","42","True"
"anger","curated+wordle","59","True"
"angle","curated+wordle","38","True"
"anglo","wordle","","True"
"angry","curated+wordle","132","True"
"angst","wordle","","True"
"anigh","wordle","","True"
"anile","wordle","","True"
"anils","wordle","","True"
"anima","wordle","","True"
"anime","wordle","","True"
"animi","wordle","","True"
"anion","wordle","","True"
"anise","wordle","","True"
"anker","wordle","","True"
"ankhs","wordle","","True"
"ankle","curated+wordle","36","True"
"ankus","wordle","","True"
"anlas","wordle","","True"
"annal","wordle","","True"
"annas","wordle","","True"
"annat","wordle","","True"
"annex","wordle","","True"
"annoy","wordle","","True"
"annul","wordle","","True"
"anoas","wordle","","True"
"anode","wordle","","True"
"anole","wordle","","True"
"anomy","wordle","","True"
"ansae","wordle","","True"
"antae","wordle","","True"
"antar","wordle","","True"
"antas","wordle","","True"
"anted","wordle","","True"
"antes","wordle","","True"
"antic","wordle","","True"
"antis","wordle","","True"
"antra","wordle","","True"
"antre","wordle","","True"
"antsy","wordle","","True"
"anura","wordle","","True"
"anvil","wordle","","True"
"anyon","wordle","","True"
"aorta","curated+wordle","27","True"
"apace","wordle","","True"
"apage","wordle","","True"
"apaid","wordle","","True"
"apart","curated+wordle","85","True"
"apayd","wordle","","True"
"apays","wordle","","True"
"apeak","wordle","","True"
"apeek","wordle","","True"
"apers","wordle","","True"
"apert","wordle","","True"
"apery","wordle","","True"
"apgar","wordle","","True"
"aphid","wordle","","True"
"aphis","wordle","","True"
"apian","wordle","","True"
"aping","wordle","","True"
"apiol","wordle","","True"
"apish","wordle","","True"
"apism","wordle","","True"
"apnea","wordle","","True"
"apode","wordle","","True"
"apods","wordle","","True"
"apoop","wordle","","True"
"aport","wordle","","True"
"appal","wordle","","True"
"appay","wordle","","True"
"appel","wordle","","True"
"apple","curated+wordle","11","True"
"apply","wordle","","True"
"appro","wordle","","True"
"appui","wordle","","True"
"appuy","wordle","","True"
"apres","wordle","","True"
"apron","wordle","","True"
"apses","wordle","","True"
"apsis","wordle","","True"
"apsos","wordle","","True"
"apted","wordle","","True"
"apter","wordle","","True"
"aptly","wordle","","True"
"aquae","wordle","","True"
"aquas","wordle","","True"
"araba","wordle","","True"
"araks","wordle","","True"
"arame","wordle","","True"
"arars","wordle","","True"
"arbas","wordle","","True"
"arbor","wordle","","True"
"arced","wordle","","True"
"archi","wordle","","True"
"arcos","wordle","","True"
"arcus","wordle","","True"
"ardeb","wordle","","True"
"ardor","curated+wordle","8","True"
"ardri","wordle","","True"
"aread","wordle","","True"
"areae","wordle","","True"
"areal","wordle","","True"
"arear","wordle","","True"
"areas","curated+wordle","41","True"
"areca","wordle","","True"
"aredd","wordle","","True"
"arede","wordle","","True"
"arefy","wordle","","True"
"areic","wordle","","True"
"arena","curated+wordle","7","True"
"arene","wordle","","True"
"arepa","wordle","","True"
"arere","wordle","","True"
"arete","wordle","","True"
"arets","wordle","","True"
"arett","wordle","","True"
"argal","wordle","","True"
"argan","wordle","","True"
"argil","wordle","","True"
"argle","wordle","","True"
"argol","wordle","","True"
"argon","wordle","","True"
"argot","wordle","","True"
"argue","curated+wordle","8","True"
"argus","wordle","","True"
"arhat","wordle","","True"
"arias","wordle","","True"
"ariel","wordle","","True"
"ariki","wordle","","True"
"arils","wordle","","True"
"ariot","wordle","","True"
"arise","curated+wordle","28","True"
"arish","wordle","","True"
"arked","wordle","","True"
"arled","wordle","","True"
"arles","wordle","","True"
"armed","curated+wordle","54","True"
"armer","wordle","","True"
"armet","wordle","","True"
"armil","wordle","","True"
"armor","wordle","","True"
"arnas","wordle","","True"
"arnut","wordle","","True"
"aroba","wordle","","True"
"aroha","wordle","","True"
"aroid","wordle","","True"
"aroma","wordle","","True"
"arose","curated+wordle","48","True"
"arpas","wordle","","True"
"arpen","wordle","","True"
"arrah","wordle","","True"
"arras","wordle","","True"
"array","curated+wordle","7","True"
"arret","wordle","","True"
"arris","wordle","","True"
"arrow","wordle","","True"
"arroz","wordle","","True"
"arsed","wordle","","True"
"arses","wordle","","True"
"arsey","wordle","","True"
"arsis","wordle","","True"
"arson","wordle","","True"
"artal","wordle","","True"
"artel","wordle","","True"
"artic","wordle","","True"
"artis","wordle","","True"
"artsy","wordle","","True"
"aruhe","wordle","","True"
"arums","wordle","","True"
"arval","wordle","","True"
"arvee","wordle","","True"
"arvos","wordle","","True"
"aryls","wordle","","True"
"asana","wordle","","True"
"ascon","wordle","","True"
"ascot","wordle","","True"
"ascus","wordle","","True"
"asdic","wordle","","True"
"ashed","wordle","","True"
"ashen","wordle","","True"
"ashes","curated+wordle","11","True"
"ashet","wordle","","True"
"aside","curated+wordle","105","True"
"asked","curated+wordle","777","True"
"asker","wordle","","True"
"askew","wordle","","True"
"askoi","wordle","","True"
"askos","wordle","","True"
"aspen","curated+wordle","3","True"
"asper","wordle","","True"
"aspic","wordle","","True"
"aspie","wordle","","True"
"aspis","wordle","","True"
"aspro","wordle","","True"
"assai","wordle","","True"
"assam","wordle","","True"
"assay","wordle","","True"
"asses","wordle","","True"
"asset","wordle","","True"
"assez","wordle","","True"
"assot","wordle","","True"
"aster","wordle","","True"
"astir","wordle","","True"
"astun","wordle","","True"
"asura","wordle","","True"
"asway","wordle","","True"
"aswim","wordle","","True"
"asyla","wordle","","True"
"ataps","wordle","","True"
"ataxy","wordle","","True"
"atigi","wordle","","True"
"atilt","wordle","","True"
"atimy","wordle","","True"
"atlas","wordle","","True"
"atman","wordle","","True"
"atmas","wordle","","True"
"atmos","wordle","","True"
"atocs","wordle","","True"
"atoke","wordle","","True"
"atoks","wordle","","True"
"atoll","wordle","","True"
"atoms","wordle","","True"
"atomy","wordle","","True"
"atone","curated+wordle","7","True"
"atony","wordle","","True"
"atopy","wordle","","True"
"atria","wordle","","True"
"atrip","wordle","","True"
"attap","wordle","","True"
"attar","wordle","","True"
"attic","curated+wordle","5","True"
"atuas","wordle","","True"
"audad","wordle","","True"
"audio","wordle","","True"
"audit","wordle","","True"
"auger","wordle","","True"
"aught","wordle","","True"
"augur","wordle","","True"
"aulas","wordle","","True"
"aulic","wordle","","True"
"auloi","wordle","","True"
"aulos","wordle","","True"
"aumil","wordle","","True"
"aunes","wordle","","True"
"aunts","wordle","","True"
"aunty","wordle","","True"
"aurae","wordle","","True"
"aural","wordle","","True"
"aurar","wordle","","True"
"auras","wordle","","True"
"aurei","wordle","","True"
"aures","wordle","","True"
"auric","wordle","","True"
"auris","wordle","","True"
"aurum","wordle","","True"
"autos","wordle","","True"
"auxin","wordle","","True"
"avail","curated+wordle","19","True"
"avale","wordle","","True"
"avant","wordle","","True"
"avast","wordle","","True"
"avels","wordle","","True"
"avens","wordle","","True"
"avers","wordle","","True"
"avert","curated+wordle","11","True"
"avgas","wordle","","True"
"avian","wordle","","True"
"avine","wordle","","True"
"avion","wordle","","True"
"avise","wordle","","True"
"aviso","wordle","","True"
"avize","wordle","","True"
"avoid","curated+wordle","98","True"
"avows","wordle","","True"
"avyze","wordle","","True"
"await","curated+wordle","18","True"
"awake","curated+wordle","24","True"
"award","curated+wordle","7","True"
"aware","curated+wordle","52","True"
"awarn","wordle","","True"
"awash","wordle","","True"
"awato","wordle","","True"
"awave","wordle","","True"
"aways","wordle","","True"
"awdls","wordle","","True"
"aweel","wordle","","True"
"aweto","wordle","","True"
"awful","curated+wordle","29","True"
"awing","wordle","","True"
"awmry","wordle","","True"
"awned","wordle","","True"
"awner","wordle","","True"
"awoke","curated+wordle","19","True"
"awols","wordle","","True"
"awork","wordle","","True"
"axels","wordle","","True"
"axial","wordle","","True"
"axile","wordle","","True"
"axils","wordle","","True"
"axing","wordle","","True"
"axiom","wordle","","True"
"axion","wordle","","True"
"axite","wordle","","True"
"axled","wordle","","True"
"axles","wordle","","True"
"axman","wordle","","True"
"axmen","wordle","","True"
"axoid","wordle","","True"
"axone","wordle","","True"
"axons","wordle","","True"
"ayahs","wordle","","True"
"ayaya","wordle","","True"
"ayelp","wordle","","True"
"aygre","wordle","","True"
"ayins","wordle","","True"
"ayont","wordle","","True"
"ayres","wordle","","True"
"ayrie","wordle","","True"
"azans","wordle","","True"
"azide","wordle","","True"
"azido","wordle","","True"
"azine","wordle","","True"
"azlon","wordle","","True"
"azoic","wordle","","True"
"azole","wordle","","True"
"azons","wordle","","True"
"azote","wordle","","True"
"azoth","wordle","","True"
"azuki","wordle","","True"
"azure","wordle","","True"
"azurn","wordle","","True"
"azury","wordle","","True"
"azygy","wordle","","True"
"azyme","wordle","","True"
"azyms","wordle","","True"
"baaed","wordle","","True"
"baals","wordle","","True"
"babas","wordle","","True"
"babel","wordle","","True"
"babes","wordle","","True"
"babka","wordle","","True"
"baboo","wordle","","True"
"babul","wordle","","True"
"babus","wordle","","True"
"bacca","wordle","","True"
"bacco","wordle","","True"
"baccy","wordle","","True"
"bacha","wordle","","True"
"bachs","wordle","","True"
"backs","curated+wordle","9","True"
"bacon","curated+wordle","10","True"
"baddy","wordle","","True"
"badge","curated+wordle","6","True"
"badly","curated+wordle","55","True"
"baels","wordle","","True"
"baffs","wordle","","True"
"baffy","wordle","","True"
"bafts","wordle","","True"
"bagel","wordle","","True"
"baggy","wordle","","True"
"baghs","wordle","","True"
"bagie","wordle","","True"
"bahts","wordle","","True"
"bahus","wordle","","True"
"bahut","wordle","","True"
"bails","wordle","","True"
"bairn","wordle","","True"
"baisa","wordle","","True"
"baith","wordle","","True"
"baits","wordle","","True"
"baiza","wordle","","True"
"baize","wordle","","True"
"bajan","wordle","","True"
"bajra","wordle","","True"
"bajri","wordle","","True"
"bajus","wordle","","True"
"baked","curated+wordle","5","True"
"baken","wordle","","True"
"baker","curated+wordle","49","True"
"bakes","wordle","","True"
"bakra","wordle","","True"
"balas","wordle","","True"
"balds","wordle","","True"
"baldy","wordle","","True"
"baled","wordle","","True"
"baler","wordle","","True"
"bales","wordle","","True"
"balks","wordle","","True"
"balky","wordle","","True"
"balls","curated+wordle","50","True"
"bally","wordle","","True"
"balms","wordle","","True"
"balmy","wordle","","True"
"baloo","wordle","","True"
"balsa","wordle","","True"
"balti","wordle","","True"
"balun","wordle","","True"
"balus","wordle","","True"
"bambi","wordle","","True"
"banak","wordle","","True"
"banal","wordle","","True"
"banco","wordle","","True"
"bancs","wordle","","True"
"banda","wordle","","True"
"bandh","wordle","","True"
"bands","curated+wordle","27","True"
"bandy","wordle","","True"
"baned","wordle","","True"
"banes","wordle","","True"
"bangs","wordle","","True"
"bania","wordle","","True"
"banjo","wordle","","True"
"banks","curated+wordle","54","True"
"banns","wordle","","True"
"bants","wordle","","True"
"bantu","wordle","","True"
"banty","wordle","","True"
"banya","wordle","","True"
"bapus","wordle","","True"
"barbe","wordle","","True"
"barbs","wordle","","True"
"barby","wordle","","True"
"barca","wordle","","True"
"barde","wordle","","True"
"bardo","wordle","","True"
"bards","wordle","","True"
"bardy","wordle","","True"
"bared","curated+wordle","6","True"
"barer","wordle","","True"
"bares","wordle","","True"
"barfi","wordle","","True"
"barfs","wordle","","True"
"barge","wordle","","True"
"baric","wordle","","True"
"barks","wordle","","True"
"barky","wordle","","True"
"barms","wordle","","True"
"barmy","wordle","","True"
"barns","wordle","","True"
"barny","wordle","","True"
"baron","curated+wordle","12","True"
"barps","wordle","","True"
"barra","wordle","","True"
"barre","wordle","","True"
"barro","wordle","","True"
"barry","wordle","","True"
"barye","wordle","","True"
"basal","wordle","","True"
"basan","wordle","","True"
"based","curated+wordle","56","True"
"basen","wordle","","True"
"baser","wordle","","True"
"bases","curated+wordle","5","True"
"basho","wordle","","True"
"basic","curated+wordle","6","True"
"basij","wordle","","True"
"basil","wordle","","True"
"basin","curated+wordle","7","True"
"basis","curated+wordle","40","True"
"basks","wordle","","True"
"bason","wordle","","True"
"basse","wordle","","True"
"bassi","wordle","","True"
"basso","wordle","","True"
"bassy","wordle","","True"
"basta","wordle","","True"
"baste","wordle","","True"
"basti","wordle","","True"
"basto","wordle","","True"
"basts","wordle","","True"
"batch","wordle","","True"
"bated","wordle","","True"
"bates","wordle","","True"
"bathe","curated+wordle","4","True"
"baths","curated+wordle","18","True"
"batik","wordle","","True"
"baton","wordle","","True"
"batta","wordle","","True"
"batts","wordle","","True"
"battu","wordle","","True"
"batty","wordle","","True"
"bauds","wordle","","True"
"bauks","wordle","","True"
"baulk","wordle","","True"
"baurs","wordle","","True"
"bavin","wordle","","True"
"bawds","wordle","","True"
"bawdy","wordle","","True"
"bawks","wordle","","True"
"bawls","wordle","","True"
"bawns","wordle","","True"
"bawrs","wordle","","True"
"bawty","wordle","","True"
"bayed","wordle","","True"
"bayer","wordle","","True"
"bayes","wordle","","True"
"bayle","wordle","","True"
"bayou","wordle","","True"
"bayts","wordle","","True"
"bazar","wordle","","True"
"bazoo","wordle","","True"
"beach","curated+wordle","3","True"
"beads","curated+wordle","4","True"
"beady","wordle","","True"
"beaks","wordle","","True"
"beaky","wordle","","True"
"beals","wordle","","True"
"beams","curated+wordle","9","True"
"beamy","wordle","","True"
"beano","wordle","","True"
"beans","wordle","","True"
"beany","wordle","","True"
"beard","curated+wordle","43","True"
"beare","wordle","","True"
"bears","curated+wordle","18","True"
"beast","curated+wordle","26","True"
"beath","wordle","","True"
"beats","curated+wordle","4","True"
"beaty","wordle","","True"
"beaus","wordle","","True"
"beaut","wordle","","True"
"beaux","wordle","","True"
"bebop","wordle","","True"
"becap","wordle","","True"
"becke","wordle","","True"
"becks","wordle","","True"
"bedad","wordle","","True"
"bedel","wordle","","True"
"bedes","wordle","","True"
"bedew","wordle","","True"
"bedim","wordle","","True"
"bedye","wordle","","True"
"beech","curated+wordle","1","True"
"beedi","wordle","","True"
"beefs","wordle","","True"
"beefy","wordle","","True"
"beeps","wordle","","True"
"beers","wordle","","True"
"beery","wordle","","True"
"beets","wordle","","True"
"befit","wordle","","True"
"befog","wordle","","True"
"begad","wordle","","True"
"began","curated+wordle","810","True"
"begar","wordle","","True"
"begat","wordle","","True"
"begem","wordle","","True"
"beget","wordle","","True"
"begin","curated+wordle","97","True"
"begot","wordle","","True"
"begum","wordle","","True"
"begun","curated+wordle","99","True"
"beige","wordle","","True"
"beigy","wordle","","True"
"being","curated+wordle","918","True"
"beins","wordle","","True"
"bekah","wordle","","True"
"belah","wordle","","True"
"belar","wordle","","True"
"belay","wordle","","True"
"belch","wordle","","True"
"belee","wordle","","True"
"belga","wordle","","True"
"belie","wordle","","True"
"belle","wordle","","True"
"bells","curated+wordle","38","True"
"belly","curated+wordle","11","True"
"belon","wordle","","True"
"below","curated+wordle","115","True"
"belts","wordle","","True"
"bemad","wordle","","True"
"bemas","wordle","","True"
"bemix","wordle","","True"
"bemud","wordle","","True"
"bench","curated+wordle","26","True"
"bends","wordle","","True"
"bendy","wordle","","True"
"benes","wordle","","True"
"benet","wordle","","True"
"benga","wordle","","True"
"benis","wordle","","True"
"benne","wordle","","True"
"benni","wordle","","True"
"benny","wordle","","True"
"bento","wordle","","True"
"bents","wordle","","True"
"benty","wordle","","True"
"bepat","wordle","","True"
"beray","wordle","","True"
"beres","wordle","","True"
"beret","wordle","","True"
"bergs","curated+wordle","4","True"
"berko","wordle","","True"
"berks","wordle","","True"
"berme","wordle","","True"
"berms","wordle","","True"
"berob","wordle","","True"
"berry","wordle","","True"
"berth","wordle","","True"
"beryl","wordle","","True"
"besat","wordle","","True"
"besaw","wordle","","True"
"besee","wordle","","True"
"beses","wordle","","True"
"beset","curated+wordle","7","True"
"besit","wordle","","True"
"besom","wordle","","True"
"besot","wordle","","True"
"besti","wordle","","True"
"bests","wordle","","True"
"betas","wordle","","True"
"beted","wordle","","True"
"betel","wordle","","True"
"betes","wordle","","True"
"beths","wordle","","True"
"betid","wordle","","True"
"beton","wordle","","True"
"betta","wordle","","True"
"betty","wordle","","True"
"bevel","wordle","","True"
"bever","wordle","","True"
"bevor","wordle","","True"
"bevue","wordle","","True"
"bevvy","wordle","","True"
"bewet","wordle","","True"
"bewig","wordle","","True"
"bezel","wordle","","True"
"bezes","wordle","","True"
"bezil","wordle","","True"
"bezzy","wordle","","True"
"bhais","wordle","","True"
"bhaji","wordle","","True"
"bhang","wordle","","True"
"bhats","wordle","","True"
"bhels","wordle","","True"
"bhoot","wordle","","True"
"bhuna","wordle","","True"
"bhuts","wordle","","True"
"biach","wordle","","True"
"biali","wordle","","True"
"bialy","wordle","","True"
"bibbs","wordle","","True"
"bibes","wordle","","True"
"bible","curated+wordle","11","True"
"biccy","wordle","","True"
"bicep","wordle","","True"
"bices","wordle","","True"
"biddy","wordle","","True"
"bided","wordle","","True"
"bider","wordle","","True"
"bides","wordle","","True"
"bidet","wordle","","True"
"bidis","wordle","","True"
"bidon","wordle","","True"
"bield","wordle","","True"
"biers","wordle","","True"
"biffo","wordle","","True"
"biffs","wordle","","True"
"biffy","wordle","","True"
"bifid","wordle","","True"
"bigae","wordle","","True"
"biggs","wordle","","True"
"biggy","wordle","","True"
"bigha","wordle","","True"
"bight","wordle","","True"
"bigly","wordle","","True"
"bigos","wordle","","True"
"bigot","wordle","","True"
"bijou","wordle","","True"
"biked","wordle","","True"
"biker","wordle","","True"
"bikes","wordle","","True"
"bikie","wordle","","True"
"bilbo","wordle","","True"
"bilby","wordle","","True"
"biled","wordle","","True"
"biles","wordle","","True"
"bilge","wordle","","True"
"bilgy","wordle","","True"
"bilks","wordle","","True"
"bills","wordle","","True"
"billy","wordle","","True"
"bimah","wordle","","True"
"bimas","wordle","","True"
"bimbo","wordle","","True"
"binal","wordle","","True"
"bindi","wordle","","True"
"binds","wordle","","True"
"biner","wordle","","True"
"bines","wordle","","True"
"binge","wordle","","True"
"bingo","wordle","","True"
"bings","wordle","","True"
"bingy","wordle","","True"
"binit","wordle","","True"
"binks","wordle","","True"
"bints","wordle","","True"
"biogs","wordle","","True"
"biome","wordle","","True"
"biont","wordle","","True"
"biota","wordle","","True"
"biped","wordle","","True"
"bipod","wordle","","True"
"birch","curated+wordle","19","True"
"birds","curated+wordle","15","True"
"birks","wordle","","True"
"birle","wordle","","True"
"birls","wordle","","True"
"biros","wordle","","True"
"birrs","wordle","","True"
"birse","wordle","","True"
"birsy","wordle","","True"
"birth","curated+wordle","28","True"
"bises","wordle","","True"
"bisks","wordle","","True"
"bisom","wordle","","True"
"bison","wordle","","True"
"bitch","curated+wordle","12","False"
"biter","wordle","","True"
"bites","curated+wordle","10","True"
"bitos","wordle","","True"
"bitou","wordle","","True"
"bitsy","wordle","","True"
"bitte","wordle","","True"
"bitts","wordle","","True"
"bitty","wordle","","True"
"bivia","wordle","","True"
"bivvy","wordle","","True"
"bizes","wordle","","True"
"bizzo","wordle","","True"
"bizzy","wordle","","True"
"blabs","wordle","","True"
"black","curated+wordle","235","True"
"blade","curated+wordle","11","True"
"blads","wordle","","True"
"blady","wordle","","True"
"blaer","wordle","","True"
"blaes","wordle","","True"
"blaff","wordle","","True"
"blags","wordle","","True"
"blahs","wordle","","True"
"blain","wordle","","True"
"blame","curated+wordle","71","True"
"blams","wordle","","True"
"bland","curated+wordle","6","True"
"blank","curated+wordle","5","True"
"blare","wordle","","True"
"blart","wordle","","True"
"blase","wordle","","True"
"blash","wordle","","True"
"blast","curated+wordle","7","True"
"blate","wordle","","True"
"blats","wordle","","True"
"blatt","wordle","","True"
"blaud","wordle","","True"
"blawn","wordle","","True"
"blaws","wordle","","True"
"blays","wordle","","True"
"blaze","curated+wordle","5","True"
"bleak","curated+wordle","4","True"
"blear","wordle","","True"
"bleat","wordle","","True"
"blebs","curated+wordle","4","True"
"blech","wordle","","True"
"bleed","curated+wordle","20","True"
"bleep","wordle","","True"
"blees","wordle","","True"
"blend","curated+wordle","4","True"
"blent","wordle","","True"
"blert","wordle","","True"
"bless","curated+wordle","10","True"
"blest","wordle","","True"
"blets","wordle","","True"
"bleys","wordle","","True"
"blimp","wordle","","True"
"blimy","wordle","","True"
"blind","curated+wordle","23","True"
"bling","wordle","","True"
"blini","wordle","","True"
"blink","wordle","","True"
"blins","wordle","","True"
"bliny","wordle","","True"
"blips","wordle","","True"
"bliss","wordle","","True"
"blist","wordle","","True"
"blite","wordle","","True"
"blits","wordle","","True"
"blitz","wordle","","True"
"blive","wordle","","True"
"bloat","wordle","","True"
"blobs","wordle","","True"
"block","curated+wordle","14","True"
"blocs","wordle","","True"
"blogs","wordle","","True"
"bloke","wordle","","True"
"blond","wordle","","True"
"blood","curated+wordle","548","True"
"blook","wordle","","True"
"bloom","wordle","","True"
"bloop","wordle","","True"
"blore","wordle","","True"
"blots","wordle","","True"
"blown","wordle","","True"
"blows","wordle","","True"
"blowy","wordle","","True"
"blubs","wordle","","True"
"blude","wordle","","True"
"bluds","wordle","","True"
"bludy","wordle","","True"
"blued","wordle","","True"
"bluer","wordle","","True"
"blues","wordle","","True"
"bluet","wordle","","True"
"bluey","wordle","","True"
"bluff","curated+wordle","5","True"
"bluid","wordle","","True"
"blume","wordle","","True"
"blunk","wordle","","True"
"blunt","wordle","","True"
"blurb","wordle","","True"
"blurs","wordle","","True"
"blurt","wordle","","True"
"blush","curated+wordle","9","True"
"blype","wordle","","True"
"boabs","wordle","","True"
"boaks","wordle","","True"
"board","curated+wordle","34","True"
"boars","wordle","","True"
"boart","wordle","","True"
"boast","curated+wordle","4","True"
"boats","curated+wordle","11","True"
"bobac","wordle","","True"
"bobak","wordle","","True"
"bobas","wordle","","True"
"bobby","wordle","","True"
"bobol","wordle","","True"
"bobos","wordle","","True"
"bocca","wordle","","True"
"bocce","wordle","","True"
"bocci","wordle","","True"
"boche","wordle","","True"
"bocks","wordle","","True"
"boded","wordle","","True"
"bodes","wordle","","True"
"bodge","wordle","","True"
"bodhi","wordle","","True"
"bodle","wordle","","True"
"boeps","wordle","","True"
"boets","wordle","","True"
"boeuf","wordle","","True"
"boffo","wordle","","True"
"boffs","wordle","","True"
"bogan","wordle","","True"
"bogey","wordle","","True"
"boggy","wordle","","True"
"bogie","wordle","","True"
"bogle","wordle","","True"
"bogue","wordle","","True"
"bogus","wordle","","True"
"bohea","wordle","","True"
"bohos","wordle","","True"
"boils","wordle","","True"
"boing","wordle","","True"
"boink","wordle","","True"
"boite","wordle","","True"
"boked","wordle","","True"
"bokeh","wordle","","True"
"bokes","wordle","","True"
"bokos","wordle","","True"
"bolar","wordle","","True"
"bolas","wordle","","True"
"bolds","wordle","","True"
"boles","wordle","","True"
"bolix","wordle","","True"
"bolls","wordle","","True"
"bolos","wordle","","True"
"bolts","wordle","","True"
"bolus","wordle","","True"
"bomas","wordle","","True"
"bombe","wordle","","True"
"bombo","wordle","","True"
"bombs","curated+wordle","4","True"
"bonce","wordle","","True"
"bonds","curated+wordle","52","True"
"boned","curated+wordle","5","True"
"boner","wordle","","True"
"bones","curated+wordle","262","True"
"boney","wordle","","True"
"bongo","wordle","","True"
"bongs","wordle","","True"
"bonie","wordle","","True"
"bonks","wordle","","True"
"bonne","wordle","","True"
"bonny","wordle","","True"
"bonus","wordle","","True"
"bonza","wordle","","True"
"bonze","wordle","","True"
"booai","wordle","","True"
"booay","wordle","","True"
"boobs","wordle","","True"
"booby","wordle","","True"
"boody","wordle","","True"
"booed","wordle","","True"
"boofy","wordle","","True"
"boogy","wordle","","True"
"boohs","wordle","","True"
"books","wordle","","True"
"booky","wordle","","True"
"bools","wordle","","True"
"booms","wordle","","True"
"boomy","wordle","","True"
"boong","wordle","","True"
"boons","wordle","","True"
"boord","wordle","","True"
"boors","wordle","","True"
"boose","wordle","","True"
"boost","wordle","","True"
"booth","wordle","","True"
"boots","curated+wordle","91","True"
"booty","wordle","","True"
"booze","wordle","","True"
"boozy","wordle","","True"
"boppy","wordle","","True"
"borak","wordle","","True"
"boral","wordle","","True"
"boras","wordle","","True"
"borax","wordle","","True"
"borde","wordle","","True"
"bords","wordle","","True"
"bored","curated+wordle","10","True"
"boree","wordle","","True"
"borel","wordle","","True"
"borer","wordle","","True"
"bores","wordle","","True"
"borgo","wordle","","True"
"boric","wordle","","True"
"borks","wordle","","True"
"borms","wordle","","True"
"borna","wordle","","True"
"borne","curated+wordle","40","True"
"boron","wordle","","True"
"borts","wordle","","True"
"borty","wordle","","True"
"bortz","wordle","","True"
"bosie","wordle","","True"
"bosks","wordle","","True"
"bosky","wordle","","True"
"bosom","wordle","","True"
"boson","wordle","","True"
"bossy","wordle","","True"
"bosun","wordle","","True"
"botas","wordle","","True"
"botch","wordle","","True"
"botel","wordle","","True"
"botes","wordle","","True"
"bothy","wordle","","True"
"botte","wordle","","True"
"botts","wordle","","True"
"botty","wordle","","True"
"bouge","wordle","","True"
"bough","wordle","","True"
"bouks","wordle","","True"
"boule","wordle","","True"
"boult","wordle","","True"
"bound","curated+wordle","95","True"
"bouns","wordle","","True"
"bourd","wordle","","True"
"bourg","wordle","","True"
"bourn","wordle","","True"
"bouse","wordle","","True"
"bousy","wordle","","True"
"bouts","wordle","","True"
"bovid","wordle","","True"
"bowat","wordle","","True"
"bowed","curated+wordle","71","True"
"bowel","curated+wordle","4","True"
"bower","curated+wordle","4","True"
"bowes","wordle","","True"
"bowet","wordle","","True"
"bowie","wordle","","True"
"bowls","wordle","","True"
"bowne","wordle","","True"
"bowrs","wordle","","True"
"bowse","wordle","","True"
"boxed","wordle","","True"
"boxen","wordle","","True"
"boxer","curated+wordle","7","True"
"boxes","curated+wordle","16","True"
"boxla","wordle","","True"
"boxty","wordle","","True"
"boyar","wordle","","True"
"boyau","wordle","","True"
"boyed","wordle","","True"
"boyfs","wordle","","True"
"boygs","wordle","","True"
"boyla","wordle","","True"
"boyos","wordle","","True"
"boysy","wordle","","True"
"bozos","wordle","","True"
"braai","wordle","","True"
"brace","curated+wordle","4","True"
"brach","wordle","","True"
"brack","wordle","","True"
"bract","wordle","","True"
"brads","wordle","","True"
"braes","wordle","","True"
"brags","wordle","","True"
"braid","wordle","","True"
"brail","wordle","","True"
"brain","curated+wordle","58","True"
"brake","wordle","","True"
"braks","wordle","","True"
"braky","wordle","","True"
"brame","wordle","","True"
"brand","curated+wordle","4","True"
"brane","wordle","","True"
"brank","wordle","","True"
"brans","wordle","","True"
"brant","wordle","","True"
"brash","wordle","","True"
"brass","curated+wordle","8","True"
"brast","wordle","","True"
"brats","wordle","","True"
"brava","wordle","","True"
"brave","curated+wordle","28","True"
"bravi","wordle","","True"
"bravo","wordle","","True"
"brawl","wordle","","True"
"brawn","wordle","","True"
"braws","wordle","","True"
"braxy","wordle","","True"
"brays","wordle","","True"
"braza","wordle","","True"
"braze","wordle","","True"
"bread","curated+wordle","34","True"
"break","curated+wordle","96","True"
"bream","wordle","","True"
"brede","wordle","","True"
"breds","wordle","","True"
"breed","curated+wordle","6","True"
"breem","wordle","","True"
"breer","wordle","","True"
"brees","wordle","","True"
"breid","wordle","","True"
"breis","wordle","","True"
"breme","wordle","","True"
"brens","wordle","","True"
"brent","wordle","","True"
"brere","wordle","","True"
"brers","wordle","","True"
"breve","wordle","","True"
"brews","wordle","","True"
"breys","wordle","","True"
"briar","wordle","","True"
"bribe","wordle","","True"
"brick","curated+wordle","14","True"
"bride","curated+wordle","11","True"
"brief","curated+wordle","25","True"
"brier","wordle","","True"
"bries","wordle","","True"
"brigs","wordle","","True"
"briki","wordle","","True"
"briks","wordle","","True"
"brill","wordle","","True"
"brims","wordle","","True"
"brine","wordle","","True"
"bring","curated+wordle","165","True"
"brink","wordle","","True"
"brins","wordle","","True"
"briny","wordle","","True"
"brios","wordle","","True"
"brise","wordle","","True"
"brisk","wordle","","True"
"briss","wordle","","True"
"brith","wordle","","True"
"brits","wordle","","True"
"britt","wordle","","True"
"brize","wordle","","True"
"broad","curated+wordle","92","True"
"broch","wordle","","True"
"brock","wordle","","True"
"brods","wordle","","True"
"brogh","wordle","","True"
"brogs","wordle","","True"
"broil","wordle","","True"
"broke","curated+wordle","95","True"
"brome","wordle","","True"
"bromo","wordle","","True"
"bronc","wordle","","True"
"brond","wordle","","True"
"brood","curated+wordle","6","True"
"brook","wordle","","True"
"brool","wordle","","True"
"broom","wordle","","True"
"broos","wordle","","True"
"brose","wordle","","True"
"brosy","wordle","","True"
"broth","wordle","","True"
"brown","curated+wordle","71","True"
"brows","wordle","","True"
"brugh","wordle","","True"
"bruin","wordle","","True"
"bruit","wordle","","True"
"brule","wordle","","True"
"brume","wordle","","True"
"brung","wordle","","True"
"brunt","wordle","","True"
"brush","curated+wordle","18","True"
"brusk","wordle","","True"
"brust","wordle","","True"
"brute","curated+wordle","7","True"
"bruts","wordle","","True"
"buats","wordle","","True"
"buaze","wordle","","True"
"bubal","wordle","","True"
"bubas","wordle","","True"
"bubba","wordle","","True"
"bubbe","wordle","","True"
"bubby","wordle","","True"
"bubus","wordle","","True"
"buchu","wordle","","True"
"bucko","wordle","","True"
"bucks","wordle","","True"
"bucku","wordle","","True"
"budas","wordle","","True"
"buddy","wordle","","True"
"budge","curated+wordle","3","True"
"budis","wordle","","True"
"budos","wordle","","True"
"buffa","wordle","","True"
"buffe","wordle","","True"
"buffi","wordle","","True"
"buffo","wordle","","True"
"buffs","wordle","","True"
"buffy","wordle","","True"
"bufos","wordle","","True"
"bufty","wordle","","True"
"buggy","wordle","","True"
"bugle","wordle","","True"
"buhls","wordle","","True"
"buhrs","wordle","","True"
"buiks","wordle","","True"
"build","curated+wordle","17","True"
"built","curated+wordle","77","True"
"buist","wordle","","True"
"bukes","wordle","","True"
"bulbs","wordle","","True"
"bulge","wordle","","True"
"bulgy","wordle","","True"
"bulks","wordle","","True"
"bulky","wordle","","True"
"bulla","wordle","","True"
"bulls","wordle","","True"
"bully","wordle","","True"
"bulse","wordle","","True"
"bumbo","wordle","","True"
"bumfs","wordle","","True"
"bumph","wordle","","True"
"bumps","wordle","","True"
"bumpy","wordle","","True"
"bunas","wordle","","True"
"bunce","wordle","","True"
"bunch","curated+wordle","5","True"
"bunco","wordle","","True"
"bunde","wordle","","True"
"bundh","wordle","","True"
"bunds","wordle","","True"
"bundt","wordle","","True"
"bundu","wordle","","True"
"bundy","wordle","","True"
"bungs","wordle","","True"
"bungy","wordle","","True"
"bunia","wordle","","True"
"bunje","wordle","","True"
"bunjy","wordle","","True"
"bunko","wordle","","True"
"bunks","wordle","","True"
"bunns","wordle","","True"
"bunny","wordle","","True"
"bunts","wordle","","True"
"bunty","wordle","","True"
"bunya","wordle","","True"
"buoys","wordle","","True"
"buppy","wordle","","True"
"buran","wordle","","True"
"buras","wordle","","True"
"burbs","wordle","","True"
"burds","wordle","","True"
"buret","wordle","","True"
"burfi","wordle","","True"
"burgh","wordle","","True"
"burgs","wordle","","True"
"burin","wordle","","True"
"burka","wordle","","True"
"burke","wordle","","True"
"burks","wordle","","True"
"burls","wordle","","True"
"burly","wordle","","True"
"burns","wordle","","True"
"burnt","wordle","","True"
"buroo","wordle","","True"
"burps","wordle","","True"
"burqa","wordle","","True"
"burro","wordle","","True"
"burrs","wordle","","True"
"burry","wordle","","True"
"bursa","wordle","","True"
"burse","wordle","","True"
"burst","curated+wordle","73","True"
"busby","wordle","","True"
"bused","wordle","","True"
"buses","wordle","","True"
"bushy","curated+wordle","9","True"
"busks","wordle","","True"
"busky","wordle","","True"
"bussu","wordle","","True"
"busti","wordle","","True"
"busts","wordle","","True"
"busty","wordle","","True"
"butch","wordle","","True"
"buteo","wordle","","True"
"butes","wordle","","True"
"butle","wordle","","True"
"butoh","wordle","","True"
"butte","wordle","","True"
"butts","wordle","","True"
"butty","wordle","","True"
"butut","wordle","","True"
"butyl","wordle","","True"
"buxom","wordle","","True"
"buyer","wordle","","True"
"buzzy","wordle","","True"
"bwana","wordle","","True"
"bwazi","wordle","","True"
"byded","wordle","","True"
"bydes","wordle","","True"
"byked","wordle","","True"
"bykes","wordle","","True"
"bylaw","wordle","","True"
"byres","wordle","","True"
"byrls","wordle","","True"
"byssi","wordle","","True"
"bytes","wordle","","True"
"byway","wordle","","True"
"caaed","wordle","","True"
"cabal","wordle","","True"
"cabas","wordle","","True"
"cabby","wordle","","True"
"caber","wordle","","True"
"cabin","curated+wordle","9","True"
"cable","curated+wordle","3","True"
"cabob","wordle","","True"
"caboc","wordle","","True"
"cabre","wordle","","True"
"cacao","wordle","","True"
"cacas","wordle","","True"
"cache","wordle","","True"
"cacks","wordle","","True"
"cacky","wordle","","True"
"cacti","wordle","","True"
"caddy","wordle","","True"
"cadee","wordle","","True"
"cades","wordle","","True"
"cadet","curated+wordle","25","True"
"cadge","wordle","","True"
"cadgy","wordle","","True"
"cadie","wordle","","True"
"cadis","wordle","","True"
"cadre","wordle","","True"
"caeca","wordle","","True"
"caese","wordle","","True"
"cafes","wordle","","True"
"caffs","wordle","","True"
"caged","curated+wordle","1","True"
"cager","wordle","","True"
"cages","wordle","","True"
"cagey","wordle","","True"
"cagot","wordle","","True"
"cahow","wordle","","True"
"caids","wordle","","True"
"cains","wordle","","True"
"caird","wordle","","True"
"cairn","wordle","","True"
"cajon","wordle","","True"
"cajun","wordle","","True"
"caked","wordle","","True"
"cakes","curated+wordle","5","True"
"cakey","wordle","","True"
"calfs","wordle","","True"
"calid","wordle","","True"
"calif","wordle","","True"
"calix","wordle","","True"
"calks","wordle","","True"
"calla","wordle","","True"
"calls","curated+wordle","29","True"
"calms","wordle","","True"
"calmy","wordle","","True"
"calos","wordle","","True"
"calpa","wordle","","True"
"calps","wordle","","True"
"calve","wordle","","True"
"calyx","wordle","","True"
"caman","wordle","","True"
"camas","wordle","","True"
"camel","curated+wordle","3","True"
"cameo","wordle","","True"
"cames","wordle","","True"
"camis","wordle","","True"
"camos","wordle","","True"
"campi","wordle","","True"
"campo","wordle","","True"
"camps","curated+wordle","9","True"
"campy","wordle","","True"
"camus","wordle","","True"
"canal","curated+wordle","72","True"
"candy","wordle","","True"
"caned","wordle","","True"
"caneh","wordle","","True"
"caner","wordle","","True"
"canes","wordle","","True"
"cangs","wordle","","True"
"canid","wordle","","True"
"canna","wordle","","True"
"canns","wordle","","True"
"canny","wordle","","True"
"canoe","wordle","","True"
"canon","curated+wordle","4","True"
"canso","wordle","","True"
"canst","wordle","","True"
"canto","wordle","","True"
"cants","wordle","","True"
"canty","wordle","","True"
"capas","wordle","","True"
"caped","wordle","","True"
"caper","wordle","","True"
"capes","wordle","","True"
"capex","wordle","","True"
"caphs","wordle","","True"
"capiz","wordle","","True"
"caple","wordle","","True"
"capon","wordle","","True"
"capos","wordle","","True"
"capot","wordle","","True"
"capri","wordle","","True"
"capul","wordle","","True"
"caput","wordle","","True"
"carap","wordle","","True"
"carat","wordle","","True"
"carbo","wordle","","True"
"carbs","wordle","","True"
"carby","wordle","","True"
"cardi","wordle","","True"
"cards","curated+wordle","47","True"
"cardy","wordle","","True"
"cared","curated+wordle","14","True"
"carer","wordle","","True"
"cares","curated+wordle","20","True"
"caret","wordle","","True"
"carex","wordle","","True"
"cargo","curated+wordle","5","True"
"carks","wordle","","True"
"carle","wordle","","True"
"carls","wordle","","True"
"carns","wordle","","True"
"carny","wordle","","True"
"carob","wordle","","True"
"carol","wordle","","True"
"carom","wordle","","True"
"caron","wordle","","True"
"carpi","wordle","","True"
"carps","wordle","","True"
"carrs","wordle","","True"
"carry","curated+wordle","103","True"
"carse","wordle","","True"
"carta","wordle","","True"
"carte","wordle","","True"
"carts","curated+wordle","83","True"
"carve","wordle","","True"
"carvy","wordle","","True"
"casas","wordle","","True"
"casco","wordle","","True"
"cased","wordle","","True"
"cases","curated+wordle","453","True"
"casks","wordle","","True"
"casky","wordle","","True"
"caste","wordle","","True"
"casts","wordle","","True"
"casus","wordle","","True"
"catch","curated+wordle","45","True"
"cater","wordle","","True"
"cates","wordle","","True"
"catty","wordle","","True"
"cauda","wordle","","True"
"cauks","wordle","","True"
"cauld","wordle","","True"
"caulk","wordle","","True"
"cauls","wordle","","True"
"caums","wordle","","True"
"caups","wordle","","True"
"cauri","wordle","","True"
"causa","wordle","","True"
"cause","curated+wordle","376","True"
"cavas","wordle","","True"
"caved","wordle","","True"
"cavel","wordle","","True"
"caver","wordle","","True"
"caves","wordle","","True"
"cavie","wordle","","True"
"cavil","wordle","","True"
"cawed","wordle","","True"
"cawks","wordle","","True"
"caxon","wordle","","True"
"cease","curated+wordle","38","True"
"ceaze","wordle","","True"
"cebid","wordle","","True"
"cecal","wordle","","True"
"cecum","wordle","","True"
"cedar","wordle","","True"
"ceded","curated+wordle","8","True"
"ceder","wordle","","True"
"cedes","wordle","","True"
"cedis","wordle","","True"
"ceiba","wordle","","True"
"ceili","wordle","","True"
"ceils","wordle","","True"
"celeb","wordle","","True"
"cella","wordle","","True"
"celli","wordle","","True"
"cello","wordle","","True"
"cells","curated+wordle","130","True"
"celom","wordle","","True"
"celts","wordle","","True"
"cense","wordle","","True"
"cento","wordle","","True"
"cents","curated+wordle","11","True"
"centu","wordle","","True"
"ceorl","wordle","","True"
"cepes","wordle","","True"
"cerci","wordle","","True"
"cered","wordle","","True"
"ceres","wordle","","True"
"cerge","wordle","","True"
"ceria","wordle","","True"
"ceric","wordle","","True"
"cerne","wordle","","True"
"ceroc","wordle","","True"
"ceros","wordle","","True"
"certs","wordle","","True"
"certy","wordle","","True"
"cesse","wordle","","True"
"cesta","wordle","","True"
"cesti","wordle","","True"
"cetes","wordle","","True"
"cetyl","wordle","","True"
"cezve","wordle","","True"
"chace","wordle","","True"
"chack","wordle","","True"
"chaco","wordle","","True"
"chado","wordle","","True"
"chads","wordle","","True"
"chafe","curated+wordle","1","True"
"chaff","curated+wordle","1","True"
"chaft","wordle","","True"
"chain","curated+wordle","30","True"
"chair","curated+wordle","135","True"
"chais","wordle","","True"
"chalk","curated+wordle","13","True"
"chals","wordle","","True"
"champ","wordle","","True"
"chams","wordle","","True"
"chana","wordle","","True"
"chang","wordle","","True"
"chank","wordle","","True"
"chant","wordle","","True"
"chaos","curated+wordle","8","True"
"chape","wordle","","True"
"chaps","curated+wordle","6","True"
"chapt","wordle","","True"
"chara","wordle","","True"
"chard","wordle","","True"
"chare","wordle","","True"
"chark","wordle","","True"
"charm","curated+wordle","31","True"
"charr","wordle","","True"
"chars","wordle","","True"
"chart","curated+wordle","12","True"
"chary","wordle","","True"
"chase","curated+wordle","20","True"
"chasm","wordle","","True"
"chats","wordle","","True"
"chave","wordle","","True"
"chavs","wordle","","True"
"chawk","wordle","","True"
"chaws","wordle","","True"
"chaya","wordle","","True"
"chays","wordle","","True"
"cheap","curated+wordle","15","True"
"cheat","curated+wordle","4","True"
"check","curated+wordle","38","True"
"cheek","curated+wordle","43","True"
"cheep","wordle","","True"
"cheer","curated+wordle","5","True"
"chefs","wordle","","True"
"cheka","wordle","","True"
"chela","wordle","","True"
"chelp","wordle","","True"
"chemo","wordle","","True"
"chems","wordle","","True"
"chere","wordle","","True"
"chert","wordle","","True"
"chess","curated+wordle","5","True"
"chest","curated+wordle","81","True"
"cheth","wordle","","True"
"chevy","wordle","","True"
"chews","wordle","","True"
"chewy","wordle","","True"
"chiao","wordle","","True"
"chias","wordle","","True"
"chibs","wordle","","True"
"chica","wordle","","True"
"chich","wordle","","True"
"chick","wordle","","True"
"chico","wordle","","True"
"chics","wordle","","True"
"chide","wordle","","True"
"chief","curated+wordle","359","True"
"chiel","wordle","","True"
"chiks","wordle","","True"
"child","curated+wordle","176","True"
"chile","wordle","","True"
"chili","wordle","","True"
"chill","curated+wordle","16","True"
"chimb","wordle","","True"
"chime","wordle","","True"
"chimo","wordle","","True"
"chimp","wordle","","True"
"china","wordle","","True"
"chine","wordle","","True"
"ching","wordle","","True"
"chino","wordle","","True"
"chins","wordle","","True"
"chips","wordle","","True"
"chirk","wordle","","True"
"chirl","wordle","","True"
"chirm","wordle","","True"
"chiro","wordle","","True"
"chirp","wordle","","True"
"chirr","wordle","","True"
"chirt","wordle","","True"
"chiru","wordle","","True"
"chits","wordle","","True"
"chive","wordle","","True"
"chivs","wordle","","True"
"chivy","wordle","","True"
"chizz","wordle","","True"
"chock","wordle","","True"
"choco","wordle","","True"
"chocs","wordle","","True"
"chode","wordle","","True"
"chogs","wordle","","True"
"choil","wordle","","True"
"choir","curated+wordle","8","True"
"choke","wordle","","True"
"choko","wordle","","True"
"choky","wordle","","True"
"chola","wordle","","True"
"choli","wordle","","True"
"cholo","wordle","","True"
"chomp","wordle","","True"
"chons","wordle","","True"
"choof","wordle","","True"
"chook","wordle","","True"
"choom","wordle","","True"
"choon","wordle","","True"
"chops","wordle","","True"
"chord","curated+wordle","6","True"
"chore","wordle","","True"
"chose","curated+wordle","34","True"
"chota","wordle","","True"
"chott","wordle","","True"
"chout","wordle","","True"
"choux","wordle","","True"
"chowk","wordle","","True"
"chows","wordle","","True"
"chubs","wordle","","True"
"chuck","wordle","","True"
"chufa","wordle","","True"
"chuff","wordle","","True"
"chugs","wordle","","True"
"chump","wordle","","True"
"chums","wordle","","True"
"chunk","wordle","","True"
"churl","wordle","","True"
"churn","wordle","","True"
"churr","wordle","","True"
"chuse","wordle","","True"
"chute","wordle","","True"
"chuts","wordle","","True"
"chyle","wordle","","True"
"chyme","wordle","","True"
"chynd","wordle","","True"
"cibol","wordle","","True"
"cided","wordle","","True"
"cider","wordle","","True"
"cides","wordle","","True"
"ciels","wordle","","True"
"cigar","curated+wordle","15","True"
"ciggy","wordle","","True"
"cilia","wordle","","True"
"cills","wordle","","True"
"cimar","wordle","","True"
"cimex","wordle","","True"
"cinch","wordle","","True"
"cinct","wordle","","True"
"cines","wordle","","True"
"cinqs","wordle","","True"
"cions","wordle","","True"
"cippi","wordle","","True"
"circa","wordle","","True"
"circs","wordle","","True"
"cires","wordle","","True"
"cirls","wordle","","True"
"cirri","wordle","","True"
"cisco","wordle","","True"
"cissy","wordle","","True"
"cists","wordle","","True"
"cital","wordle","","True"
"cited","curated+wordle","10","True"
"citer","wordle","","True"
"cites","wordle","","True"
"cives","wordle","","True"
"civet","wordle","","True"
"civic","wordle","","True"
"civie","wordle","","True"
"civil","curated+wordle","177","True"
"civvy","wordle","","True"
"clach","wordle","","True"
"clack","wordle","","True"
"clade","wordle","","True"
"clads","wordle","","True"
"claes","wordle","","True"
"clags","wordle","","True"
"claim","curated+wordle","43","True"
"clame","wordle","","True"
"clamp","wordle","","True"
"clams","wordle","","True"
"clang","curated+wordle","5","True"
"clank","wordle","","True"
"clans","wordle","","True"
"claps","wordle","","True"
"clapt","wordle","","True"
"claro","wordle","","True"
"clart","wordle","","True"
"clary","wordle","","True"
"clash","curated+wordle","16","True"
"clasp","wordle","","True"
"class","curated+wordle","73","True"
"clast","wordle","","True"
"clats","wordle","","True"
"claut","wordle","","True"
"clave","wordle","","True"
"clavi","wordle","","True"
"claws","wordle","","True"
"clays","wordle","","True"
"clean","curated+wordle","61","True"
"clear","curated+wordle","233","True"
"cleat","wordle","","True"
"cleck","wordle","","True"
"cleek","wordle","","True"
"cleep","wordle","","True"
"clefs","wordle","","True"
"cleft","wordle","","True"
"clegs","wordle","","True"
"cleik","wordle","","True"
"clems","wordle","","True"
"clepe","wordle","","True"
"clept","wordle","","True"
"clerk","curated+wordle","25","True"
"cleve","wordle","","True"
"clews","wordle","","True"
"click","curated+wordle","6","True"
"clied","wordle","","True"
"clies","wordle","","True"
"cliff","wordle","","True"
"clift","wordle","","True"
"climb","curated+wordle","6","True"
"clime","wordle","","True"
"cline","wordle","","True"
"cling","curated+wordle","4","True"
"clink","wordle","","True"
"clint","wordle","","True"
"clipe","wordle","","True"
"clips","wordle","","True"
"clipt","wordle","","True"
"clits","wordle","","True"
"cloak","curated+wordle","62","True"
"cloam","wordle","","True"
"clock","curated+wordle","120","True"
"clods","wordle","","True"
"cloff","wordle","","True"
"clogs","wordle","","True"
"cloke","wordle","","True"
"clomb","wordle","","True"
"clomp","wordle","","True"
"clone","wordle","","True"
"clonk","wordle","","True"
"clons","wordle","","True"
"cloop","wordle","","True"
"cloot","wordle","","True"
"clops","wordle","","True"
"close","curated+wordle","219","True"
"clote","wordle","","True"
"cloth","curated+wordle","38","True"
"clots","wordle","","True"
"cloud","curated+wordle","30","True"
"clour","wordle","","True"
"clous","wordle","","True"
"clout","wordle","","True"
"clove","wordle","","True"
"clown","wordle","","True"
"clows","wordle","","True"
"cloye","wordle","","True"
"cloys","wordle","","True"
"cloze","wordle","","True"
"clubs","curated+wordle","7","True"
"cluck","wordle","","True"
"clued","wordle","","True"
"clues","wordle","","True"
"cluey","wordle","","True"
"clump","wordle","","True"
"clung","curated+wordle","18","True"
"clunk","wordle","","True"
"clype","wordle","","True"
"cnida","wordle","","True"
"coach","curated+wordle","26","True"
"coact","wordle","","True"
"coady","wordle","","True"
"coala","wordle","","True"
"coals","wordle","","True"
"coaly","wordle","","True"
"coapt","wordle","","True"
"coarb","wordle","","True"
"coast","curated+wordle","40","True"
"coate","wordle","","True"
"coati","wordle","","True"
"coats","curated+wordle","39","True"
"cobbs","wordle","","True"
"cobby","wordle","","True"
"cobia","wordle","","True"
"coble","wordle","","True"
"cobra","wordle","","True"
"cobza","wordle","","True"
"cocas","wordle","","True"
"cocci","wordle","","True"
"cocco","wordle","","True"
"cocks","wordle","","True"
"cocky","wordle","","True"
"cocoa","wordle","","True"
"cocos","wordle","","True"
"codas","wordle","","True"
"codec","wordle","","True"
"coded","wordle","","True"
"coden","wordle","","True"
"coder","wordle","","True"
"codes","curated+wordle","9","True"
"codex","wordle","","True"
"codon","wordle","","True"
"coeds","wordle","","True"
"coffs","wordle","","True"
"cogie","wordle","","True"
"cogon","wordle","","True"
"cogue","wordle","","True"
"cohab","wordle","","True"
"cohen","wordle","","True"
"cohoe","wordle","","True"
"cohog","wordle","","True"
"cohos","wordle","","True"
"coifs","wordle","","True"
"coign","wordle","","True"
"coils","wordle","","True"
"coins","wordle","","True"
"coirs","wordle","","True"
"coits","wordle","","True"
"coked","wordle","","True"
"cokes","wordle","","True"
"colas","wordle","","True"
"colby","wordle","","True"
"colds","wordle","","True"
"coled","wordle","","True"
"coles","wordle","","True"
"coley","wordle","","True"
"colic","wordle","","True"
"colin","wordle","","True"
"colls","wordle","","True"
"colly","wordle","","True"
"colog","wordle","","True"
"colon","wordle","","True"
"color","wordle","","True"
"colts","wordle","","True"
"colza","wordle","","True"
"comae","wordle","","True"
"comal","wordle","","True"
"comas","wordle","","True"
"combe","wordle","","True"
"combi","wordle","","True"
"combo","wordle","","True"
"combs","wordle","","True"
"comby","wordle","","True"
"comer","wordle","","True"
"comes","curated+wordle","91","True"
"comet","curated+wordle","10","True"
"comfy","wordle","","True"
"comic","curated+wordle","4","True"
"comix","wordle","","True"
"comma","wordle","","True"
"commo","wordle","","True"
"comms","wordle","","True"
"commy","wordle","","True"
"compo","wordle","","True"
"comps","wordle","","True"
"compt","wordle","","True"
"comte","wordle","","True"
"comus","wordle","","True"
"conch","wordle","","True"
"condo","wordle","","True"
"coned","wordle","","True"
"cones","wordle","","True"
"coney","wordle","","True"
"confs","wordle","","True"
"conga","wordle","","True"
"conge","wordle","","True"
"congo","wordle","","True"
"conia","wordle","","True"
"conic","wordle","","True"
"conin","wordle","","True"
"conks","wordle","","True"
"conky","wordle","","True"
"conne","wordle","","True"
"conns","wordle","","True"
"conte","wordle","","True"
"conto","wordle","","True"
"conus","wordle","","True"
"convo","wordle","","True"
"cooch","wordle","","True"
"cooed","wordle","","True"
"cooee","wordle","","True"
"cooer","wordle","","True"
"cooey","wordle","","True"
"coofs","wordle","","True"
"cooks","wordle","","True"
"cooky","wordle","","True"
"cools","wordle","","True"
"cooly","wordle","","True"
"coomb","wordle","","True"
"cooms","wordle","","True"
"coomy","wordle","","True"
"coops","wordle","","True"
"coopt","wordle","","True"
"coost","wordle","","True"
"coots","wordle","","True"
"cooze","wordle","","True"
"copal","wordle","","True"
"copay","wordle","","True"
"coped","wordle","","True"
"copen","wordle","","True"
"coper","wordle","","True"
"copes","wordle","","True"
"coppy","wordle","","True"
"copra","wordle","","True"
"copse","wordle","","True"
"copsy","wordle","","True"
"coqui","wordle","","True"
"coral","wordle","","True"
"coram","wordle","","True"
"corbe","wordle","","True"
"corby","wordle","","True"
"cords","curated+wordle","23","True"
"cored","wordle","","True"
"corer","wordle","","True"
"cores","wordle","","True"
"corey","wordle","","True"
"corgi","wordle","","True"
"coria","wordle","","True"
"corks","wordle","","True"
"corky","wordle","","True"
"corms","wordle","","True"
"corni","wordle","","True"
"corno","wordle","","True"
"corns","wordle","","True"
"cornu","wordle","","True"
"corny","wordle","","True"
"corps","wordle","","True"
"corse","wordle","","True"
"corso","wordle","","True"
"cosec","wordle","","True"
"cosed","wordle","","True"
"coses","wordle","","True"
"coset","wordle","","True"
"cosey","wordle","","True"
"cosie","wordle","","True"
"costa","wordle","","True"
"coste","wordle","","True"
"costs","wordle","","True"
"cotan","wordle","","True"
"coted","wordle","","True"
"cotes","wordle","","True"
"coths","wordle","","True"
"cotta","wordle","","True"
"cotts","wordle","","True"
"couch","curated+wordle","15","True"
"coude","wordle","","True"
"cough","curated+wordle","14","True"
"could","curated+wordle","1700","True"
"count","curated+wordle","748","True"
"coupe","wordle","","True"
"coups","wordle","","True"
"courb","wordle","","True"
"courd","wordle","","True"
"coure","wordle","","True"
"cours","wordle","","True"
"court","curated+wordle","173","True"
"couta","wordle","","True"
"couth","wordle","","True"
"coved","wordle","","True"
"coven","wordle","","True"
"cover","curated+wordle","38","True"
"coves","wordle","","True"
"covet","wordle","","True"
"covey","wordle","","True"
"covin","wordle","","True"
"cowal","wordle","","True"
"cowan","wordle","","True"
"cowed","wordle","","True"
"cower","wordle","","True"
"cowks","wordle","","True"
"cowls","wordle","","True"
"cowps","wordle","","True"
"cowry","wordle","","True"
"coxae","wordle","","True"
"coxal","wordle","","True"
"coxed","wordle","","True"
"coxes","wordle","","True"
"coxib","wordle","","True"
"coyau","wordle","","True"
"coyed","wordle","","True"
"coyer","wordle","","True"
"coyly","wordle","","True"
"coypu","wordle","","True"
"cozed","wordle","","True"
"cozen","wordle","","True"
"cozes","wordle","","True"
"cozey","wordle","","True"
"cozie","wordle","","True"
"craal","wordle","","True"
"crabs","wordle","","True"
"crack","curated+wordle","20","True"
"craft","curated+wordle","15","True"
"crags","wordle","","True"
"craic","wordle","","True"
"craig","wordle","","True"
"crake","wordle","","True"
"crame","wordle","","True"
"cramp","curated+wordle","4","True"
"crams","wordle","","True"
"crane","wordle","","True"
"crank","wordle","","True"
"crans","wordle","","True"
"crape","wordle","","True"
"craps","wordle","","True"
"crapy","wordle","","True"
"crare","wordle","","True"
"crash","curated+wordle","12","True"
"crass","wordle","","True"
"crate","curated+wordle","3","True"
"crave","wordle","","True"
"crawl","curated+wordle","7","True"
"craws","wordle","","True"
"crays","wordle","","True"
"craze","wordle","","True"
"crazy","curated+wordle","10","True"
"creak","curated+wordle","9","True"
"cream","curated+wordle","14","True"
"credo","wordle","","True"
"creds","wordle","","True"
"creed","wordle","","True"
"creek","curated+wordle","3","True"
"creel","wordle","","True"
"creep","curated+wordle","3","True"
"crees","wordle","","True"
"creme","wordle","","True"
"crems","wordle","","True"
"crena","wordle","","True"
"crepe","wordle","","True"
"creps","wordle","","True"
"crept","curated+wordle","9","True"
"crepy","wordle","","True"
"cress","wordle","","True"
"crest","curated+wordle","7","True"
"crewe","wordle","","True"
"crews","wordle","","True"
"crias","wordle","","True"
"cribs","wordle","","True"
"crick","wordle","","True"
"cried","curated+wordle","283","True"
"crier","wordle","","True"
"cries","curated+wordle","31","True"
"crime","curated+wordle","61","True"
"crimp","wordle","","True"
"crims","wordle","","True"
"crine","wordle","","True"
"crios","wordle","","True"
"cripe","wordle","","True"
"crips","wordle","","True"
"crise","wordle","","True"
"crisp","wordle","","True"
"crith","wordle","","True"
"crits","wordle","","True"
"croak","wordle","","True"
"croci","wordle","","True"
"crock","wordle","","True"
"crocs","wordle","","True"
"croft","wordle","","True"
"crogs","wordle","","True"
"cromb","wordle","","True"
"crome","wordle","","True"
"crone","wordle","","True"
"cronk","wordle","","True"
"crons","wordle","","True"
"crony","wordle","","True"
"crook","wordle","","True"
"crool","wordle","","True"
"croon","wordle","","True"
"crops","wordle","","True"
"crore","wordle","","True"
"cross","curated+wordle","96","True"
"crost","wordle","","True"
"croup","wordle","","True"
"crout","wordle","","True"
"crowd","curated+wordle","225","True"
"crown","curated+wordle","61","True"
"crows","wordle","","True"
"croze","wordle","","True"
"cruck","wordle","","True"
"crude","curated+wordle","5","True"
"crudo","wordle","","True"
"cruds","wordle","","True"
"crudy","wordle","","True"
"cruel","curated+wordle","41","True"
"crues","wordle","","True"
"cruet","wordle","","True"
"cruft","wordle","","True"
"crumb","wordle","","True"
"crump","wordle","","True"
"crunk","wordle","","True"
"cruor","wordle","","True"
"crura","wordle","","True"
"cruse","wordle","","True"
"crush","curated+wordle","24","True"
"crust","wordle","","True"
"crusy","wordle","","True"
"cruve","wordle","","True"
"crwth","wordle","","True"
"cryer","wordle","","True"
"crypt","wordle","","True"
"ctene","wordle","","True"
"cubby","wordle","","True"
"cubeb","wordle","","True"
"cubed","wordle","","True"
"cuber","wordle","","True"
"cubes","wordle","","True"
"cubic","curated+wordle","3","True"
"cubit","wordle","","True"
"cuddy","wordle","","True"
"cuffo","wordle","","True"
"cuffs","curated+wordle","3","True"
"cuifs","wordle","","True"
"cuing","wordle","","True"
"cuish","wordle","","True"
"cuits","wordle","","True"
"cukes","wordle","","True"
"culch","wordle","","True"
"culet","wordle","","True"
"culex","wordle","","True"
"culls","wordle","","True"
"cully","wordle","","True"
"culms","wordle","","True"
"culpa","wordle","","True"
"culti","wordle","","True"
"cults","wordle","","True"
"culty","wordle","","True"
"cumec","wordle","","True"
"cumin","wordle","","True"
"cundy","wordle","","True"
"cunei","wordle","","True"
"cunit","wordle","","True"
"cunts","wordle","","True"
"cupel","wordle","","True"
"cupid","wordle","","True"
"cuppa","wordle","","True"
"cuppy","wordle","","True"
"curat","wordle","","True"
"curbs","wordle","","True"
"curch","wordle","","True"
"curds","wordle","","True"
"curdy","wordle","","True"
"cured","curated+wordle","8","True"
"curer","wordle","","True"
"cures","wordle","","True"
"curet","wordle","","True"
"curfs","wordle","","True"
"curia","wordle","","True"
"curie","wordle","","True"
"curio","wordle","","True"
"curli","wordle","","True"
"curls","wordle","","True"
"curly","wordle","","True"
"curns","wordle","","True"
"curny","wordle","","True"
"currs","wordle","","True"
"curry","wordle","","True"
"curse","curated+wordle","6","True"
"cursi","wordle","","True"
"curst","wordle","","True"
"curve","curated+wordle","9","True"
"curvy","wordle","","True"
"cusec","wordle","","True"
"cushy","wordle","","True"
"cusks","wordle","","True"
"cusps","wordle","","True"
"cuspy","wordle","","True"
"cusso","wordle","","True"
"cusum","wordle","","True"
"cutch","wordle","","True"
"cuter","wordle","","True"
"cutes","wordle","","True"
"cutey","wordle","","True"
"cutie","wordle","","True"
"cutin","wordle","","True"
"cutis","wordle","","True"
"cutto","wordle","","True"
"cutty","wordle","","True"
"cutup","wordle","","True"
"cuvee","wordle","","True"
"cuzes","wordle","","True"
"cwtch","wordle","","True"
"cyano","wordle","","True"
"cyans","wordle","","True"
"cyber","wordle","","True"
"cycad","wordle","","True"
"cycas","wordle","","True"
"cycle","wordle","","True"
"cyclo","wordle","","True"
"cyder","wordle","","True"
"cylix","wordle","","True"
"cymae","wordle","","True"
"cymar","wordle","","True"
"cymas","wordle","","True"
"cymes","wordle","","True"
"cymol","wordle","","True"
"cynic","wordle","","True"
"cysts","curated+wordle","66","True"
"cytes","wordle","","True"
"cyton","wordle","","True"
"czars","wordle","","True"
"daals","wordle","","True"
"dabba","wordle","","True"
"daces","wordle","","True"
"dacha","wordle","","True"
"dacks","wordle","","True"
"dadah","wordle","","True"
"dadas","wordle","","True"
"daddy","curated+wordle","6","True"
"dados","wordle","","True"
"daffs","wordle","","True"
"daffy","wordle","","True"
"dagga","wordle","","True"
"daggy","wordle","","True"
"dagos","wordle","","True"
"dahls","wordle","","True"
"daiko","wordle","","True"
"daily","curated+wordle","44","True"
"daine","wordle","","True"
"daint","wordle","","True"
"dairy","wordle","","True"
"daisy","wordle","","True"
"daker","wordle","","True"
"daled","wordle","","True"
"dales","wordle","","True"
"dalis","wordle","","True"
"dalle","wordle","","True"
"dally","wordle","","True"
"dalts","wordle","","True"
"daman","wordle","","True"
"damar","wordle","","True"
"dames","wordle","","True"
"damme","wordle","","True"
"damns","wordle","","True"
"damps","wordle","","True"
"dampy","wordle","","True"
"dance","curated+wordle","40","True"
"dancy","wordle","","True"
"dandy","wordle","","True"
"dangs","wordle","","True"
"danio","wordle","","True"
"danks","wordle","","True"
"danny","wordle","","True"
"dants","wordle","","True"
"daraf","wordle","","True"
"darbs","wordle","","True"
"darcy","wordle","","True"
"dared","curated+wordle","33","True"
"darer","wordle","","True"
"dares","curated+wordle","3","True"
"darga","wordle","","True"
"dargs","wordle","","True"
"daric","wordle","","True"
"daris","wordle","","True"
"darks","wordle","","True"
"darns","wordle","","True"
"darre","wordle","","True"
"darts","wordle","","True"
"darzi","wordle","","True"
"dashi","wordle","","True"
"dashy","wordle","","True"
"datal","wordle","","True"
"dated","curated+wordle","6","True"
"dater","wordle","","True"
"dates","curated+wordle","9","True"
"datos","wordle","","True"
"datto","wordle","","True"
"datum","wordle","","True"
"daube","wordle","","True"
"daubs","wordle","","True"
"dauby","wordle","","True"
"dauds","wordle","","True"
"dault","wordle","","True"
"daunt","wordle","","True"
"daurs","wordle","","True"
"dauts","wordle","","True"
"daven","wordle","","True"
"davit","wordle","","True"
"dawah","wordle","","True"
"dawds","wordle","","True"
"dawed","wordle","","True"
"dawen","wordle","","True"
"dawks","wordle","","True"
"dawns","wordle","","True"
"dawts","wordle","","True"
"dayan","wordle","","True"
"daych","wordle","","True"
"daynt","wordle","","True"
"dazed","curated+wordle","8","True"
"dazer","wordle","","True"
"dazes","wordle","","True"
"deads","wordle","","True"
"deair","wordle","","True"
"deals","curated+wordle","4","True"
"dealt","curated+wordle","26","True"
"deans","wordle","","True"
"deare","wordle","","True"
"dearn","wordle","","True"
"dears","wordle","","True"
"deary","wordle","","True"
"deash","wordle","","True"
"death","curated+wordle","330","True"
"deave","wordle","","True"
"deaws","wordle","","True"
"deawy","wordle","","True"
"debag","wordle","","True"
"debar","wordle","","True"
"debby","wordle","","True"
"debel","wordle","","True"
"debes","wordle","","True"
"debit","wordle","","True"
"debts","curated+wordle","62","True"
"debud","wordle","","True"
"debug","wordle","","True"
"debur","wordle","","True"
"debus","wordle","","True"
"debut","wordle","","True"
"debye","wordle","","True"
"decad","wordle","","True"
"decaf","wordle","","True"
"decal","wordle","","True"
"decan","wordle","","True"
"decay","curated+wordle","5","True"
"decko","wordle","","True"
"decks","wordle","","True"
"decor","wordle","","True"
"decos","wordle","","True"
"decoy","wordle","","True"
"decry","wordle","","True"
"dedal","wordle","","True"
"deeds","curated+wordle","14","True"
"deedy","wordle","","True"
"deely","wordle","","True"
"deems","wordle","","True"
"deens","wordle","","True"
"deeps","wordle","","True"
"deere","wordle","","True"
"deers","wordle","","True"
"deets","wordle","","True"
"deeve","wordle","","True"
"deevs","wordle","","True"
"defat","wordle","","True"
"defer","wordle","","True"
"deffo","wordle","","True"
"defis","wordle","","True"
"defog","wordle","","True"
"degas","wordle","","True"
"degum","wordle","","True"
"degus","wordle","","True"
"deice","wordle","","True"
"deids","wordle","","True"
"deify","wordle","","True"
"deign","wordle","","True"
"deils","wordle","","True"
"deism","wordle","","True"
"deist","wordle","","True"
"deity","curated+wordle","12","True"
"deked","wordle","","True"
"dekes","wordle","","True"
"dekko","wordle","","True"
"delay","curated+wordle","47","True"
"deled","wordle","","True"
"deles","wordle","","True"
"delfs","wordle","","True"
"delft","wordle","","True"
"delis","wordle","","True"
"dells","wordle","","True"
"delly","wordle","","True"
"delos","wordle","","True"
"delph","wordle","","True"
"delta","wordle","","True"
"delts","wordle","","True"
"delve","wordle","","True"
"deman","wordle","","True"
"demes","wordle","","True"
"demic","wordle","","True"
"demit","wordle","","True"
"demob","wordle","","True"
"demoi","wordle","","True"
"demon","wordle","","True"
"demos","wordle","","True"
"dempt","wordle","","True"
"demur","wordle","","True"
"denar","wordle","","True"
"denay","wordle","","True"
"dench","wordle","","True"
"denes","wordle","","True"
"denet","wordle","","True"
"denim","wordle","","True"
"denis","wordle","","True"
"dense","curated+wordle","44","True"
"dents","wordle","","True"
"deoxy","wordle","","True"
"depot","wordle","","True"
"depth","curated+wordle","30","True"
"derat","wordle","","True"
"deray","wordle","","True"
"derby","wordle","","True"
"dered","wordle","","True"
"deres","wordle","","True"
"derig","wordle","","True"
"derma","wordle","","True"
"derms","wordle","","True"
"derns","wordle","","True"
"derny","wordle","","True"
"deros","wordle","","True"
"derro","wordle","","True"
"derry","wordle","","True"
"derth","wordle","","True"
"dervs","wordle","","True"
"desex","wordle","","True"
"deshi","wordle","","True"
"desis","wordle","","True"
"desks","wordle","","True"
"desse","wordle","","True"
"deter","wordle","","True"
"detox","wordle","","True"
"deuce","wordle","","True"
"devas","wordle","","True"
"devel","wordle","","True"
"devil","curated+wordle","72","True"
"devis","wordle","","True"
"devon","wordle","","True"
"devos","wordle","","True"
"devot","wordle","","True"
"dewan","wordle","","True"
"dewar","wordle","","True"
"dewax","wordle","","True"
"dewed","wordle","","True"
"dexes","wordle","","True"
"dexie","wordle","","True"
"dhaba","wordle","","True"
"dhaks","wordle","","True"
"dhals","wordle","","True"
"dhikr","wordle","","True"
"dhobi","wordle","","True"
"dhole","wordle","","True"
"dholl","wordle","","True"
"dhols","wordle","","True"
"dhoti","wordle","","True"
"dhows","wordle","","True"
"dhuti","wordle","","True"
"diact","wordle","","True"
"dials","wordle","","True"
"diane","wordle","","True"
"diary","curated+wordle","16","True"
"diazo","wordle","","True"
"dibbs","wordle","","True"
"diced","wordle","","True"
"dicer","wordle","","True"
"dices","wordle","","True"
"dicey","wordle","","True"
"dicht","wordle","","True"
"dicks","wordle","","True"
"dicky","wordle","","True"
"dicot","wordle","","True"
"dicta","wordle","","True"
"dicts","wordle","","True"
"dicty","wordle","","True"
"diddy","wordle","","True"
"didie","wordle","","True"
"didos","wordle","","True"
"didst","wordle","","True"
"diebs","wordle","","True"
"diels","wordle","","True"
"diene","wordle","","True"
"diets","wordle","","True"
"diffs","wordle","","True"
"dight","wordle","","True"
"digit","wordle","","True"
"dikas","wordle","","True"
"diked","wordle","","True"
"diker","wordle","","True"
"dikes","wordle","","True"
"dikey","wordle","","True"
"dildo","wordle","","True"
"dilli","wordle","","True"
"dills","wordle","","True"
"dilly","wordle","","True"
"dimbo","wordle","","True"
"dimer","wordle","","True"
"dimes","wordle","","True"
"dimly","wordle","","True"
"dimps","wordle","","True"
"dinar","wordle","","True"
"dined","curated+wordle","19","True"
"diner","wordle","","True"
"dines","wordle","","True"
"dinge","wordle","","True"
"dingo","wordle","","True"
"dings","wordle","","True"
"dingy","wordle","","True"
"dinic","wordle","","True"
"dinks","wordle","","True"
"dinky","wordle","","True"
"dinna","wordle","","True"
"dinos","wordle","","True"
"dints","wordle","","True"
"diode","wordle","","True"
"diols","wordle","","True"
"diota","wordle","","True"
"dippy","wordle","","True"
"dipso","wordle","","True"
"diram","wordle","","True"
"direr","wordle","","True"
"dirge","wordle","","True"
"dirke","wordle","","True"
"dirks","wordle","","True"
"dirls","wordle","","True"
"dirts","wordle","","True"
"dirty","wordle","","True"
"disas","wordle","","True"
"disci","wordle","","True"
"disco","wordle","","True"
"discs","wordle","","True"
"dishy","wordle","","True"
"disks","wordle","","True"
"disme","wordle","","True"
"dital","wordle","","True"
"ditas","wordle","","True"
"ditch","curated+wordle","9","True"
"dited","wordle","","True"
"dites","wordle","","True"
"ditsy","wordle","","True"
"ditto","wordle","","True"
"ditts","wordle","","True"
"ditty","wordle","","True"
"ditzy","wordle","","True"
"divan","wordle","","True"
"divas","wordle","","True"
"dived","wordle","","True"
"diver","wordle","","True"
"dives","wordle","","True"
"divis","wordle","","True"
"divna","wordle","","True"
"divos","wordle","","True"
"divot","wordle","","True"
"divvy","wordle","","True"
"diwan","wordle","","True"
"dixie","wordle","","True"
"dixit","wordle","","True"
"diyas","wordle","","True"
"dizen","wordle","","True"
"dizzy","wordle","","True"
"djinn","wordle","","True"
"djins","wordle","","True"
"doabs","wordle","","True"
"doats","wordle","","True"
"dobby","wordle","","True"
"dobes","wordle","","True"
"dobie","wordle","","True"
"dobla","wordle","","True"
"dobra","wordle","","True"
"dobro","wordle","","True"
"docht","wordle","","True"
"docks","wordle","","True"
"docos","wordle","","True"
"docus","wordle","","True"
"doddy","wordle","","True"
"dodge","wordle","","True"
"dodgy","wordle","","True"
"dodos","wordle","","True"
"doeks","wordle","","True"
"doers","wordle","","True"
"doest","wordle","","True"
"doeth","wordle","","True"
"doffs","wordle","","True"
"dogan","wordle","","True"
"doges","wordle","","True"
"dogey","wordle","","True"
"doggo","wordle","","True"
"doggy","wordle","","True"
"dogie","wordle","","True"
"dogma","wordle","","True"
"dohyo","wordle","","True"
"doilt","wordle","","True"
"doily","wordle","","True"
"doing","curated+wordle","178","True"
"doits","wordle","","True"
"dojos","wordle","","True"
"dolce","wordle","","True"
"dolci","wordle","","True"
"doled","wordle","","True"
"doles","wordle","","True"
"dolia","wordle","","True"
"dolls","wordle","","True"
"dolly","wordle","","True"
"dolma","wordle","","True"
"dolor","wordle","","True"
"dolos","wordle","","True"
"dolts","wordle","","True"
"domal","wordle","","True"
"domed","wordle","","True"
"domes","wordle","","True"
"domic","wordle","","True"
"donah","wordle","","True"
"donas","wordle","","True"
"donee","wordle","","True"
"doner","wordle","","True"
"donga","wordle","","True"
"dongs","wordle","","True"
"donko","wordle","","True"
"donna","wordle","","True"
"donne","wordle","","True"
"donny","wordle","","True"
"donor","wordle","","True"
"donsy","wordle","","True"
"donut","wordle","","True"
"doobs","wordle","","True"
"dooce","wordle","","True"
"doody","wordle","","True"
"dooks","wordle","","True"
"doole","wordle","","True"
"dools","wordle","","True"
"dooly","wordle","","True"
"dooms","wordle","","True"
"doomy","wordle","","True"
"doona","wordle","","True"
"doorn","wordle","","True"
"doors","wordle","","True"
"doozy","wordle","","True"
"dopas","wordle","","True"
"doped","wordle","","True"
"doper","wordle","","True"
"dopes","wordle","","True"
"dopey","wordle","","True"
"dorad","wordle","","True"
"dorba","wordle","","True"
"dorbs","wordle","","True"
"doree","wordle","","True"
"dores","wordle","","True"
"doric","wordle","","True"
"doris","wordle","","True"
"dorks","wordle","","True"
"dorky","wordle","","True"
"dorms","wordle","","True"
"dormy","wordle","","True"
"dorps","wordle","","True"
"dorrs","wordle","","True"
"dorsa","wordle","","True"
"dorse","wordle","","True"
"dorts","wordle","","True"
"dorty","wordle","","True"
"dosai","wordle","","True"
"dosas","wordle","","True"
"dosed","wordle","","True"
"doseh","wordle","","True"
"doser","wordle","","True"
"doses","curated+wordle","28","True"
"dosha","wordle","","True"
"dotal","wordle","","True"
"doted","wordle","","True"
"doter","wordle","","True"
"dotes","wordle","","True"
"dotty","wordle","","True"
"douar","wordle","","True"
"doubt","curated+wordle","152","True"
"douce","wordle","","True"
"doucs","wordle","","True"
"dough","wordle","","True"
"douks","wordle","","True"
"doula","wordle","","True"
"douma","wordle","","True"
"doums","wordle","","True"
"doups","wordle","","True"
"doura","wordle","","True"
"douse","wordle","","True"
"douts","wordle","","True"
"doved","wordle","","True"
"doven","wordle","","True"
"dover","wordle","","True"
"doves","wordle","","True"
"dovie","wordle","","True"
"dowar","wordle","","True"
"dowds","wordle","","True"
"dowdy","wordle","","True"
"dowed","wordle","","True"
"dowel","wordle","","True"
"dower","wordle","","True"
"dowie","wordle","","True"
"dowle","wordle","","True"
"dowls","wordle","","True"
"dowly","wordle","","True"
"downa","wordle","","True"
"downs","wordle","","True"
"downy","wordle","","True"
"dowps","wordle","","True"
"dowry","wordle","","True"
"dowse","wordle","","True"
"dowts","wordle","","True"
"doxed","wordle","","True"
"doxes","wordle","","True"
"doxie","wordle","","True"
"doyen","wordle","","True"
"doyly","wordle","","True"
"dozed","curated+wordle","7","True"
"dozen","curated+wordle","36","True"
"dozer","wordle","","True"
"dozes","wordle","","True"
"drabs","wordle","","True"
"drack","wordle","","True"
"draco","wordle","","True"
"draff","wordle","","True"
"draft","curated+wordle","30","True"
"drags","wordle","","True"
"drail","wordle","","True"
"drain","curated+wordle","18","True"
"drake","wordle","","True"
"drama","curated+wordle","7","True"
"drams","wordle","","True"
"drank","curated+wordle","25","True"
"drant","wordle","","True"
"drape","wordle","","True"
"draps","wordle","","True"
"drats","wordle","","True"
"drave","wordle","","True"
"drawl","wordle","","True"
"drawn","curated+wordle","147","True"
"draws","wordle","","True"
"drays","wordle","","True"
"dread","curated+wordle","12","True"
"dream","curated+wordle","45","True"
"drear","wordle","","True"
"dreck","wordle","","True"
"dreed","wordle","","True"
"dreer","wordle","","True"
"drees","wordle","","True"
"dregs","curated+wordle","3","True"
"dreks","wordle","","True"
"drent","wordle","","True"
"drere","wordle","","True"
"dress","curated+wordle","138","True"
"drest","wordle","","True"
"dreys","wordle","","True"
"dribs","wordle","","True"
"drice","wordle","","True"
"dried","curated+wordle","26","True"
"drier","wordle","","True"
"dries","curated+wordle","4","True"
"drift","curated+wordle","23","True"
"drill","wordle","","True"
"drily","wordle","","True"
"drink","wordle","","True"
"drips","wordle","","True"
"dript","wordle","","True"
"drive","curated+wordle","86","True"
"droid","wordle","","True"
"droil","wordle","","True"
"droit","wordle","","True"
"droke","wordle","","True"
"drole","wordle","","True"
"droll","wordle","","True"
"drome","wordle","","True"
"drone","wordle","","True"
"drony","wordle","","True"
"droob","wordle","","True"
"droog","wordle","","True"
"drook","wordle","","True"
"drool","wordle","","True"
"droop","wordle","","True"
"drops","wordle","","True"
"dropt","wordle","","True"
"dross","wordle","","True"
"drouk","wordle","","True"
"drove","curated+wordle","114","True"
"drown","wordle","","True"
"drows","wordle","","True"
"drubs","wordle","","True"
"drugs","curated+wordle","16","True"
"druid","wordle","","True"
"drums","wordle","","True"
"drunk","wordle","","True"
"drupe","wordle","","True"
"druse","wordle","","True"
"drusy","wordle","","True"
"druxy","wordle","","True"
"dryad","wordle","","True"
"dryas","wordle","","True"
"dryer","wordle","","True"
"dryly","wordle","","True"
"dsobo","wordle","","True"
"dsomo","wordle","","True"
"duads","wordle","","True"
"duals","wordle","","True"
"duans","wordle","","True"
"duars","wordle","","True"
"dubbo","wordle","","True"
"ducal","wordle","","True"
"ducat","wordle","","True"
"duces","wordle","","True"
"duchy","wordle","","True"
"ducks","wordle","","True"
"ducky","wordle","","True"
"ducts","curated+wordle","10","True"
"duddy","wordle","","True"
"duded","wordle","","True"
"dudes","wordle","","True"
"duels","wordle","","True"
"duets","wordle","","True"
"duett","wordle","","True"
"duffs","wordle","","True"
"dufus","wordle","","True"
"duing","wordle","","True"
"duits","wordle","","True"
"dukas","wordle","","True"
"duked","wordle","","True"
"dukes","wordle","","True"
"dukka","wordle","","True"
"dulce","wordle","","True"
"dules","wordle","","True"
"dulia","wordle","","True"
"dulls","wordle","","True"
"dully","wordle","","True"
"dulse","wordle","","True"
"dumas","wordle","","True"
"dumbo","wordle","","True"
"dumbs","wordle","","True"
"dumka","wordle","","True"
"dumky","wordle","","True"
"dummy","wordle","","True"
"dumps","wordle","","True"
"dumpy","wordle","","True"
"dunam","wordle","","True"
"dunce","wordle","","True"
"dunch","wordle","","True"
"dunes","wordle","","True"
"dungs","wordle","","True"
"dungy","wordle","","True"
"dunks","wordle","","True"
"dunno","wordle","","True"
"dunny","wordle","","True"
"dunsh","wordle","","True"
"dunts","wordle","","True"
"duomi","wordle","","True"
"duomo","wordle","","True"
"duped","wordle","","True"
"duper","wordle","","True"
"dupes","wordle","","True"
"duple","wordle","","True"
"duply","wordle","","True"
"duppy","wordle","","True"
"dural","wordle","","True"
"duras","wordle","","True"
"dured","wordle","","True"
"dures","wordle","","True"
"durgy","wordle","","True"
"durns","wordle","","True"
"duroc","wordle","","True"
"duros","wordle","","True"
"duroy","wordle","","True"
"durra","wordle","","True"
"durrs","wordle","","True"
"durry","wordle","","True"
"durst","wordle","","True"
"durum","wordle","","True"
"durzi","wordle","","True"
"dusks","wordle","","True"
"dusky","wordle","","True"
"dusts","wordle","","True"
"dusty","wordle","","True"
"dutch","wordle","","True"
"duvet","wordle","","True"
"duxes","wordle","","True"
"dwaal","wordle","","True"
"dwale","wordle","","True"
"dwalm","wordle","","True"
"dwams","wordle","","True"
"dwang","wordle","","True"
"dwarf","curated+wordle","5","True"
"dwaum","wordle","","True"
"dweeb","wordle","","True"
"dwell","curated+wordle","8","True"
"dwelt","curated+wordle","9","True"
"dwile","wordle","","True"
"dwine","wordle","","True"
"dyads","wordle","","True"
"dyers","wordle","","True"
"dying","curated+wordle","80","True"
"dykon","wordle","","True"
"dynel","wordle","","True"
"dynes","wordle","","True"
"dzhos","wordle","","True"
"eager","curated+wordle","50","True"
"eagle","curated+wordle","9","True"
"eagre","wordle","","True"
"ealed","wordle","","True"
"eales","wordle","","True"
"eaned","wordle","","True"
"eards","wordle","","True"
"eared","wordle","","True"
"earls","wordle","","True"
"early","curated+wordle","270","True"
"earns","wordle","","True"
"earnt","wordle","","True"
"earst","wordle","","True"
"earth","curated+wordle","117","True"
"eased","wordle","","True"
"easel","wordle","","True"
"easer","wordle","","True"
"eases","wordle","","True"
"easle","wordle","","True"
"easts","wordle","","True"
"eaten","curated+wordle","18","True"
"eater","wordle","","True"
"eathe","wordle","","True"
"eaved","wordle","","True"
"eaves","wordle","","True"
"ebbed","curated+wordle","1","True"
"ebbet","wordle","","True"
"ebons","wordle","","True"
"ebony","wordle","","True"
"ebook","wordle","","True"
"ecads","wordle","","True"
"eched","wordle","","True"
"eches","wordle","","True"
"echos","wordle","","True"
"eclat","wordle","","True"
"ecrus","wordle","","True"
"edema","wordle","","True"
"edged","curated+wordle","5","True"
"edger","wordle","","True"
"edges","curated+wordle","70","True"
"edict","wordle","","True"
"edify","wordle","","True"
"edile","wordle","","True"
"edits","wordle","","True"
"educe","wordle","","True"
"educt","wordle","","True"
"eejit","wordle","","True"
"eensy","wordle","","True"
"eerie","wordle","","True"
"eeven","wordle","","True"
"eevns","wordle","","True"
"effed","wordle","","True"
"egads","wordle","","True"
"egers","wordle","","True"
"egest","wordle","","True"
"eggar","wordle","","True"
"egged","curated+wordle","1","True"
"egger","wordle","","True"
"egmas","wordle","","True"
"egret","wordle","","True"
"ehing","wordle","","True"
"eider","wordle","","True"
"eidos","wordle","","True"
"eight","curated+wordle","128","True"
"eigne","wordle","","True"
"eiked","wordle","","True"
"eikon","wordle","","True"
"eilds","wordle","","True"
"eisel","wordle","","True"
"eject","wordle","","True"
"ejido","wordle","","True"
"eking","wordle","","True"
"ekkas","wordle","","True"
"elain","wordle","","True"
"eland","wordle","","True"
"elans","wordle","","True"
"elate","wordle","","True"
"elbow","curated+wordle","92","True"
"elchi","wordle","","True"
"elder","curated+wordle","40","True"
"eldin","wordle","","True"
"elect","curated+wordle","12","True"
"elegy","wordle","","True"
"elemi","wordle","","True"
"elfed","wordle","","True"
"elfin","wordle","","True"
"eliad","wordle","","True"
"elide","wordle","","True"
"elint","wordle","","True"
"elite","wordle","","True"
"elmen","wordle","","True"
"eloge","wordle","","True"
"elogy","wordle","","True"
"eloin","wordle","","True"
"elope","wordle","","True"
"elops","wordle","","True"
"elpee","wordle","","True"
"elsin","wordle","","True"
"elude","wordle","","True"
"elute","wordle","","True"
"elvan","wordle","","True"
"elven","wordle","","True"
"elver","wordle","","True"
"elves","wordle","","True"
"emacs","wordle","","True"
"email","curated+wordle","13","True"
"embar","wordle","","True"
"embay","wordle","","True"
"embed","wordle","","True"
"ember","wordle","","True"
"embog","wordle","","True"
"embow","wordle","","True"
"embox","wordle","","True"
"embus","wordle","","True"
"emcee","wordle","","True"
"emeer","wordle","","True"
"emend","wordle","","True"
"emerg","wordle","","True"
"emery","wordle","","True"
"emeus","wordle","","True"
"emics","wordle","","True"
"emirs","wordle","","True"
"emits","wordle","","True"
"emmas","wordle","","True"
"emmer","wordle","","True"
"emmet","wordle","","True"
"emmew","wordle","","True"
"emmys","wordle","","True"
"emoji","wordle","","True"
"emong","wordle","","True"
"emote","wordle","","True"
"emove","wordle","","True"
"empts","wordle","","True"
"empty","curated+wordle","61","True"
"emule","wordle","","True"
"emure","wordle","","True"
"emyde","wordle","","True"
"emyds","wordle","","True"
"enact","curated+wordle","11","True"
"enarm","wordle","","True"
"enate","wordle","","True"
"ended","curated+wordle","39","True"
"ender","wordle","","True"
"endew","wordle","","True"
"endow","wordle","","True"
"endue","wordle","","True"
"enema","wordle","","True"
"enemy","curated+wordle","292","True"
"enews","wordle","","True"
"enfix","wordle","","True"
"eniac","wordle","","True"
"enjoy","wordle","","True"
"enlit","wordle","","True"
"enmew","wordle","","True"
"ennog","wordle","","True"
"ennui","wordle","","True"
"enoki","wordle","","True"
"enols","wordle","","True"
"enorm","wordle","","True"
"enows","wordle","","True"
"enrol","wordle","","True"
"ensew","wordle","","True"
"ensky","wordle","","True"
"ensue","curated+wordle","22","True"
"enter","curated+wordle","107","True"
"entia","wordle","","True"
"entry","wordle","","True"
"enure","wordle","","True"
"enurn","wordle","","True"
"envoi","wordle","","True"
"envoy","wordle","","True"
"enzym","wordle","","True"
"eorls","wordle","","True"
"eosin","wordle","","True"
"epact","wordle","","True"
"epees","wordle","","True"
"ephah","wordle","","True"
"ephas","wordle","","True"
"ephod","wordle","","True"
"ephor","wordle","","True"
"epics","wordle","","True"
"epoch","curated+wordle","16","True"
"epode","wordle","","True"
"epopt","wordle","","True"
"epoxy","wordle","","True"
"epris","wordle","","True"
"equal","curated+wordle","108","True"
"eques","wordle","","True"
"equid","wordle","","True"
"equip","wordle","","True"
"erase","wordle","","True"
"erbia","wordle","","True"
"erect","curated+wordle","17","True"
"erevs","wordle","","True"
"ergon","wordle","","True"
"ergos","wordle","","True"
"ergot","wordle","","True"
"erhus","wordle","","True"
"erica","wordle","","True"
"erick","wordle","","True"
"erics","wordle","","True"
"ering","wordle","","True"
"erned","wordle","","True"
"ernes","wordle","","True"
"erode","wordle","","True"
"erose","wordle","","True"
"erred","wordle","","True"
"error","wordle","","True"
"erses","wordle","","True"
"eruct","wordle","","True"
"erugo","wordle","","True"
"erupt","wordle","","True"
"eruvs","wordle","","True"
"erven","wordle","","True"
"ervil","wordle","","True"
"escar","wordle","","True"
"escot","wordle","","True"
"esile","wordle","","True"
"eskar","wordle","","True"
"esker","wordle","","True"
"esnes","wordle","","True"
"essay","wordle","","True"
"esses","wordle","","True"
"ester","wordle","","True"
"estoc","wordle","","True"
"estop","wordle","","True"
"estro","wordle","","True"
"etage","wordle","","True"
"etape","wordle","","True"
"etats","wordle","","True"
"etens","wordle","","True"
"ethal","wordle","","True"
"ether","curated+wordle","8","True"
"ethic","wordle","","True"
"ethne","wordle","","True"
"ethos","wordle","","True"
"ethyl","wordle","","True"
"etics","wordle","","True"
"etnas","wordle","","True"
"ettin","wordle","","True"
"ettle","wordle","","True"
"etude","wordle","","True"
"etuis","wordle","","True"
"etwee","wordle","","True"
"etyma","wordle","","True"
"eughs","wordle","","True"
"euked","wordle","","True"
"eupad","wordle","","True"
"euros","wordle","","True"
"eusol","wordle","","True"
"evade","wordle","","True"
"evens","wordle","","True"
"event","curated+wordle","111","True"
"evert","wordle","","True"
"every","curated+wordle","650","True"
"evets","wordle","","True"
"evhoe","wordle","","True"
"evict","wordle","","True"
"evils","wordle","","True"
"evite","wordle","","True"
"evohe","wordle","","True"
"evoke","wordle","","True"
"ewers","wordle","","True"
"ewest","wordle","","True"
"ewhow","wordle","","True"
"ewked","wordle","","True"
"exact","curated+wordle","26","True"
"exalt","curated+wordle","4","True"
"exams","wordle","","True"
"excel","wordle","","True"
"exeat","wordle","","True"
"execs","wordle","","True"
"exeem","wordle","","True"
"exeme","wordle","","True"
"exert","curated+wordle","8","True"
"exfil","wordle","","True"
"exies","wordle","","True"
"exile","curated+wordle","11","True"
"exine","wordle","","True"
"exing","wordle","","True"
"exist","wordle","","True"
"exits","wordle","","True"
"exode","wordle","","True"
"exome","wordle","","True"
"exons","wordle","","True"
"expat","wordle","","True"
"expel","curated+wordle","4","True"
"expos","wordle","","True"
"extol","wordle","","True"
"extra","curated+wordle","22","True"
"exude","wordle","","True"
"exuls","wordle","","True"
"exult","wordle","","True"
"exurb","wordle","","True"
"eyass","wordle","","True"
"eyers","wordle","","True"
"eying","wordle","","True"
"eyots","wordle","","True"
"eyras","wordle","","True"
"eyres","wordle","","True"
"eyrie","wordle","","True"
"eyrir","wordle","","True"
"ezine","wordle","","True"
"fabby","wordle","","True"
"fable","curated+wordle","3","True"
"faced","curated+wordle","53","True"
"facer","wordle","","True"
"faces","curated+wordle","162","True"
"facet","wordle","","True"
"facia","wordle","","True"
"facta","wordle","","True"
"facts","curated+wordle","72","True"
"faddy","wordle","","True"
"faded","curated+wordle","9","True"
"fader","wordle","","True"
"fades","wordle","","True"
"fadge","wordle","","True"
"fados","wordle","","True"
"faena","wordle","","True"
"faery","wordle","","True"
"faffs","wordle","","True"
"faffy","wordle","","True"
"fagin","wordle","","True"
"faiks","wordle","","True"
"fails","curated+wordle","20","True"
"faine","wordle","","True"
"fains","wordle","","True"
"faint","curated+wordle","19","True"
"fairs","wordle","","True"
"fairy","curated+wordle","7","True"
"faith","curated+wordle","64","True"
"faked","wordle","","True"
"faker","wordle","","True"
"fakes","wordle","","True"
"fakey","wordle","","True"
"fakie","wordle","","True"
"fakir","wordle","","True"
"falaj","wordle","","True"
"falls","curated+wordle","25","True"
"false","curated+wordle","64","True"
"famed","wordle","","True"
"fames","wordle","","True"
"fanal","wordle","","True"
"fancy","curated+wordle","50","True"
"fands","wordle","","True"
"fanes","wordle","","True"
"fanga","wordle","","True"
"fango","wordle","","True"
"fangs","curated+wordle","3","True"
"fanks","wordle","","True"
"fanny","wordle","","True"
"fanon","wordle","","True"
"fanos","wordle","","True"
"fanum","wordle","","True"
"faqir","wordle","","True"
"farad","wordle","","True"
"farce","wordle","","True"
"farci","wordle","","True"
"farcy","wordle","","True"
"fards","wordle","","True"
"fared","wordle","","True"
"farer","wordle","","True"
"fares","wordle","","True"
"farle","wordle","","True"
"farls","wordle","","True"
"farms","curated+wordle","35","True"
"faros","wordle","","True"
"farro","wordle","","True"
"farse","wordle","","True"
"farts","wordle","","True"
"fasci","wordle","","True"
"fasti","wordle","","True"
"fasts","wordle","","True"
"fatal","curated+wordle","63","True"
"fated","wordle","","True"
"fates","wordle","","True"
"fatly","wordle","","True"
"fatso","wordle","","True"
"fatty","curated+wordle","23","True"
"fatwa","wordle","","True"
"faugh","wordle","","True"
"fauld","wordle","","True"
"fault","curated+wordle","50","True"
"fauna","wordle","","True"
"fauns","wordle","","True"
"faurd","wordle","","True"
"fauts","wordle","","True"
"fauve","wordle","","True"
"favas","wordle","","True"
"favel","wordle","","True"
"faver","wordle","","True"
"faves","wordle","","True"
"favor","curated+wordle","81","True"
"favus","wordle","","True"
"fawns","wordle","","True"
"fawny","wordle","","True"
"faxed","wordle","","True"
"faxes","wordle","","True"
"fayed","wordle","","True"
"fayer","wordle","","True"
"fayne","wordle","","True"
"fayre","wordle","","True"
"fazed","wordle","","True"
"fazes","wordle","","True"
"feals","wordle","","True"
"feare","wordle","","True"
"fears","curated+wordle","21","True"
"feart","wordle","","True"
"fease","wordle","","True"
"feast","curated+wordle","8","True"
"feats","wordle","","True"
"feaze","wordle","","True"
"fecal","wordle","","True"
"feces","wordle","","True"
"fecht","wordle","","True"
"fecit","wordle","","True"
"fecks","wordle","","True"
"fedex","wordle","","True"
"feebs","wordle","","True"
"feeds","wordle","","True"
"feels","curated+wordle","31","True"
"feens","wordle","","True"
"feers","wordle","","True"
"feese","wordle","","True"
"feeze","wordle","","True"
"fehme","wordle","","True"
"feign","wordle","","True"
"feint","wordle","","True"
"feist","wordle","","True"
"felch","wordle","","True"
"felid","wordle","","True"
"fella","wordle","","True"
"fells","wordle","","True"
"felly","wordle","","True"
"felon","wordle","","True"
"felts","wordle","","True"
"felty","wordle","","True"
"femal","wordle","","True"
"femes","wordle","","True"
"femme","curated+wordle","5","True"
"femmy","wordle","","True"
"femur","wordle","","True"
"fence","curated+wordle","24","True"
"fends","wordle","","True"
"fendy","wordle","","True"
"fenis","wordle","","True"
"fenks","wordle","","True"
"fenny","wordle","","True"
"fents","wordle","","True"
"feods","wordle","","True"
"feoff","wordle","","True"
"feral","wordle","","True"
"ferer","wordle","","True"
"feres","wordle","","True"
"feria","wordle","","True"
"ferly","wordle","","True"
"fermi","wordle","","True"
"ferms","wordle","","True"
"ferns","wordle","","True"
"ferny","wordle","","True"
"ferry","curated+wordle","8","True"
"fesse","wordle","","True"
"festa","wordle","","True"
"fests","wordle","","True"
"festy","wordle","","True"
"fetal","wordle","","True"
"fetas","wordle","","True"
"fetch","curated+wordle","29","True"
"feted","wordle","","True"
"fetes","wordle","","True"
"fetid","wordle","","True"
"fetor","wordle","","True"
"fetta","wordle","","True"
"fetts","wordle","","True"
"fetus","wordle","","True"
"fetwa","wordle","","True"
"feuar","wordle","","True"
"feuds","wordle","","True"
"feued","wordle","","True"
"fever","curated+wordle","75","True"
"fewer","curated+wordle","16","True"
"feyed","wordle","","True"
"feyer","wordle","","True"
"feyly","wordle","","True"
"fezes","wordle","","True"
"fezzy","wordle","","True"
"fiars","wordle","","True"
"fiats","wordle","","True"
"fiber","wordle","","True"
"fibro","wordle","","True"
"fices","wordle","","True"
"fiche","wordle","","True"
"fichu","wordle","","True"
"ficin","wordle","","True"
"ficos","wordle","","True"
"ficus","wordle","","True"
"fides","wordle","","True"
"fidge","wordle","","True"
"fidos","wordle","","True"
"fiefs","wordle","","True"
"field","curated+wordle","212","True"
"fiend","wordle","","True"
"fient","wordle","","True"
"fiere","wordle","","True"
"fiers","wordle","","True"
"fiery","curated+wordle","8","True"
"fiest","wordle","","True"
"fifed","wordle","","True"
"fifer","wordle","","True"
"fifes","wordle","","True"
"fifis","wordle","","True"
"fifth","curated+wordle","60","True"
"fifty","curated+wordle","94","True"
"figgy","wordle","","True"
"fight","curated+wordle","96","True"
"figos","wordle","","True"
"fiked","wordle","","True"
"fikes","wordle","","True"
"filar","wordle","","True"
"filch","wordle","","True"
"filed","curated+wordle","5","True"
"filer","wordle","","True"
"files","curated+wordle","8","True"
"filet","wordle","","True"
"filii","wordle","","True"
"filks","wordle","","True"
"fille","wordle","","True"
"fillo","wordle","","True"
"fills","wordle","","True"
"filly","wordle","","True"
"filmi","wordle","","True"
"films","wordle","","True"
"filmy","wordle","","True"
"filos","wordle","","True"
"filth","wordle","","True"
"filum","wordle","","True"
"final","curated+wordle","66","True"
"finca","wordle","","True"
"finch","wordle","","True"
"finds","curated+wordle","23","True"
"fined","curated+wordle","3","True"
"finer","curated+wordle","6","True"
"fines","curated+wordle","4","True"
"finis","wordle","","True"
"finks","wordle","","True"
"finny","wordle","","True"
"finos","wordle","","True"
"fiord","wordle","","True"
"fiqhs","wordle","","True"
"fique","wordle","","True"
"fired","curated+wordle","36","True"
"firer","wordle","","True"
"fires","curated+wordle","38","True"
"firie","wordle","","True"
"firks","wordle","","True"
"firms","wordle","","True"
"firns","wordle","","True"
"firry","wordle","","True"
"first","curated+wordle","1177","True"
"firth","wordle","","True"
"fiscs","wordle","","True"
"fishy","wordle","","True"
"fisks","wordle","","True"
"fists","wordle","","True"
"fisty","wordle","","True"
"fitch","wordle","","True"
"fitly","wordle","","True"
"fitna","wordle","","True"
"fitte","wordle","","True"
"fitts","wordle","","True"
"fiver","wordle","","True"
"fives","wordle","","True"
"fixed","curated+wordle","147","True"
"fixer","wordle","","True"
"fixes","wordle","","True"
"fixit","wordle","","True"
"fizzy","wordle","","True"
"fjeld","wordle","","True"
"fjord","wordle","","True"
"flabs","wordle","","True"
"flack","wordle","","True"
"flaff","wordle","","True"
"flags","curated+wordle","8","True"
"flail","curated+wordle","4","True"
"flair","wordle","","True"
"flake","wordle","","True"
"flaks","wordle","","True"
"flaky","wordle","","True"
"flame","curated+wordle","15","True"
"flamm","wordle","","True"
"flams","wordle","","True"
"flamy","wordle","","True"
"flane","wordle","","True"
"flank","curated+wordle","100","True"
"flans","wordle","","True"
"flaps","curated+wordle","8","True"
"flare","wordle","","True"
"flary","wordle","","True"
"flash","curated+wordle","10","True"
"flask","curated+wordle","5","True"
"flats","wordle","","True"
"flava","wordle","","True"
"flawn","wordle","","True"
"flaws","wordle","","True"
"flawy","wordle","","True"
"flaxy","wordle","","True"
"flays","wordle","","True"
"fleam","wordle","","True"
"fleas","curated+wordle","3","True"
"fleck","wordle","","True"
"fleek","wordle","","True"
"fleer","wordle","","True"
"flees","wordle","","True"
"fleet","curated+wordle","24","True"
"flegs","wordle","","True"
"fleme","wordle","","True"
"flesh","curated+wordle","26","True"
"fleur","wordle","","True"
"flews","wordle","","True"
"flexi","wordle","","True"
"flexo","wordle","","True"
"fleys","wordle","","True"
"flick","wordle","","True"
"flics","wordle","","True"
"flied","wordle","","True"
"flier","wordle","","True"
"flies","curated+wordle","8","True"
"flimp","wordle","","True"
"flims","wordle","","True"
"fling","curated+wordle","5","True"
"flint","wordle","","True"
"flips","wordle","","True"
"flirs","wordle","","True"
"flirt","wordle","","True"
"flisk","wordle","","True"
"flite","wordle","","True"
"flits","wordle","","True"
"flitt","wordle","","True"
"float","curated+wordle","6","True"
"flobs","wordle","","True"
"flock","curated+wordle","6","True"
"flocs","wordle","","True"
"floes","wordle","","True"
"flogs","wordle","","True"
"flong","wordle","","True"
"flood","curated+wordle","14","True"
"floor","curated+wordle","106","True"
"flops","wordle","","True"
"flora","curated+wordle","9","True"
"flors","wordle","","True"
"flory","wordle","","True"
"flosh","wordle","","True"
"floss","wordle","","True"
"flota","wordle","","True"
"flote","wordle","","True"
"flour","wordle","","True"
"flout","wordle","","True"
"flown","wordle","","True"
"flows","wordle","","True"
"flubs","wordle","","True"
"flued","wordle","","True"
"flues","wordle","","True"
"fluey","wordle","","True"
"fluff","wordle","","True"
"fluid","curated+wordle","100","True"
"fluke","wordle","","True"
"fluky","wordle","","True"
"flume","wordle","","True"
"flump","wordle","","True"
"flung","curated+wordle","30","True"
"flunk","wordle","","True"
"fluor","wordle","","True"
"flurr","wordle","","True"
"flush","curated+wordle","12","True"
"flute","wordle","","True"
"fluty","wordle","","True"
"fluyt","wordle","","True"
"flyby","wordle","","True"
"flyer","wordle","","True"
"flype","wordle","","True"
"flyte","wordle","","True"
"foals","wordle","","True"
"foams","wordle","","True"
"foamy","wordle","","True"
"focal","wordle","","True"
"focus","curated+wordle","37","True"
"foehn","wordle","","True"
"fogey","wordle","","True"
"foggy","wordle","","True"
"fogie","wordle","","True"
"fogle","wordle","","True"
"fogou","wordle","","True"
"fohns","wordle","","True"
"foids","wordle","","True"
"foils","wordle","","True"
"foins","wordle","","True"
"foist","wordle","","True"
"folds","curated+wordle","15","True"
"foley","wordle","","True"
"folia","wordle","","True"
"folic","wordle","","True"
"folie","wordle","","True"
"folio","wordle","","True"
"folks","wordle","","True"
"folky","wordle","","True"
"folly","wordle","","True"
"fomes","wordle","","True"
"fonda","wordle","","True"
"fonds","wordle","","True"
"fondu","wordle","","True"
"fones","wordle","","True"
"fonly","wordle","","True"
"fonts","wordle","","True"
"foods","curated+wordle","4","True"
"foody","wordle","","True"
"fools","wordle","","True"
"foots","wordle","","True"
"footy","wordle","","True"
"foram","wordle","","True"
"foray","wordle","","True"
"forbs","wordle","","True"
"forby","wordle","","True"
"force","curated+wordle","239","True"
"fordo","wordle","","True"
"fords","wordle","","True"
"forel","wordle","","True"
"fores","wordle","","True"
"forex","wordle","","True"
"forge","curated+wordle","12","True"
"forgo","wordle","","True"
"forks","wordle","","True"
"forky","wordle","","True"
"forme","wordle","","True"
"forms","curated+wordle","255","True"
"forte","wordle","","True"
"forth","curated+wordle","82","True"
"forts","wordle","","True"
"forty","curated+wordle","106","True"
"forum","wordle","","True"
"forza","wordle","","True"
"forze","wordle","","True"
"fossa","wordle","","True"
"fosse","wordle","","True"
"fouat","wordle","","True"
"fouds","wordle","","True"
"fouer","wordle","","True"
"fouet","wordle","","True"
"foule","wordle","","True"
"fouls","wordle","","True"
"found","curated+wordle","549","True"
"fount","wordle","","True"
"fours","wordle","","True"
"fouth","wordle","","True"
"fovea","wordle","","True"
"fowls","wordle","","True"
"fowth","wordle","","True"
"foxed","wordle","","True"
"foxes","wordle","","True"
"foxie","wordle","","True"
"foyer","wordle","","True"
"foyle","wordle","","True"
"foyne","wordle","","True"
"frabs","wordle","","True"
"frack","wordle","","True"
"fract","wordle","","True"
"frags","wordle","","True"
"frail","curated+wordle","6","True"
"fraim","wordle","","True"
"frame","curated+wordle","36","True"
"franc","wordle","","True"
"frank","curated+wordle","31","True"
"frape","wordle","","True"
"fraps","wordle","","True"
"frass","wordle","","True"
"frate","wordle","","True"
"frati","wordle","","True"
"frats","wordle","","True"
"fraud","curated+wordle","15","True"
"fraus","wordle","","True"
"frays","wordle","","True"
"freak","wordle","","True"
"freed","curated+wordle","16","True"
"freer","wordle","","True"
"frees","wordle","","True"
"freet","wordle","","True"
"freit","wordle","","True"
"fremd","wordle","","True"
"frena","wordle","","True"
"freon","wordle","","True"
"frere","wordle","","True"
"fresh","curated+wordle","160","True"
"frets","wordle","","True"
"friar","wordle","","True"
"fribs","wordle","","True"
"fried","wordle","","True"
"frier","wordle","","True"
"fries","wordle","","True"
"frigs","wordle","","True"
"frill","wordle","","True"
"frise","wordle","","True"
"frisk","wordle","","True"
"frist","wordle","","True"
"frith","wordle","","True"
"frits","wordle","","True"
"fritt","wordle","","True"
"fritz","wordle","","True"
"frize","wordle","","True"
"frizz","wordle","","True"
"frock","curated+wordle","13","True"
"froes","wordle","","True"
"frogs","wordle","","True"
"frond","wordle","","True"
"frons","wordle","","True"
"front","curated+wordle","359","True"
"frore","wordle","","True"
"frorn","wordle","","True"
"frory","wordle","","True"
"frosh","wordle","","True"
"frost","wordle","","True"
"froth","wordle","","True"
"frown","wordle","","True"
"frows","wordle","","True"
"frowy","wordle","","True"
"froze","wordle","","True"
"frugs","wordle","","True"
"fruit","wordle","","True"
"frump","wordle","","True"
"frush","wordle","","True"
"frust","wordle","","True"
"fryer","wordle","","True"
"fubar","wordle","","True"
"fubby","wordle","","True"
"fubsy","wordle","","True"
"fucks","wordle","","True"
"fucus","wordle","","True"
"fuddy","wordle","","True"
"fudge","wordle","","True"
"fudgy","wordle","","True"
"fuels","wordle","","True"
"fuero","wordle","","True"
"fuffs","wordle","","True"
"fuffy","wordle","","True"
"fugal","wordle","","True"
"fuggy","wordle","","True"
"fugie","wordle","","True"
"fugio","wordle","","True"
"fugle","wordle","","True"
"fugly","wordle","","True"
"fugue","wordle","","True"
"fugus","wordle","","True"
"fujis","wordle","","True"
"fulls","wordle","","True"
"fully","curated+wordle","69","True"
"fumed","wordle","","True"
"fumer","wordle","","True"
"fumes","wordle","","True"
"fumet","wordle","","True"
"fundi","wordle","","True"
"funds","curated+wordle","27","True"
"fundy","wordle","","True"
"fungi","wordle","","True"
"fungo","wordle","","True"
"fungs","wordle","","True"
"funks","wordle","","True"
"funky","wordle","","True"
"funny","wordle","","True"
"fural","wordle","","True"
"furan","wordle","","True"
"furca","wordle","","True"
"furls","wordle","","True"
"furol","wordle","","True"
"furor","wordle","","True"
"furrs","wordle","","True"
"furry","wordle","","True"
"furth","wordle","","True"
"furze","wordle","","True"
"furzy","wordle","","True"
"fused","curated+wordle","6","True"
"fusee","wordle","","True"
"fusel","wordle","","True"
"fuses","wordle","","True"
"fusil","wordle","","True"
"fusks","wordle","","True"
"fussy","wordle","","True"
"fusts","wordle","","True"
"fusty","wordle","","True"
"futon","wordle","","True"
"fuzed","wordle","","True"
"fuzee","wordle","","True"
"fuzes","wordle","","True"
"fuzil","wordle","","True"
"fuzzy","wordle","","True"
"fyces","wordle","","True"
"fyked","wordle","","True"
"fykes","wordle","","True"
"fyles","wordle","","True"
"fyrds","wordle","","True"
"fytte","wordle","","True"
"gabba","wordle","","True"
"gabby","wordle","","True"
"gable","wordle","","True"
"gaddi","wordle","","True"
"gades","wordle","","True"
"gadge","wordle","","True"
"gadid","wordle","","True"
"gadis","wordle","","True"
"gadje","wordle","","True"
"gadjo","wordle","","True"
"gadso","wordle","","True"
"gaffe","wordle","","True"
"gaffs","wordle","","True"
"gaged","wordle","","True"
"gager","wordle","","True"
"gages","wordle","","True"
"gaids","wordle","","True"
"gaily","curated+wordle","38","True"
"gains","curated+wordle","20","True"
"gairs","wordle","","True"
"gaita","wordle","","True"
"gaits","wordle","","True"
"gaitt","wordle","","True"
"gajos","wordle","","True"
"galah","wordle","","True"
"galas","wordle","","True"
"galax","wordle","","True"
"galea","wordle","","True"
"galed","wordle","","True"
"gales","wordle","","True"
"galls","wordle","","True"
"gally","wordle","","True"
"galop","wordle","","True"
"galut","wordle","","True"
"galvo","wordle","","True"
"gamas","wordle","","True"
"gamay","wordle","","True"
"gamba","wordle","","True"
"gambe","wordle","","True"
"gambo","wordle","","True"
"gambs","wordle","","True"
"gamed","wordle","","True"
"gamer","wordle","","True"
"games","curated+wordle","7","True"
"gamey","wordle","","True"
"gamic","wordle","","True"
"gamin","wordle","","True"
"gamma","wordle","","True"
"gamme","wordle","","True"
"gammy","wordle","","True"
"gamps","wordle","","True"
"gamut","wordle","","True"
"ganch","wordle","","True"
"gandy","wordle","","True"
"ganef","wordle","","True"
"ganev","wordle","","True"
"gangs","wordle","","True"
"ganja","wordle","","True"
"ganof","wordle","","True"
"gants","wordle","","True"
"gaols","wordle","","True"
"gaped","curated+wordle","3","True"
"gaper","wordle","","True"
"gapes","wordle","","True"
"gapos","wordle","","True"
"gappy","wordle","","True"
"garbe","wordle","","True"
"garbo","wordle","","True"
"garbs","wordle","","True"
"garda","wordle","","True"
"gares","wordle","","True"
"garis","wordle","","True"
"garms","wordle","","True"
"garni","wordle","","True"
"garre","wordle","","True"
"garth","wordle","","True"
"garum","wordle","","True"
"gases","curated+wordle","8","True"
"gasps","wordle","","True"
"gaspy","wordle","","True"
"gassy","wordle","","True"
"gasts","wordle","","True"
"gatch","wordle","","True"
"gated","wordle","","True"
"gater","wordle","","True"
"gates","curated+wordle","34","True"
"gaths","wordle","","True"
"gator","wordle","","True"
"gauch","wordle","","True"
"gaucy","wordle","","True"
"gauds","wordle","","True"
"gaudy","wordle","","True"
"gauge","wordle","","True"
"gauje","wordle","","True"
"gault","wordle","","True"
"gaums","wordle","","True"
"gaumy","wordle","","True"
"gaunt","curated+wordle","5","True"
"gaups","wordle","","True"
"gaurs","wordle","","True"
"gauss","wordle","","True"
"gauze","curated+wordle","70","True"
"gauzy","wordle","","True"
"gavel","wordle","","True"
"gavot","wordle","","True"
"gawcy","wordle","","True"
"gawds","wordle","","True"
"gawks","wordle","","True"
"gawky","wordle","","True"
"gawps","wordle","","True"
"gawsy","wordle","","True"
"gayal","wordle","","True"
"gayer","wordle","","True"
"gayly","wordle","","True"
"gazal","wordle","","True"
"gazar","wordle","","True"
"gazed","curated+wordle","94","True"
"gazer","wordle","","True"
"gazes","wordle","","True"
"gazon","wordle","","True"
"gazoo","wordle","","True"
"geals","wordle","","True"
"geans","wordle","","True"
"geare","wordle","","True"
"gears","wordle","","True"
"geats","wordle","","True"
"gebur","wordle","","True"
"gecko","wordle","","True"
"gecks","wordle","","True"
"geeks","wordle","","True"
"geeky","wordle","","True"
"geeps","wordle","","True"
"geese","curated+wordle","18","True"
"geest","wordle","","True"
"geist","wordle","","True"
"geits","wordle","","True"
"gelds","wordle","","True"
"gelee","wordle","","True"
"gelid","wordle","","True"
"gelly","wordle","","True"
"gelts","wordle","","True"
"gemel","wordle","","True"
"gemma","wordle","","True"
"gemmy","wordle","","True"
"gemot","wordle","","True"
"genal","wordle","","True"
"genas","wordle","","True"
"genes","wordle","","True"
"genet","wordle","","True"
"genic","wordle","","True"
"genie","wordle","","True"
"genii","wordle","","True"
"genip","wordle","","True"
"genny","wordle","","True"
"genoa","wordle","","True"
"genom","wordle","","True"
"genre","wordle","","True"
"genro","wordle","","True"
"gents","wordle","","True"
"genty","wordle","","True"
"genua","wordle","","True"
"genus","wordle","","True"
"geode","wordle","","True"
"geoid","wordle","","True"
"gerah","wordle","","True"
"gerbe","wordle","","True"
"geres","wordle","","True"
"gerle","wordle","","True"
"germs","wordle","","True"
"germy","wordle","","True"
"gerne","wordle","","True"
"gesse","wordle","","True"
"gesso","wordle","","True"
"geste","wordle","","True"
"gests","wordle","","True"
"getas","wordle","","True"
"getup","wordle","","True"
"geums","wordle","","True"
"geyan","wordle","","True"
"geyer","wordle","","True"
"ghast","wordle","","True"
"ghats","wordle","","True"
"ghaut","wordle","","True"
"ghazi","wordle","","True"
"ghees","wordle","","True"
"ghest","wordle","","True"
"ghost","curated+wordle","7","True"
"ghoul","wordle","","True"
"ghyll","wordle","","True"
"giant","curated+wordle","28","True"
"gibed","wordle","","True"
"gibel","wordle","","True"
"giber","wordle","","True"
"gibes","wordle","","True"
"gibli","wordle","","True"
"gibus","wordle","","True"
"giddy","wordle","","True"
"gifts","curated+wordle","6","True"
"gigas","wordle","","True"
"gighe","wordle","","True"
"gigot","wordle","","True"
"gigue","wordle","","True"
"gilas","wordle","","True"
"gilds","wordle","","True"
"gilet","wordle","","True"
"gills","wordle","","True"
"gilly","wordle","","True"
"gilpy","wordle","","True"
"gilts","wordle","","True"
"gimel","wordle","","True"
"gimme","wordle","","True"
"gimps","wordle","","True"
"gimpy","wordle","","True"
"ginch","wordle","","True"
"ginge","wordle","","True"
"gings","wordle","","True"
"ginks","wordle","","True"
"ginny","wordle","","True"
"ginzo","wordle","","True"
"gipon","wordle","","True"
"gippo","wordle","","True"
"gippy","wordle","","True"
"gipsy","wordle","","True"
"girds","wordle","","True"
"girls","curated+wordle","71","True"
"girly","wordle","","True"
"girns","wordle","","True"
"giron","wordle","","True"
"giros","wordle","","True"
"girrs","wordle","","True"
"girsh","wordle","","True"
"girth","curated+wordle","10","True"
"girts","wordle","","True"
"gismo","wordle","","True"
"gisms","wordle","","True"
"gists","wordle","","True"
"gitch","wordle","","True"
"gites","wordle","","True"
"giust","wordle","","True"
"gived","wordle","","True"
"given","curated+wordle","364","True"
"giver","wordle","","True"
"gives","curated+wordle","88","True"
"gizmo","wordle","","True"
"glace","wordle","","True"
"glade","curated+wordle","4","True"
"glads","wordle","","True"
"glady","wordle","","True"
"glaik","wordle","","True"
"glair","wordle","","True"
"glams","wordle","","True"
"gland","curated+wordle","52","True"
"glans","wordle","","True"
"glare","curated+wordle","5","True"
"glary","wordle","","True"
"glass","curated+wordle","116","True"
"glaum","wordle","","True"
"glaur","wordle","","True"
"glaze","wordle","","True"
"glazy","wordle","","True"
"gleam","curated+wordle","12","True"
"glean","wordle","","True"
"gleba","wordle","","True"
"glebe","wordle","","True"
"gleby","wordle","","True"
"glede","wordle","","True"
"gleds","wordle","","True"
"gleed","wordle","","True"
"gleek","wordle","","True"
"glees","wordle","","True"
"gleet","wordle","","True"
"gleis","wordle","","True"
"glens","wordle","","True"
"glent","wordle","","True"
"gleys","wordle","","True"
"glial","wordle","","True"
"glias","wordle","","True"
"glibs","wordle","","True"
"glide","wordle","","True"
"gliff","wordle","","True"
"glift","wordle","","True"
"glike","wordle","","True"
"glime","wordle","","True"
"glims","wordle","","True"
"glint","wordle","","True"
"glisk","wordle","","True"
"glits","wordle","","True"
"glitz","wordle","","True"
"gloam","wordle","","True"
"gloat","wordle","","True"
"globe","curated+wordle","16","True"
"globi","wordle","","True"
"globs","wordle","","True"
"globy","wordle","","True"
"glode","wordle","","True"
"glogg","wordle","","True"
"gloms","wordle","","True"
"gloom","wordle","","True"
"gloop","wordle","","True"
"glops","wordle","","True"
"glory","wordle","","True"
"gloss","wordle","","True"
"glost","wordle","","True"
"glout","wordle","","True"
"glove","curated+wordle","16","True"
"glows","wordle","","True"
"gloze","wordle","","True"
"glued","curated+wordle","4","True"
"gluer","wordle","","True"
"glues","wordle","","True"
"gluey","wordle","","True"
"glugs","wordle","","True"
"glume","wordle","","True"
"glums","wordle","","True"
"gluon","wordle","","True"
"glute","wordle","","True"
"gluts","wordle","","True"
"glyph","wordle","","True"
"gnarl","wordle","","True"
"gnarr","wordle","","True"
"gnars","wordle","","True"
"gnash","wordle","","True"
"gnats","wordle","","True"
"gnawn","wordle","","True"
"gnaws","wordle","","True"
"gnome","wordle","","True"
"gnows","wordle","","True"
"goads","wordle","","True"
"goafs","wordle","","True"
"goals","wordle","","True"
"goary","wordle","","True"
"goats","wordle","","True"
"goaty","wordle","","True"
"goban","wordle","","True"
"gobar","wordle","","True"
"gobbi","wordle","","True"
"gobbo","wordle","","True"
"gobby","wordle","","True"
"gobis","wordle","","True"
"gobos","wordle","","True"
"godet","wordle","","True"
"godly","wordle","","True"
"godso","wordle","","True"
"goels","wordle","","True"
"goers","wordle","","True"
"goest","wordle","","True"
"goeth","wordle","","True"
"goety","wordle","","True"
"gofer","wordle","","True"
"goffs","wordle","","True"
"gogga","wordle","","True"
"gogos","wordle","","True"
"goier","wordle","","True"
"going","curated+wordle","376","True"
"gojis","wordle","","True"
"golds","wordle","","True"
"goldy","wordle","","True"
"golem","wordle","","True"
"goles","wordle","","True"
"golfs","wordle","","True"
"golly","wordle","","True"
"golpe","wordle","","True"
"golps","wordle","","True"
"gombo","wordle","","True"
"gomer","wordle","","True"
"gompa","wordle","","True"
"gonad","wordle","","True"
"gonch","wordle","","True"
"gonef","wordle","","True"
"goner","wordle","","True"
"gongs","wordle","","True"
"gonia","wordle","","True"
"gonif","wordle","","True"
"gonks","wordle","","True"
"gonna","wordle","","True"
"gonof","wordle","","True"
"gonys","wordle","","True"
"gonzo","wordle","","True"
"gooby","wordle","","True"
"goods","curated+wordle","81","True"
"goody","wordle","","True"
"gooey","wordle","","True"
"goofs","wordle","","True"
"goofy","wordle","","True"
"googs","wordle","","True"
"gooky","wordle","","True"
"goold","wordle","","True"
"gools","wordle","","True"
"gooly","wordle","","True"
"goons","wordle","","True"
"goony","wordle","","True"
"goops","wordle","","True"
"goopy","wordle","","True"
"goors","wordle","","True"
"goory","wordle","","True"
"goose","curated+wordle","32","True"
"goosy","wordle","","True"
"gopak","wordle","","True"
"gopik","wordle","","True"
"goral","wordle","","True"
"goras","wordle","","True"
"gored","wordle","","True"
"gores","wordle","","True"
"gorge","wordle","","True"
"goris","wordle","","True"
"gorms","wordle","","True"
"gormy","wordle","","True"
"gorps","wordle","","True"
"gorse","wordle","","True"
"gorsy","wordle","","True"
"gosht","wordle","","True"
"gosse","wordle","","True"
"gotch","wordle","","True"
"goths","wordle","","True"
"gothy","wordle","","True"
"gotta","wordle","","True"
"gouch","wordle","","True"
"gouge","curated+wordle","6","True"
"gouks","wordle","","True"
"goura","wordle","","True"
"gourd","wordle","","True"
"gouts","wordle","","True"
"gouty","wordle","","True"
"gowan","wordle","","True"
"gowds","wordle","","True"
"gowfs","wordle","","True"
"gowks","wordle","","True"
"gowls","wordle","","True"
"gowns","wordle","","True"
"goxes","wordle","","True"
"goyim","wordle","","True"
"goyle","wordle","","True"
"graal","wordle","","True"
"grabs","wordle","","True"
"grace","curated+wordle","21","True"
"grade","curated+wordle","11","True"
"grads","wordle","","True"
"graff","wordle","","True"
"graft","curated+wordle","18","True"
"grail","wordle","","True"
"grain","curated+wordle","56","True"
"graip","wordle","","True"
"grama","wordle","","True"
"grame","wordle","","True"
"gramp","wordle","","True"
"grams","wordle","","True"
"grana","wordle","","True"
"grand","curated+wordle","81","True"
"grans","wordle","","True"
"grant","curated+wordle","61","True"
"grape","curated+wordle","4","True"
"graph","wordle","","True"
"grapy","wordle","","True"
"grasp","curated+wordle","36","True"
"grass","curated+wordle","40","True"
"grate","curated+wordle","5","True"
"grave","curated+wordle","49","True"
"gravs","wordle","","True"
"gravy","wordle","","True"
"grays","wordle","","True"
"graze","wordle","","True"
"great","curated+wordle","792","True"
"grebe","wordle","","True"
"grebo","wordle","","True"
"grece","wordle","","True"
"greed","wordle","","True"
"greek","wordle","","True"
"green","curated+wordle","65","True"
"grees","wordle","","True"
"greet","curated+wordle","9","True"
"grege","wordle","","True"
"grego","wordle","","True"
"grein","wordle","","True"
"grens","wordle","","True"
"grese","wordle","","True"
"greve","wordle","","True"
"grews","wordle","","True"
"greys","wordle","","True"
"grice","wordle","","True"
"gride","wordle","","True"
"grids","wordle","","True"
"grief","curated+wordle","47","True"
"griff","wordle","","True"
"grift","wordle","","True"
"grigs","wordle","","True"
"grike","wordle","","True"
"grill","wordle","","True"
"grime","wordle","","True"
"grimy","wordle","","True"
"grind","wordle","","True"
"grins","wordle","","True"
"griot","wordle","","True"
"gripe","wordle","","True"
"grips","wordle","","True"
"gript","wordle","","True"
"gripy","wordle","","True"
"grise","wordle","","True"
"grist","wordle","","True"
"grisy","wordle","","True"
"grith","wordle","","True"
"grits","wordle","","True"
"grize","wordle","","True"
"groan","curated+wordle","11","True"
"groat","wordle","","True"
"grody","wordle","","True"
"grogs","wordle","","True"
"groin","wordle","","True"
"groks","wordle","","True"
"groma","wordle","","True"
"grone","wordle","","True"
"groof","wordle","","True"
"groom","wordle","","True"
"grope","wordle","","True"
"gross","wordle","","True"
"grosz","wordle","","True"
"grots","wordle","","True"
"grouf","wordle","","True"
"group","curated+wordle","139","True"
"grout","wordle","","True"
"grove","wordle","","True"
"grovy","wordle","","True"
"growl","wordle","","True"
"grown","curated+wordle","100","True"
"grows","wordle","","True"
"grrls","wordle","","True"
"grrrl","wordle","","True"
"grubs","wordle","","True"
"grued","wordle","","True"
"gruel","wordle","","True"
"grues","wordle","","True"
"grufe","wordle","","True"
"gruff","wordle","","True"
"grume","wordle","","True"
"grump","wordle","","True"
"grund","wordle","","True"
"grunt","wordle","","True"
"gryce","wordle","","True"
"gryde","wordle","","True"
"gryke","wordle","","True"
"grype","wordle","","True"
"grypt","wordle","","True"
"guaco","wordle","","True"
"guana","wordle","","True"
"guano","wordle","","True"
"guans","wordle","","True"
"guard","curated+wordle","56","True"
"guars","wordle","","True"
"guava","wordle","","True"
"gucks","wordle","","True"
"gucky","wordle","","True"
"gudes","wordle","","True"
"guess","curated+wordle","17","True"
"guest","curated+wordle","17","True"
"guffs","wordle","","True"
"gugas","wordle","","True"
"guide","curated+wordle","24","True"
"guids","wordle","","True"
"guild","wordle","","True"
"guile","wordle","","True"
"guilt","wordle","","True"
"guimp","wordle","","True"
"guiro","wordle","","True"
"guise","curated+wordle","8","True"
"gulag","wordle","","True"
"gular","wordle","","True"
"gulas","wordle","","True"
"gulch","wordle","","True"
"gules","wordle","","True"
"gulet","wordle","","True"
"gulfs","wordle","","True"
"gulfy","wordle","","True"
"gulls","wordle","","True"
"gully","wordle","","True"
"gulph","wordle","","True"
"gulps","wordle","","True"
"gulpy","wordle","","True"
"gumbo","wordle","","True"
"gumma","wordle","","True"
"gummi","wordle","","True"
"gummy","wordle","","True"
"gumps","wordle","","True"
"gundy","wordle","","True"
"gunge","wordle","","True"
"gungy","wordle","","True"
"gunks","wordle","","True"
"gunky","wordle","","True"
"gunny","wordle","","True"
"guppy","wordle","","True"
"guqin","wordle","","True"
"gurdy","wordle","","True"
"gurge","wordle","","True"
"gurls","wordle","","True"
"gurly","wordle","","True"
"gurns","wordle","","True"
"gurry","wordle","","True"
"gursh","wordle","","True"
"gurus","wordle","","True"
"gushy","wordle","","True"
"gusla","wordle","","True"
"gusle","wordle","","True"
"gusli","wordle","","True"
"gussy","wordle","","True"
"gusto","wordle","","True"
"gusts","wordle","","True"
"gusty","wordle","","True"
"gutsy","wordle","","True"
"gutta","wordle","","True"
"gutty","wordle","","True"
"guyed","wordle","","True"
"guyle","wordle","","True"
"guyot","wordle","","True"
"guyse","wordle","","True"
"gwine","wordle","","True"
"gyals","wordle","","True"
"gyans","wordle","","True"
"gybed","wordle","","True"
"gybes","wordle","","True"
"gyeld","wordle","","True"
"gymps","wordle","","True"
"gynae","wordle","","True"
"gynie","wordle","","True"
"gynny","wordle","","True"
"gynos","wordle","","True"
"gyoza","wordle","","True"
"gypos","wordle","","True"
"gyppo","wordle","","True"
"gyppy","wordle","","True"
"gypsy","wordle","","True"
"gyral","wordle","","True"
"gyred","wordle","","True"
"gyres","wordle","","True"
"gyron","wordle","","True"
"gyros","wordle","","True"
"gyrus","wordle","","True"
"gytes","wordle","","True"
"gyved","wordle","","True"
"gyves","wordle","","True"
"haafs","wordle","","True"
"haars","wordle","","True"
"habit","curated+wordle","55","True"
"hable","wordle","","True"
"habus","wordle","","True"
"hacek","wordle","","True"
"hacks","wordle","","True"
"hadal","wordle","","True"
"haded","wordle","","True"
"hades","wordle","","True"
"hadji","wordle","","True"
"hadst","wordle","","True"
"haems","wordle","","True"
"haets","wordle","","True"
"haffs","wordle","","True"
"hafiz","wordle","","True"
"hafts","wordle","","True"
"haggs","wordle","","True"
"hahas","wordle","","True"
"haick","wordle","","True"
"haika","wordle","","True"
"haiks","wordle","","True"
"haiku","wordle","","True"
"hails","wordle","","True"
"haily","wordle","","True"
"hains","wordle","","True"
"haint","wordle","","True"
"hairs","curated+wordle","15","True"
"hairy","curated+wordle","14","True"
"haith","wordle","","True"
"hajes","wordle","","True"
"hajis","wordle","","True"
"hajji","wordle","","True"
"hakam","wordle","","True"
"hakas","wordle","","True"
"hakea","wordle","","True"
"hakes","wordle","","True"
"hakim","wordle","","True"
"hakus","wordle","","True"
"halal","wordle","","True"
"haled","wordle","","True"
"haler","wordle","","True"
"hales","wordle","","True"
"halfa","wordle","","True"
"halfs","wordle","","True"
"halid","wordle","","True"
"hallo","wordle","","True"
"halls","curated+wordle","4","True"
"halma","wordle","","True"
"halms","wordle","","True"
"halon","wordle","","True"
"halos","wordle","","True"
"halse","wordle","","True"
"halts","wordle","","True"
"halva","wordle","","True"
"halve","wordle","","True"
"halwa","wordle","","True"
"hamal","wordle","","True"
"hamba","wordle","","True"
"hamed","wordle","","True"
"hames","wordle","","True"
"hammy","wordle","","True"
"hamza","wordle","","True"
"hanap","wordle","","True"
"hance","wordle","","True"
"hanch","wordle","","True"
"hands","curated+wordle","455","True"
"handy","curated+wordle","5","True"
"hangi","wordle","","True"
"hangs","curated+wordle","6","True"
"hanks","wordle","","True"
"hanky","wordle","","True"
"hansa","wordle","","True"
"hanse","wordle","","True"
"hants","wordle","","True"
"haole","wordle","","True"
"haoma","wordle","","True"
"hapax","wordle","","True"
"haply","wordle","","True"
"happi","wordle","","True"
"happy","curated+wordle","218","True"
"hapus","wordle","","True"
"haram","wordle","","True"
"hards","wordle","","True"
"hardy","curated+wordle","8","True"
"hared","wordle","","True"
"harem","wordle","","True"
"hares","wordle","","True"
"harim","wordle","","True"
"harks","wordle","","True"
"harls","wordle","","True"
"harms","wordle","","True"
"harns","wordle","","True"
"haros","wordle","","True"
"harps","wordle","","True"
"harpy","wordle","","True"
"harry","wordle","","True"
"harsh","curated+wordle","22","True"
"harts","wordle","","True"
"hashy","wordle","","True"
"hasks","wordle","","True"
"hasps","wordle","","True"
"hasta","wordle","","True"
"haste","curated+wordle","30","True"
"hasty","curated+wordle","7","True"
"hatch","wordle","","True"
"hated","curated+wordle","21","True"
"hater","wordle","","True"
"hates","wordle","","True"
"hatha","wordle","","True"
"hauds","wordle","","True"
"haufs","wordle","","True"
"haugh","wordle","","True"
"hauld","wordle","","True"
"haulm","wordle","","True"
"hauls","wordle","","True"
"hault","wordle","","True"
"hauns","wordle","","True"
"haunt","wordle","","True"
"hause","wordle","","True"
"haute","wordle","","True"
"haven","curated+wordle","39","True"
"haver","wordle","","True"
"haves","wordle","","True"
"havoc","curated+wordle","4","True"
"hawed","wordle","","True"
"hawks","wordle","","True"
"hawms","wordle","","True"
"hawse","wordle","","True"
"hayed","wordle","","True"
"hayer","wordle","","True"
"hayey","wordle","","True"
"hayle","wordle","","True"
"hazan","wordle","","True"
"hazed","wordle","","True"
"hazel","curated+wordle","7","True"
"hazer","wordle","","True"
"hazes","wordle","","True"
"heads","curated+wordle","69","True"
"heady","wordle","","True"
"heald","wordle","","True"
"heals","wordle","","True"
"heame","wordle","","True"
"heaps","wordle","","True"
"heapy","wordle","","True"
"heard","curated+wordle","636","True"
"heare","wordle","","True"
"hears","curated+wordle","11","True"
"heart","curated+wordle","256","True"
"heast","wordle","","True"
"heath","wordle","","True"
"heats","wordle","","True"
"heave","curated+wordle","4","True"
"heavy","curated+wordle","139","True"
"heben","wordle","","True"
"hebes","wordle","","True"
"hecht","wordle","","True"
"hecks","wordle","","True"
"heder","wordle","","True"
"hedge","curated+wordle","4","True"
"hedgy","wordle","","True"
"heeds","wordle","","True"
"heedy","wordle","","True"
"heels","curated+wordle","29","True"
"heeze","wordle","","True"
"hefte","wordle","","True"
"hefts","wordle","","True"
"hefty","wordle","","True"
"heids","wordle","","True"
"heigh","wordle","","True"
"heils","wordle","","True"
"heirs","curated+wordle","8","True"
"heist","wordle","","True"
"hejab","wordle","","True"
"hejra","wordle","","True"
"heled","wordle","","True"
"heles","wordle","","True"
"helio","wordle","","True"
"helix","wordle","","True"
"hello","wordle","","True"
"hells","wordle","","True"
"helms","wordle","","True"
"helos","wordle","","True"
"helot","wordle","","True"
"helps","curated+wordle","5","True"
"helve","wordle","","True"
"hemal","wordle","","True"
"hemes","wordle","","True"
"hemic","wordle","","True"
"hemin","wordle","","True"
"hemps","wordle","","True"
"hempy","wordle","","True"
"hence","curated+wordle","32","True"
"hench","wordle","","True"
"hends","wordle","","True"
"henge","wordle","","True"
"henna","wordle","","True"
"henny","wordle","","True"
"henry","wordle","","True"
"hents","wordle","","True"
"hepar","wordle","","True"
"herbs","wordle","","True"
"herby","wordle","","True"
"herds","wordle","","True"
"heres","wordle","","True"
"herls","wordle","","True"
"herma","wordle","","True"
"herms","wordle","","True"
"herns","wordle","","True"
"heron","wordle","","True"
"heros","wordle","","True"
"herry","wordle","","True"
"herse","wordle","","True"
"hertz","wordle","","True"
"herye","wordle","","True"
"hesps","wordle","","True"
"hests","wordle","","True"
"hetes","wordle","","True"
"heths","wordle","","True"
"heuch","wordle","","True"
"heugh","wordle","","True"
"hevea","wordle","","True"
"hewed","wordle","","True"
"hewer","wordle","","True"
"hewgh","wordle","","True"
"hexad","wordle","","True"
"hexed","wordle","","True"
"hexer","wordle","","True"
"hexes","wordle","","True"
"hexyl","wordle","","True"
"heyed","wordle","","True"
"hiant","wordle","","True"
"hicks","wordle","","True"
"hided","wordle","","True"
"hider","wordle","","True"
"hides","wordle","","True"
"hiems","wordle","","True"
"highs","wordle","","True"
"hight","wordle","","True"
"hijab","wordle","","True"
"hijra","wordle","","True"
"hiked","wordle","","True"
"hiker","wordle","","True"
"hikes","wordle","","True"
"hikoi","wordle","","True"
"hilar","wordle","","True"
"hilch","wordle","","True"
"hillo","wordle","","True"
"hills","curated+wordle","93","True"
"hilly","wordle","","True"
"hilts","wordle","","True"
"hilum","wordle","","True"
"hilus","wordle","","True"
"himbo","wordle","","True"
"hinau","wordle","","True"
"hinds","wordle","","True"
"hinge","wordle","","True"
"hings","wordle","","True"
"hinky","wordle","","True"
"hinny","wordle","","True"
"hints","wordle","","True"
"hiois","wordle","","True"
"hiply","wordle","","True"
"hippo","wordle","","True"
"hippy","wordle","","True"
"hired","curated+wordle","7","True"
"hiree","wordle","","True"
"hirer","wordle","","True"
"hires","wordle","","True"
"hissy","wordle","","True"
"hists","wordle","","True"
"hitch","wordle","","True"
"hithe","wordle","","True"
"hived","wordle","","True"
"hiver","wordle","","True"
"hives","wordle","","True"
"hizen","wordle","","True"
"hoaed","wordle","","True"
"hoagy","wordle","","True"
"hoard","wordle","","True"
"hoars","wordle","","True"
"hoary","wordle","","True"
"hoast","wordle","","True"
"hobby","curated+wordle","4","True"
"hobos","wordle","","True"
"hocks","wordle","","True"
"hocus","wordle","","True"
"hodad","wordle","","True"
"hodja","wordle","","True"
"hoers","wordle","","True"
"hogan","wordle","","True"
"hogen","wordle","","True"
"hoggs","wordle","","True"
"hoghs","wordle","","True"
"hohed","wordle","","True"
"hoick","wordle","","True"
"hoied","wordle","","True"
"hoiks","wordle","","True"
"hoing","wordle","","True"
"hoise","wordle","","True"
"hoist","wordle","","True"
"hokas","wordle","","True"
"hoked","wordle","","True"
"hokes","wordle","","True"
"hokey","wordle","","True"
"hokis","wordle","","True"
"hokku","wordle","","True"
"hokum","wordle","","True"
"holds","curated+wordle","5","True"
"holed","wordle","","True"
"holes","curated+wordle","7","True"
"holey","wordle","","True"
"holks","wordle","","True"
"holla","wordle","","True"
"hollo","wordle","","True"
"holly","wordle","","True"
"holme","wordle","","True"
"holms","wordle","","True"
"holon","wordle","","True"
"holos","wordle","","True"
"holts","wordle","","True"
"homas","wordle","","True"
"homed","wordle","","True"
"homer","wordle","","True"
"homes","curated+wordle","35","True"
"homey","wordle","","True"
"homie","wordle","","True"
"homme","wordle","","True"
"honan","wordle","","True"
"honda","wordle","","True"
"honds","wordle","","True"
"honed","wordle","","True"
"honer","wordle","","True"
"hones","wordle","","True"
"honey","curated+wordle","16","True"
"hongi","wordle","","True"
"hongs","wordle","","True"
"honks","wordle","","True"
"honky","wordle","","True"
"honor","curated+wordle","183","True"
"hooch","wordle","","True"
"hoods","wordle","","True"
"hoody","wordle","","True"
"hooey","wordle","","True"
"hoofs","curated+wordle","24","True"
"hooka","wordle","","True"
"hooks","wordle","","True"
"hooky","wordle","","True"
"hooly","wordle","","True"
"hoons","wordle","","True"
"hoops","wordle","","True"
"hoord","wordle","","True"
"hoors","wordle","","True"
"hoosh","wordle","","True"
"hoots","wordle","","True"
"hooty","wordle","","True"
"hoove","wordle","","True"
"hopak","wordle","","True"
"hoped","curated+wordle","38","True"
"hoper","wordle","","True"
"hopes","curated+wordle","41","True"
"hoppy","wordle","","True"
"horah","wordle","","True"
"horal","wordle","","True"
"horas","wordle","","True"
"horde","wordle","","True"
"horis","wordle","","True"
"horks","wordle","","True"
"horme","wordle","","True"
"horns","wordle","","True"
"horny","wordle","","True"
"horse","curated+wordle","334","True"
"horst","wordle","","True"
"horsy","wordle","","True"
"hosed","wordle","","True"
"hosel","wordle","","True"
"hosen","wordle","","True"
"hoser","wordle","","True"
"hoses","wordle","","True"
"hosey","wordle","","True"
"hosta","wordle","","True"
"hosts","wordle","","True"
"hotch","wordle","","True"
"hotel","curated+wordle","22","True"
"hoten","wordle","","True"
"hotly","wordle","","True"
"hotty","wordle","","True"
"houff","wordle","","True"
"houfs","wordle","","True"
"hough","wordle","","True"
"hound","curated+wordle","7","True"
"houri","wordle","","True"
"hours","curated+wordle","166","True"
"house","curated+wordle","661","True"
"houts","wordle","","True"
"hovea","wordle","","True"
"hoved","wordle","","True"
"hovel","wordle","","True"
"hoven","wordle","","True"
"hover","wordle","","True"
"hoves","wordle","","True"
"howbe","wordle","","True"
"howdy","wordle","","True"
"howes","wordle","","True"
"howff","wordle","","True"
"howfs","wordle","","True"
"howks","wordle","","True"
"howls","wordle","","True"
"howre","wordle","","True"
"howso","wordle","","True"
"hoxed","wordle","","True"
"hoxes","wordle","","True"
"hoyas","wordle","","True"
"hoyed","wordle","","True"
"hoyle","wordle","","True"
"hubby","wordle","","True"
"hucks","wordle","","True"
"hudna","wordle","","True"
"hudud","wordle","","True"
"huers","wordle","","True"
"huffs","wordle","","True"
"huffy","wordle","","True"
"huger","wordle","","True"
"huggy","wordle","","True"
"huhus","wordle","","True"
"huias","wordle","","True"
"hulas","wordle","","True"
"hules","wordle","","True"
"hulks","wordle","","True"
"hulky","wordle","","True"
"hullo","wordle","","True"
"hulls","wordle","","True"
"hully","wordle","","True"
"human","curated+wordle","170","True"
"humas","wordle","","True"
"humfs","wordle","","True"
"humic","wordle","","True"
"humid","wordle","","True"
"humor","wordle","","True"
"humph","wordle","","True"
"humps","wordle","","True"
"humpy","wordle","","True"
"humus","wordle","","True"
"hunch","wordle","","True"
"hunks","wordle","","True"
"hunky","wordle","","True"
"hunts","wordle","","True"
"hurds","wordle","","True"
"hurls","wordle","","True"
"hurly","wordle","","True"
"hurra","wordle","","True"
"hurry","wordle","","True"
"hurst","wordle","","True"
"hurts","wordle","","True"
"hushy","wordle","","True"
"husks","wordle","","True"
"husky","wordle","","True"
"husos","wordle","","True"
"hussy","wordle","","True"
"hutch","wordle","","True"
"hutia","wordle","","True"
"huzza","wordle","","True"
"huzzy","wordle","","True"
"hwyls","wordle","","True"
"hydra","wordle","","True"
"hydro","wordle","","True"
"hyena","wordle","","True"
"hyens","wordle","","True"
"hygge","wordle","","True"
"hying","wordle","","True"
"hykes","wordle","","True"
"hylas","wordle","","True"
"hyleg","wordle","","True"
"hyles","wordle","","True"
"hylic","wordle","","True"
"hymen","wordle","","True"
"hymns","wordle","","True"
"hynde","wordle","","True"
"hyoid","wordle","","True"
"hyped","wordle","","True"
"hyper","curated+wordle","5","True"
"hypes","wordle","","True"
"hypha","wordle","","True"
"hyphy","wordle","","True"
"hypos","wordle","","True"
"hyrax","wordle","","True"
"hyson","wordle","","True"
"hythe","wordle","","True"
"iambi","wordle","","True"
"iambs","wordle","","True"
"ibrik","wordle","","True"
"icers","wordle","","True"
"iched","wordle","","True"
"iches","wordle","","True"
"ichor","wordle","","True"
"icier","wordle","","True"
"icily","wordle","","True"
"icing","wordle","","True"
"icker","wordle","","True"
"ickle","wordle","","True"
"icons","wordle","","True"
"ictal","wordle","","True"
"ictic","wordle","","True"
"ictus","wordle","","True"
"idant","wordle","","True"
"ideal","curated+wordle","25","True"
"ideas","curated+wordle","57","True"
"idees","wordle","","True"
"ident","wordle","","True"
"idiom","wordle","","True"
"idiot","wordle","","True"
"idled","wordle","","True"
"idler","wordle","","True"
"idles","wordle","","True"
"idola","wordle","","True"
"idols","wordle","","True"
"idyll","wordle","","True"
"idyls","wordle","","True"
"iftar","wordle","","True"
"igapo","wordle","","True"
"igged","wordle","","True"
"igloo","wordle","","True"
"iglus","wordle","","True"
"ihram","wordle","","True"
"ikans","wordle","","True"
"ikats","wordle","","True"
"ikons","wordle","","True"
"ileac","wordle","","True"
"ileal","wordle","","True"
"ileum","wordle","","True"
"ileus","wordle","","True"
"iliac","curated+wordle","30","True"
"iliad","wordle","","True"
"ilial","wordle","","True"
"ilium","wordle","","True"
"iller","wordle","","True"
"illth","wordle","","True"
"image","curated+wordle","7","True"
"imago","wordle","","True"
"imams","wordle","","True"
"imari","wordle","","True"
"imaum","wordle","","True"
"imbar","wordle","","True"
"imbed","wordle","","True"
"imbue","wordle","","True"
"imide","wordle","","True"
"imido","wordle","","True"
"imids","wordle","","True"
"imine","wordle","","True"
"imino","wordle","","True"
"immew","wordle","","True"
"immit","wordle","","True"
"immix","wordle","","True"
"imped","wordle","","True"
"impel","wordle","","True"
"impis","wordle","","True"
"imply","wordle","","True"
"impot","wordle","","True"
"impro","wordle","","True"
"imshi","wordle","","True"
"imshy","wordle","","True"
"inane","wordle","","True"
"inapt","wordle","","True"
"inarm","wordle","","True"
"inbox","wordle","","True"
"inbye","wordle","","True"
"incel","wordle","","True"
"incle","wordle","","True"
"incog","wordle","","True"
"incur","wordle","","True"
"incus","wordle","","True"
"incut","wordle","","True"
"indew","wordle","","True"
"index","curated+wordle","23","True"
"india","wordle","","True"
"indie","wordle","","True"
"indol","wordle","","True"
"indow","wordle","","True"
"indri","wordle","","True"
"indue","wordle","","True"
"inept","wordle","","True"
"inerm","wordle","","True"
"inert","wordle","","True"
"infer","wordle","","True"
"infix","wordle","","True"
"infos","wordle","","True"
"infra","wordle","","True"
"ingan","wordle","","True"
"ingle","wordle","","True"
"ingot","wordle","","True"
"inion","wordle","","True"
"inked","wordle","","True"
"inker","wordle","","True"
"inkle","wordle","","True"
"inlay","wordle","","True"
"inlet","wordle","","True"
"inned","wordle","","True"
"inner","curated+wordle","60","True"
"innit","wordle","","True"
"inorb","wordle","","True"
"input","wordle","","True"
"inrun","wordle","","True"
"inset","wordle","","True"
"inspo","wordle","","True"
"intel","wordle","","True"
"inter","wordle","","True"
"intil","wordle","","True"
"intis","wordle","","True"
"intra","wordle","","True"
"intro","wordle","","True"
"inula","wordle","","True"
"inure","wordle","","True"
"inurn","wordle","","True"
"inust","wordle","","True"
"invar","wordle","","True"
"inwit","wordle","","True"
"iodic","wordle","","True"
"iodid","wordle","","True"
"iodin","wordle","","True"
"ionic","wordle","","True"
"iotas","wordle","","True"
"ippon","wordle","","True"
"irade","wordle","","True"
"irate","wordle","","True"
"irids","wordle","","True"
"iring","wordle","","True"
"irked","wordle","","True"
"iroko","wordle","","True"
"irone","wordle","","True"
"irons","wordle","","True"
"irony","wordle","","True"
"isbas","wordle","","True"
"ishes","wordle","","True"
"isled","wordle","","True"
"isles","wordle","","True"
"islet","wordle","","True"
"isnae","wordle","","True"
"issei","wordle","","True"
"issue","curated+wordle","101","True"
"istle","wordle","","True"
"itchy","wordle","","True"
"items","wordle","","True"
"ither","wordle","","True"
"ivied","wordle","","True"
"ivies","wordle","","True"
"ivory","wordle","","True"
"ixias","wordle","","True"
"ixnay","wordle","","True"
"ixora","wordle","","True"
"ixtle","wordle","","True"
"izard","wordle","","True"
"izars","wordle","","True"
"izzat","wordle","","True"
"jaaps","wordle","","True"
"jabot","wordle","","True"
"jacal","wordle","","True"
"jacks","wordle","","True"
"jacky","wordle","","True"
"jaded","wordle","","True"
"jades","wordle","","True"
"jafas","wordle","","True"
"jaffa","wordle","","True"
"jagas","wordle","","True"
"jager","wordle","","True"
"jaggs","wordle","","True"
"jaggy","wordle","","True"
"jagir","wordle","","True"
"jagra","wordle","","True"
"jails","wordle","","True"
"jaker","wordle","","True"
"jakes","wordle","","True"
"jakey","wordle","","True"
"jalap","wordle","","True"
"jalop","wordle","","True"
"jambe","wordle","","True"
"jambo","wordle","","True"
"jambs","wordle","","True"
"jambu","wordle","","True"
"james","wordle","","True"
"jammy","wordle","","True"
"jamon","wordle","","True"
"janes","wordle","","True"
"janns","wordle","","True"
"janny","wordle","","True"
"janty","wordle","","True"
"japan","wordle","","True"
"japed","wordle","","True"
"japer","wordle","","True"
"japes","wordle","","True"
"jarks","wordle","","True"
"jarls","wordle","","True"
"jarps","wordle","","True"
"jarta","wordle","","True"
"jarul","wordle","","True"
"jasey","wordle","","True"
"jaspe","wordle","","True"
"jasps","wordle","","True"
"jatos","wordle","","True"
"jauks","wordle","","True"
"jaunt","wordle","","True"
"jaups","wordle","","True"
"javas","wordle","","True"
"javel","wordle","","True"
"jawan","wordle","","True"
"jawed","wordle","","True"
"jaxie","wordle","","True"
"jazzy","wordle","","True"
"jeans","wordle","","True"
"jeats","wordle","","True"
"jebel","wordle","","True"
"jedis","wordle","","True"
"jeels","wordle","","True"
"jeely","wordle","","True"
"jeeps","wordle","","True"
"jeers","wordle","","True"
"jeeze","wordle","","True"
"jefes","wordle","","True"
"jeffs","wordle","","True"
"jehad","wordle","","True"
"jehus","wordle","","True"
"jelab","wordle","","True"
"jello","wordle","","True"
"jells","wordle","","True"
"jelly","wordle","","True"
"jembe","wordle","","True"
"jemmy","wordle","","True"
"jenny","wordle","","True"
"jeons","wordle","","True"
"jerid","wordle","","True"
"jerks","wordle","","True"
"jerky","wordle","","True"
"jerry","wordle","","True"
"jesse","wordle","","True"
"jests","wordle","","True"
"jesus","wordle","","True"
"jetes","wordle","","True"
"jeton","wordle","","True"
"jetty","wordle","","True"
"jeune","wordle","","True"
"jewed","wordle","","True"
"jewel","curated+wordle","13","True"
"jewie","wordle","","True"
"jhala","wordle","","True"
"jiaos","wordle","","True"
"jibba","wordle","","True"
"jibbs","wordle","","True"
"jibed","wordle","","True"
"jiber","wordle","","True"
"jibes","wordle","","True"
"jiffs","wordle","","True"
"jiffy","wordle","","True"
"jiggy","wordle","","True"
"jigot","wordle","","True"
"jihad","wordle","","True"
"jills","wordle","","True"
"jilts","wordle","","True"
"jimmy","wordle","","True"
"jimpy","wordle","","True"
"jingo","wordle","","True"
"jinks","wordle","","True"
"jinne","wordle","","True"
"jinni","wordle","","True"
"jinns","wordle","","True"
"jirds","wordle","","True"
"jirga","wordle","","True"
"jirre","wordle","","True"
"jisms","wordle","","True"
"jived","wordle","","True"
"jiver","wordle","","True"
"jives","wordle","","True"
"jivey","wordle","","True"
"jnana","wordle","","True"
"jobed","wordle","","True"
"jobes","wordle","","True"
"jocko","wordle","","True"
"jocks","wordle","","True"
"jocky","wordle","","True"
"jocos","wordle","","True"
"jodel","wordle","","True"
"joeys","wordle","","True"
"johns","wordle","","True"
"joins","wordle","","True"
"joint","wordle","","True"
"joist","wordle","","True"
"joked","wordle","","True"
"joker","wordle","","True"
"jokes","wordle","","True"
"jokey","wordle","","True"
"jokol","wordle","","True"
"joled","wordle","","True"
"joles","wordle","","True"
"jolls","wordle","","True"
"jolly","wordle","","True"
"jolts","wordle","","True"
"jolty","wordle","","True"
"jomon","wordle","","True"
"jomos","wordle","","True"
"jones","wordle","","True"
"jongs","wordle","","True"
"jonty","wordle","","True"
"jooks","wordle","","True"
"joram","wordle","","True"
"jorum","wordle","","True"
"jotas","wordle","","True"
"jotty","wordle","","True"
"jotun","wordle","","True"
"joual","wordle","","True"
"jougs","wordle","","True"
"jouks","wordle","","True"
"joule","wordle","","True"
"jours","wordle","","True"
"joust","wordle","","True"
"jowar","wordle","","True"
"jowed","wordle","","True"
"jowls","wordle","","True"
"jowly","wordle","","True"
"joyed","wordle","","True"
"jubas","wordle","","True"
"jubes","wordle","","True"
"jucos","wordle","","True"
"judas","wordle","","True"
"judge","curated+wordle","45","True"
"judgy","wordle","","True"
"judos","wordle","","True"
"jugal","wordle","","True"
"jugum","wordle","","True"
"juice","curated+wordle","5","True"
"juicy","wordle","","True"
"jujus","wordle","","True"
"juked","wordle","","True"
"jukes","wordle","","True"
"jukus","wordle","","True"
"julep","wordle","","True"
"jumar","wordle","","True"
"jumbo","wordle","","True"
"jumby","wordle","","True"
"jumps","wordle","","True"
"jumpy","wordle","","True"
"junco","wordle","","True"
"junks","wordle","","True"
"junky","wordle","","True"
"junta","wordle","","True"
"junto","wordle","","True"
"jupes","wordle","","True"
"jupon","wordle","","True"
"jural","wordle","","True"
"jurat","wordle","","True"
"jurel","wordle","","True"
"jures","wordle","","True"
"juror","wordle","","True"
"justs","wordle","","True"
"jutes","wordle","","True"
"jutty","wordle","","True"
"juves","wordle","","True"
"juvie","wordle","","True"
"kaama","wordle","","True"
"kabab","wordle","","True"
"kabar","wordle","","True"
"kabob","wordle","","True"
"kacha","wordle","","True"
"kacks","wordle","","True"
"kadai","wordle","","True"
"kades","wordle","","True"
"kadis","wordle","","True"
"kafir","wordle","","True"
"kagos","wordle","","True"
"kagus","wordle","","True"
"kahal","wordle","","True"
"kaiak","wordle","","True"
"kaids","wordle","","True"
"kaies","wordle","","True"
"kaifs","wordle","","True"
"kaika","wordle","","True"
"kaiks","wordle","","True"
"kails","wordle","","True"
"kaims","wordle","","True"
"kaing","wordle","","True"
"kains","wordle","","True"
"kakas","wordle","","True"
"kakis","wordle","","True"
"kalam","wordle","","True"
"kales","wordle","","True"
"kalif","wordle","","True"
"kalis","wordle","","True"
"kalpa","wordle","","True"
"kamas","wordle","","True"
"kames","wordle","","True"
"kamik","wordle","","True"
"kamis","wordle","","True"
"kamme","wordle","","True"
"kanae","wordle","","True"
"kanas","wordle","","True"
"kandy","wordle","","True"
"kaneh","wordle","","True"
"kanes","wordle","","True"
"kanga","wordle","","True"
"kangs","wordle","","True"
"kanji","wordle","","True"
"kants","wordle","","True"
"kanzu","wordle","","True"
"kaons","wordle","","True"
"kapas","wordle","","True"
"kaphs","wordle","","True"
"kapok","wordle","","True"
"kapow","wordle","","True"
"kappa","wordle","","True"
"kapus","wordle","","True"
"kaput","wordle","","True"
"karas","wordle","","True"
"karat","wordle","","True"
"karks","wordle","","True"
"karma","wordle","","True"
"karns","wordle","","True"
"karoo","wordle","","True"
"karos","wordle","","True"
"karri","wordle","","True"
"karst","wordle","","True"
"karsy","wordle","","True"
"karts","wordle","","True"
"karzy","wordle","","True"
"kasha","wordle","","True"
"kasme","wordle","","True"
"katal","wordle","","True"
"katas","wordle","","True"
"katis","wordle","","True"
"katti","wordle","","True"
"kaugh","wordle","","True"
"kauri","wordle","","True"
"kauru","wordle","","True"
"kaury","wordle","","True"
"kaval","wordle","","True"
"kavas","wordle","","True"
"kawas","wordle","","True"
"kawau","wordle","","True"
"kawed","wordle","","True"
"kayak","wordle","","True"
"kayle","wordle","","True"
"kayos","wordle","","True"
"kazis","wordle","","True"
"kazoo","wordle","","True"
"kbars","wordle","","True"
"kebab","wordle","","True"
"kebar","wordle","","True"
"kebob","wordle","","True"
"kecks","wordle","","True"
"kedge","wordle","","True"
"kedgy","wordle","","True"
"keech","wordle","","True"
"keefs","wordle","","True"
"keeks","wordle","","True"
"keels","wordle","","True"
"keema","wordle","","True"
"keeno","wordle","","True"
"keens","wordle","","True"
"keeps","curated+wordle","11","True"
"keets","wordle","","True"
"keeve","wordle","","True"
"kefir","wordle","","True"
"kehua","wordle","","True"
"keirs","wordle","","True"
"kelep","wordle","","True"
"kelim","wordle","","True"
"kells","wordle","","True"
"kelly","wordle","","True"
"kelps","wordle","","True"
"kelpy","wordle","","True"
"kelts","wordle","","True"
"kelty","wordle","","True"
"kembo","wordle","","True"
"kembs","wordle","","True"
"kemps","wordle","","True"
"kempt","wordle","","True"
"kempy","wordle","","True"
"kenaf","wordle","","True"
"kench","wordle","","True"
"kendo","wordle","","True"
"kenos","wordle","","True"
"kente","wordle","","True"
"kents","wordle","","True"
"kepis","wordle","","True"
"kerbs","wordle","","True"
"kerel","wordle","","True"
"kerfs","wordle","","True"
"kerky","wordle","","True"
"kerma","wordle","","True"
"kerne","wordle","","True"
"kerns","wordle","","True"
"keros","wordle","","True"
"kerry","wordle","","True"
"kerve","wordle","","True"
"kesar","wordle","","True"
"kests","wordle","","True"
"ketas","wordle","","True"
"ketch","wordle","","True"
"ketes","wordle","","True"
"ketol","wordle","","True"
"kevel","wordle","","True"
"kevil","wordle","","True"
"kexes","wordle","","True"
"keyed","wordle","","True"
"keyer","wordle","","True"
"khadi","wordle","","True"
"khafs","wordle","","True"
"khaki","wordle","","True"
"khans","wordle","","True"
"khaph","wordle","","True"
"khats","wordle","","True"
"khaya","wordle","","True"
"khazi","wordle","","True"
"kheda","wordle","","True"
"kheth","wordle","","True"
"khets","wordle","","True"
"khoja","wordle","","True"
"khors","wordle","","True"
"khoum","wordle","","True"
"khuds","wordle","","True"
"kiaat","wordle","","True"
"kiack","wordle","","True"
"kiang","wordle","","True"
"kibbe","wordle","","True"
"kibbi","wordle","","True"
"kibei","wordle","","True"
"kibes","wordle","","True"
"kibla","wordle","","True"
"kicks","wordle","","True"
"kicky","wordle","","True"
"kiddo","wordle","","True"
"kiddy","wordle","","True"
"kidel","wordle","","True"
"kidge","wordle","","True"
"kiefs","wordle","","True"
"kiers","wordle","","True"
"kieve","wordle","","True"
"kievs","wordle","","True"
"kight","wordle","","True"
"kikoi","wordle","","True"
"kiley","wordle","","True"
"kilim","wordle","","True"
"kills","wordle","","True"
"kilns","wordle","","True"
"kilos","wordle","","True"
"kilps","wordle","","True"
"kilts","wordle","","True"
"kilty","wordle","","True"
"kimbo","wordle","","True"
"kinas","wordle","","True"
"kinda","wordle","","True"
"kinds","wordle","","True"
"kindy","wordle","","True"
"kines","wordle","","True"
"kings","wordle","","True"
"kinin","wordle","","True"
"kinks","wordle","","True"
"kinky","wordle","","True"
"kinos","wordle","","True"
"kiore","wordle","","True"
"kiosk","wordle","","True"
"kipes","wordle","","True"
"kippa","wordle","","True"
"kipps","wordle","","True"
"kirby","wordle","","True"
"kirks","wordle","","True"
"kirns","wordle","","True"
"kirri","wordle","","True"
"kisan","wordle","","True"
"kissy","wordle","","True"
"kists","wordle","","True"
"kited","wordle","","True"
"kiter","wordle","","True"
"kites","wordle","","True"
"kithe","wordle","","True"
"kiths","wordle","","True"
"kitty","wordle","","True"
"kitul","wordle","","True"
"kivas","wordle","","True"
"kiwis","wordle","","True"
"klang","wordle","","True"
"klaps","wordle","","True"
"klett","wordle","","True"
"klick","wordle","","True"
"klieg","wordle","","True"
"kliks","wordle","","True"
"klong","wordle","","True"
"kloof","wordle","","True"
"kluge","wordle","","True"
"klutz","wordle","","True"
"knack","wordle","","True"
"knags","wordle","","True"
"knaps","wordle","","True"
"knarl","wordle","","True"
"knars","wordle","","True"
"knaur","wordle","","True"
"knave","wordle","","True"
"knawe","wordle","","True"
"knead","wordle","","True"
"kneed","wordle","","True"
"kneel","wordle","","True"
"knees","curated+wordle","55","True"
"knell","wordle","","True"
"knelt","wordle","","True"
"knife","curated+wordle","42","True"
"knish","wordle","","True"
"knits","wordle","","True"
"knive","wordle","","True"
"knobs","wordle","","True"
"knock","wordle","","True"
"knoll","wordle","","True"
"knops","wordle","","True"
"knosp","wordle","","True"
"knots","wordle","","True"
"knout","wordle","","True"
"knowe","wordle","","True"
"known","wordle","","True"
"knows","wordle","","True"
"knubs","wordle","","True"
"knurl","wordle","","True"
"knurr","wordle","","True"
"knurs","wordle","","True"
"knuts","wordle","","True"
"koala","wordle","","True"
"koans","wordle","","True"
"koaps","wordle","","True"
"koban","wordle","","True"
"kobos","wordle","","True"
"koels","wordle","","True"
"koffs","wordle","","True"
"kofta","wordle","","True"
"kogal","wordle","","True"
"kohas","wordle","","True"
"kohen","wordle","","True"
"kohls","wordle","","True"
"koine","wordle","","True"
"kojis","wordle","","True"
"kokam","wordle","","True"
"kokas","wordle","","True"
"koker","wordle","","True"
"kokra","wordle","","True"
"kokum","wordle","","True"
"kolas","wordle","","True"
"kolos","wordle","","True"
"kombu","wordle","","True"
"konbu","wordle","","True"
"kondo","wordle","","True"
"konks","wordle","","True"
"kooks","wordle","","True"
"kooky","wordle","","True"
"koori","wordle","","True"
"kopek","wordle","","True"
"kophs","wordle","","True"
"kopje","wordle","","True"
"koppa","wordle","","True"
"korai","wordle","","True"
"koras","wordle","","True"
"korat","wordle","","True"
"kores","wordle","","True"
"korma","wordle","","True"
"koros","wordle","","True"
"korun","wordle","","True"
"korus","wordle","","True"
"koses","wordle","","True"
"kotch","wordle","","True"
"kotos","wordle","","True"
"kotow","wordle","","True"
"koura","wordle","","True"
"kraal","wordle","","True"
"krabs","wordle","","True"
"kraft","wordle","","True"
"krais","wordle","","True"
"krait","wordle","","True"
"krang","wordle","","True"
"krans","wordle","","True"
"kranz","wordle","","True"
"kraut","wordle","","True"
"krays","wordle","","True"
"kreep","wordle","","True"
"kreng","wordle","","True"
"krewe","wordle","","True"
"krill","wordle","","True"
"krona","wordle","","True"
"krone","wordle","","True"
"kroon","wordle","","True"
"krubi","wordle","","True"
"krunk","wordle","","True"
"ksars","wordle","","True"
"kubie","wordle","","True"
"kudos","wordle","","True"
"kudus","wordle","","True"
"kudzu","wordle","","True"
"kufis","wordle","","True"
"kugel","wordle","","True"
"kuias","wordle","","True"
"kukri","wordle","","True"
"kukus","wordle","","True"
"kulak","wordle","","True"
"kulan","wordle","","True"
"kulas","wordle","","True"
"kulfi","wordle","","True"
"kumis","wordle","","True"
"kumys","wordle","","True"
"kuris","wordle","","True"
"kurre","wordle","","True"
"kurta","wordle","","True"
"kurus","wordle","","True"
"kusso","wordle","","True"
"kutas","wordle","","True"
"kutch","wordle","","True"
"kutis","wordle","","True"
"kutus","wordle","","True"
"kuzus","wordle","","True"
"kvass","wordle","","True"
"kvell","wordle","","True"
"kwela","wordle","","True"
"kyack","wordle","","True"
"kyaks","wordle","","True"
"kyang","wordle","","True"
"kyars","wordle","","True"
"kyats","wordle","","True"
"kybos","wordle","","True"
"kydst","wordle","","True"
"kyles","wordle","","True"
"kylie","wordle","","True"
"kylin","wordle","","True"
"kylix","wordle","","True"
"kyloe","wordle","","True"
"kynde","wordle","","True"
"kynds","wordle","","True"
"kypes","wordle","","True"
"kyrie","wordle","","True"
"kytes","wordle","","True"
"kythe","wordle","","True"
"laari","wordle","","True"
"labda","wordle","","True"
"label","wordle","","True"
"labia","wordle","","True"
"labis","wordle","","True"
"labor","curated+wordle","328","True"
"labra","wordle","","True"
"laced","wordle","","True"
"lacer","wordle","","True"
"laces","wordle","","True"
"lacet","wordle","","True"
"lacey","wordle","","True"
"lacks","wordle","","True"
"laddy","wordle","","True"
"laded","wordle","","True"
"laden","curated+wordle","10","True"
"lader","wordle","","True"
"lades","wordle","","True"
"ladle","wordle","","True"
"laers","wordle","","True"
"laevo","wordle","","True"
"lagan","wordle","","True"
"lager","wordle","","True"
"lahal","wordle","","True"
"lahar","wordle","","True"
"laich","wordle","","True"
"laics","wordle","","True"
"laids","wordle","","True"
"laigh","wordle","","True"
"laika","wordle","","True"
"laiks","wordle","","True"
"laird","wordle","","True"
"lairs","wordle","","True"
"lairy","wordle","","True"
"laith","wordle","","True"
"laity","wordle","","True"
"laked","wordle","","True"
"laker","wordle","","True"
"lakes","curated+wordle","13","True"
"lakhs","wordle","","True"
"lakin","wordle","","True"
"laksa","wordle","","True"
"laldy","wordle","","True"
"lalls","wordle","","True"
"lamas","wordle","","True"
"lambs","wordle","","True"
"lamby","wordle","","True"
"lamed","wordle","","True"
"lamer","wordle","","True"
"lames","wordle","","True"
"lamia","wordle","","True"
"lammy","wordle","","True"
"lamps","wordle","","True"
"lanai","wordle","","True"
"lanas","wordle","","True"
"lance","wordle","","True"
"lanch","wordle","","True"
"lande","wordle","","True"
"lands","curated+wordle","76","True"
"lanes","wordle","","True"
"lanks","wordle","","True"
"lanky","wordle","","True"
"lants","wordle","","True"
"lapel","wordle","","True"
"lapin","wordle","","True"
"lapis","wordle","","True"
"lapje","wordle","","True"
"lapse","curated+wordle","8","True"
"larch","wordle","","True"
"lards","wordle","","True"
"lardy","wordle","","True"
"laree","wordle","","True"
"lares","wordle","","True"
"large","curated+wordle","483","True"
"largo","wordle","","True"
"laris","wordle","","True"
"larks","wordle","","True"
"larky","wordle","","True"
"larns","wordle","","True"
"larnt","wordle","","True"
"larum","wordle","","True"
"larva","wordle","","True"
"lased","wordle","","True"
"laser","wordle","","True"
"lases","wordle","","True"
"lassi","wordle","","True"
"lasso","wordle","","True"
"lassu","wordle","","True"
"lassy","wordle","","True"
"lasts","wordle","","True"
"latah","wordle","","True"
"latch","wordle","","True"
"lated","wordle","","True"
"laten","wordle","","True"
"later","curated+wordle","334","True"
"latex","wordle","","True"
"lathe","curated+wordle","9","True"
"lathi","wordle","","True"
"laths","wordle","","True"
"lathy","wordle","","True"
"latke","wordle","","True"
"latte","wordle","","True"
"latus","wordle","","True"
"lauan","wordle","","True"
"lauch","wordle","","True"
"lauds","wordle","","True"
"laufs","wordle","","True"
"laugh","curated+wordle","70","True"
"laund","wordle","","True"
"laura","wordle","","True"
"laval","wordle","","True"
"lavas","wordle","","True"
"laved","wordle","","True"
"laver","wordle","","True"
"laves","wordle","","True"
"lavra","wordle","","True"
"lavvy","wordle","","True"
"lawed","wordle","","True"
"lawer","wordle","","True"
"lawin","wordle","","True"
"lawks","wordle","","True"
"lawns","wordle","","True"
"lawny","wordle","","True"
"laxed","wordle","","True"
"laxer","wordle","","True"
"laxes","wordle","","True"
"laxly","wordle","","True"
"layed","wordle","","True"
"layer","curated+wordle","51","True"
"layin","wordle","","True"
"layup","wordle","","True"
"lazar","wordle","","True"
"lazed","wordle","","True"
"lazes","wordle","","True"
"lazos","wordle","","True"
"lazzi","wordle","","True"
"lazzo","wordle","","True"
"leach","wordle","","True"
"leads","curated+wordle","32","True"
"leady","wordle","","True"
"leafs","wordle","","True"
"leafy","wordle","","True"
"leaks","wordle","","True"
"leaky","wordle","","True"
"leams","wordle","","True"
"leans","wordle","","True"
"leant","wordle","","True"
"leany","wordle","","True"
"leaps","curated+wordle","9","True"
"leapt","wordle","","True"
"leare","wordle","","True"
"learn","curated+wordle","38","True"
"lears","wordle","","True"
"leary","wordle","","True"
"lease","wordle","","True"
"leash","curated+wordle","12","True"
"least","curated+wordle","194","True"
"leats","wordle","","True"
"leave","curated+wordle","300","True"
"leavy","wordle","","True"
"leaze","wordle","","True"
"leben","wordle","","True"
"leccy","wordle","","True"
"ledes","wordle","","True"
"ledge","curated+wordle","5","True"
"ledgy","wordle","","True"
"ledum","wordle","","True"
"leear","wordle","","True"
"leech","curated+wordle","3","True"
"leeks","wordle","","True"
"leeps","wordle","","True"
"leers","wordle","","True"
"leery","wordle","","True"
"leese","wordle","","True"
"leets","wordle","","True"
"leeze","wordle","","True"
"lefte","wordle","","True"
"lefts","wordle","","True"
"lefty","wordle","","True"
"legal","curated+wordle","52","True"
"leger","wordle","","True"
"leges","wordle","","True"
"legge","wordle","","True"
"leggo","wordle","","True"
"leggy","wordle","","True"
"legit","wordle","","True"
"lehrs","wordle","","True"
"lehua","wordle","","True"
"leirs","wordle","","True"
"leish","wordle","","True"
"leman","wordle","","True"
"lemed","wordle","","True"
"lemel","wordle","","True"
"lemes","wordle","","True"
"lemma","wordle","","True"
"lemme","wordle","","True"
"lemon","wordle","","True"
"lemur","wordle","","True"
"lends","wordle","","True"
"lenes","wordle","","True"
"lengs","wordle","","True"
"lenis","wordle","","True"
"lenos","wordle","","True"
"lense","wordle","","True"
"lenti","wordle","","True"
"lento","wordle","","True"
"leone","wordle","","True"
"leper","wordle","","True"
"lepid","wordle","","True"
"lepra","wordle","","True"
"lepta","wordle","","True"
"lered","wordle","","True"
"leres","wordle","","True"
"lerps","wordle","","True"
"leses","wordle","","True"
"lests","wordle","","True"
"letch","wordle","","True"
"lethe","wordle","","True"
"letup","wordle","","True"
"leuch","wordle","","True"
"leuco","wordle","","True"
"leuds","wordle","","True"
"leugh","wordle","","True"
"levas","wordle","","True"
"levee","curated+wordle","5","True"
"level","curated+wordle","53","True"
"lever","wordle","","True"
"leves","wordle","","True"
"levin","wordle","","True"
"levis","wordle","","True"
"lewis","wordle","","True"
"lexes","wordle","","True"
"lexis","wordle","","True"
"lezes","wordle","","True"
"lezza","wordle","","True"
"lezzy","wordle","","True"
"liana","wordle","","True"
"liane","wordle","","True"
"liang","wordle","","True"
"liard","wordle","","True"
"liars","wordle","","True"
"liart","wordle","","True"
"libel","wordle","","True"
"liber","wordle","","True"
"libra","wordle","","True"
"libri","wordle","","True"
"lichi","wordle","","True"
"licht","wordle","","True"
"licit","wordle","","True"
"licks","wordle","","True"
"lidar","wordle","","True"
"lidos","wordle","","True"
"liefs","wordle","","True"
"liege","wordle","","True"
"liens","wordle","","True"
"liers","wordle","","True"
"lieus","wordle","","True"
"lieve","wordle","","True"
"lifer","wordle","","True"
"lifes","wordle","","True"
"lifts","wordle","","True"
"ligan","wordle","","True"
"liger","wordle","","True"
"ligge","wordle","","True"
"light","curated+wordle","278","True"
"ligne","wordle","","True"
"liked","curated+wordle","75","True"
"liken","wordle","","True"
"liker","wordle","","True"
"likes","wordle","","True"
"likin","wordle","","True"
"lilac","curated+wordle","7","True"
"lills","wordle","","True"
"lilos","wordle","","True"
"lilts","wordle","","True"
"liman","wordle","","True"
"limas","wordle","","True"
"limax","wordle","","True"
"limba","wordle","","True"
"limbi","wordle","","True"
"limbo","wordle","","True"
"limbs","curated+wordle","67","True"
"limby","wordle","","True"
"limed","wordle","","True"
"limen","wordle","","True"
"limes","wordle","","True"
"limey","wordle","","True"
"limit","wordle","","True"
"limma","wordle","","True"
"limns","wordle","","True"
"limos","wordle","","True"
"limpa","wordle","","True"
"limps","wordle","","True"
"linac","wordle","","True"
"linch","wordle","","True"
"linds","wordle","","True"
"lindy","wordle","","True"
"lined","curated+wordle","32","True"
"linen","wordle","","True"
"liner","wordle","","True"
"lines","curated+wordle","133","True"
"liney","wordle","","True"
"linga","wordle","","True"
"lingo","wordle","","True"
"lings","wordle","","True"
"lingy","wordle","","True"
"linin","wordle","","True"
"links","wordle","","True"
"linky","wordle","","True"
"linns","wordle","","True"
"linny","wordle","","True"
"linos","wordle","","True"
"lints","wordle","","True"
"linty","wordle","","True"
"linum","wordle","","True"
"linux","wordle","","True"
"lions","wordle","","True"
"lipas","wordle","","True"
"lipes","wordle","","True"
"lipid","wordle","","True"
"lipin","wordle","","True"
"lipos","wordle","","True"
"lippy","wordle","","True"
"liras","wordle","","True"
"lirks","wordle","","True"
"lirot","wordle","","True"
"lisks","wordle","","True"
"lisle","wordle","","True"
"lisps","wordle","","True"
"lists","wordle","","True"
"litai","wordle","","True"
"litas","wordle","","True"
"lited","wordle","","True"
"liter","wordle","","True"
"lites","wordle","","True"
"lithe","wordle","","True"
"litho","wordle","","True"
"liths","wordle","","True"
"litre","wordle","","True"
"lived","curated+wordle","113","True"
"liven","wordle","","True"
"liver","wordle","","True"
"lives","curated+wordle","60","True"
"livid","wordle","","True"
"livor","wordle","","True"
"livre","wordle","","True"
"llama","wordle","","True"
"llano","wordle","","True"
"loach","wordle","","True"
"loads","wordle","","True"
"loafs","wordle","","True"
"loams","wordle","","True"
"loamy","wordle","","True"
"loans","wordle","","True"
"loast","wordle","","True"
"loath","wordle","","True"
"loave","wordle","","True"
"lobar","wordle","","True"
"lobby","wordle","","True"
"lobed","wordle","","True"
"lobes","wordle","","True"
"lobos","wordle","","True"
"lobus","wordle","","True"
"local","curated+wordle","192","True"
"loche","wordle","","True"
"lochs","wordle","","True"
"locie","wordle","","True"
"locis","wordle","","True"
"locks","wordle","","True"
"locos","wordle","","True"
"locum","wordle","","True"
"locus","wordle","","True"
"loden","wordle","","True"
"lodes","wordle","","True"
"lodge","curated+wordle","86","True"
"loess","wordle","","True"
"lofts","wordle","","True"
"lofty","wordle","","True"
"logan","wordle","","True"
"loges","wordle","","True"
"loggy","wordle","","True"
"logia","wordle","","True"
"logic","curated+wordle","11","True"
"logie","wordle","","True"
"login","wordle","","True"
"logoi","wordle","","True"
"logon","wordle","","True"
"logos","wordle","","True"
"lohan","wordle","","True"
"loids","wordle","","True"
"loins","wordle","","True"
"loipe","wordle","","True"
"loirs","wordle","","True"
"lokes","wordle","","True"
"lolls","wordle","","True"
"lolly","wordle","","True"
"lolog","wordle","","True"
"lomas","wordle","","True"
"lomed","wordle","","True"
"lomes","wordle","","True"
"loner","wordle","","True"
"longa","wordle","","True"
"longe","wordle","","True"
"longs","wordle","","True"
"looby","wordle","","True"
"looed","wordle","","True"
"looey","wordle","","True"
"loofa","wordle","","True"
"loofs","wordle","","True"
"looie","wordle","","True"
"looks","wordle","","True"
"looky","wordle","","True"
"looms","wordle","","True"
"loons","wordle","","True"
"loony","wordle","","True"
"loops","wordle","","True"
"loopy","wordle","","True"
"loord","wordle","","True"
"loose","curated+wordle","90","True"
"loots","wordle","","True"
"loped","wordle","","True"
"loper","wordle","","True"
"lopes","wordle","","True"
"loppy","wordle","","True"
"loral","wordle","","True"
"loran","wordle","","True"
"lords","wordle","","True"
"lordy","wordle","","True"
"lorel","wordle","","True"
"lores","wordle","","True"
"loric","wordle","","True"
"loris","wordle","","True"
"lorry","wordle","","True"
"losed","wordle","","True"
"losel","wordle","","True"
"losen","wordle","","True"
"loser","wordle","","True"
"loses","wordle","","True"
"lossy","wordle","","True"
"lotah","wordle","","True"
"lotas","wordle","","True"
"lotes","wordle","","True"
"lotic","wordle","","True"
"lotos","wordle","","True"
"lotsa","wordle","","True"
"lotta","wordle","","True"
"lotte","wordle","","True"
"lotto","wordle","","True"
"lotus","wordle","","True"
"loued","wordle","","True"
"lough","wordle","","True"
"louie","wordle","","True"
"louis","wordle","","True"
"louma","wordle","","True"
"lound","wordle","","True"
"louns","wordle","","True"
"loupe","wordle","","True"
"loups","wordle","","True"
"loure","wordle","","True"
"lours","wordle","","True"
"loury","wordle","","True"
"louse","wordle","","True"
"lousy","wordle","","True"
"louts","wordle","","True"
"lovat","wordle","","True"
"loved","curated+wordle","128","True"
"lover","wordle","","True"
"loves","wordle","","True"
"lovey","wordle","","True"
"lovie","wordle","","True"
"lowan","wordle","","True"
"lowed","wordle","","True"
"lower","curated+wordle","196","True"
"lowes","wordle","","True"
"lowly","wordle","","True"
"lownd","wordle","","True"
"lowne","wordle","","True"
"lowns","wordle","","True"
"lowps","wordle","","True"
"lowry","wordle","","True"
"lowse","wordle","","True"
"lowts","wordle","","True"
"loxed","wordle","","True"
"loxes","wordle","","True"
"loyal","wordle","","True"
"lozen","wordle","","True"
"luach","wordle","","True"
"luaus","wordle","","True"
"lubed","wordle","","True"
"lubes","wordle","","True"
"lubra","wordle","","True"
"luces","wordle","","True"
"lucid","wordle","","True"
"lucks","wordle","","True"
"lucky","wordle","","True"
"lucre","wordle","","True"
"ludes","wordle","","True"
"ludic","wordle","","True"
"ludos","wordle","","True"
"luffa","wordle","","True"
"luffs","wordle","","True"
"luged","wordle","","True"
"luger","wordle","","True"
"luges","wordle","","True"
"lulls","wordle","","True"
"lulus","wordle","","True"
"lumas","wordle","","True"
"lumbi","wordle","","True"
"lumen","wordle","","True"
"lumme","wordle","","True"
"lummy","wordle","","True"
"lumps","wordle","","True"
"lumpy","wordle","","True"
"lunar","wordle","","True"
"lunas","wordle","","True"
"lunch","curated+wordle","17","True"
"lunes","wordle","","True"
"lunet","wordle","","True"
"lunge","wordle","","True"
"lungi","wordle","","True"
"lungs","wordle","","True"
"lunks","wordle","","True"
"lunts","wordle","","True"
"lupin","wordle","","True"
"lupus","wordle","","True"
"lurch","wordle","","True"
"lured","curated+wordle","6","True"
"lurer","wordle","","True"
"lures","wordle","","True"
"lurex","wordle","","True"
"lurgi","wordle","","True"
"lurgy","wordle","","True"
"lurid","wordle","","True"
"lurks","wordle","","True"
"lurry","wordle","","True"
"lurve","wordle","","True"
"luser","wordle","","True"
"lushy","wordle","","True"
"lusks","wordle","","True"
"lusts","wordle","","True"
"lusty","wordle","","True"
"lusus","wordle","","True"
"lutea","wordle","","True"
"luted","wordle","","True"
"luter","wordle","","True"
"lutes","wordle","","True"
"luvvy","wordle","","True"
"luxed","wordle","","True"
"luxer","wordle","","True"
"luxes","wordle","","True"
"lweis","wordle","","True"
"lyams","wordle","","True"
"lyard","wordle","","True"
"lyart","wordle","","True"
"lyase","wordle","","True"
"lycea","wordle","","True"
"lycee","wordle","","True"
"lycra","wordle","","True"
"lying","curated+wordle","118","True"
"lymes","wordle","","True"
"lymph","curated+wordle","194","True"
"lynes","wordle","","True"
"lyres","wordle","","True"
"lyric","wordle","","True"
"lysed","wordle","","True"
"lyses","wordle","","True"
"lysin","wordle","","True"
"lysis","wordle","","True"
"lysol","wordle","","True"
"lyssa","wordle","","True"
"lyted","wordle","","True"
"lytes","wordle","","True"
"lythe","wordle","","True"
"lytic","wordle","","True"
"lytta","wordle","","True"
"maaed","wordle","","True"
"maare","wordle","","True"
"maars","wordle","","True"
"mabes","wordle","","True"
"macas","wordle","","True"
"macaw","wordle","","True"
"maced","wordle","","True"
"macer","wordle","","True"
"maces","wordle","","True"
"mache","wordle","","True"
"machi","wordle","","True"
"macho","wordle","","True"
"machs","wordle","","True"
"macks","wordle","","True"
"macle","wordle","","True"
"macon","wordle","","True"
"macro","wordle","","True"
"madam","curated+wordle","23","True"
"madge","wordle","","True"
"madid","wordle","","True"
"madly","curated+wordle","7","True"
"madre","wordle","","True"
"maerl","wordle","","True"
"mafia","wordle","","True"
"mafic","wordle","","True"
"mages","wordle","","True"
"maggs","wordle","","True"
"magic","curated+wordle","10","True"
"magma","wordle","","True"
"magot","wordle","","True"
"magus","wordle","","True"
"mahoe","wordle","","True"
"mahua","wordle","","True"
"mahwa","wordle","","True"
"maids","curated+wordle","30","True"
"maiko","wordle","","True"
"maiks","wordle","","True"
"maile","wordle","","True"
"maill","wordle","","True"
"mails","wordle","","True"
"maims","wordle","","True"
"mains","wordle","","True"
"maire","wordle","","True"
"mairs","wordle","","True"
"maise","wordle","","True"
"maist","wordle","","True"
"maize","wordle","","True"
"major","curated+wordle","78","True"
"makar","wordle","","True"
"maker","curated+wordle","4","True"
"makes","curated+wordle","54","True"
"makis","wordle","","True"
"makos","wordle","","True"
"malam","wordle","","True"
"malar","wordle","","True"
"malas","wordle","","True"
"malax","wordle","","True"
"males","curated+wordle","17","True"
"malic","wordle","","True"
"malik","wordle","","True"
"malis","wordle","","True"
"malls","wordle","","True"
"malms","wordle","","True"
"malmy","wordle","","True"
"malts","wordle","","True"
"malty","wordle","","True"
"malus","wordle","","True"
"malva","wordle","","True"
"malwa","wordle","","True"
"mamas","wordle","","True"
"mamba","wordle","","True"
"mambo","wordle","","True"
"mamee","wordle","","True"
"mamey","wordle","","True"
"mamie","wordle","","True"
"mamma","wordle","","True"
"mammy","wordle","","True"
"manas","wordle","","True"
"manat","wordle","","True"
"mandi","wordle","","True"
"maneb","wordle","","True"
"maned","wordle","","True"
"maneh","wordle","","True"
"manes","wordle","","True"
"manet","wordle","","True"
"manga","wordle","","True"
"mange","wordle","","True"
"mango","wordle","","True"
"mangs","wordle","","True"
"mangy","wordle","","True"
"mania","curated+wordle","6","True"
"manic","wordle","","True"
"manis","wordle","","True"
"manky","wordle","","True"
"manly","wordle","","True"
"manna","wordle","","True"
"manor","wordle","","True"
"manos","wordle","","True"
"manse","wordle","","True"
"manta","wordle","","True"
"manto","wordle","","True"
"manty","wordle","","True"
"manul","wordle","","True"
"manus","wordle","","True"
"mapau","wordle","","True"
"maple","wordle","","True"
"maqui","wordle","","True"
"marae","wordle","","True"
"marah","wordle","","True"
"maras","wordle","","True"
"march","curated+wordle","135","True"
"marcs","wordle","","True"
"mardy","wordle","","True"
"mares","wordle","","True"
"marge","wordle","","True"
"margs","wordle","","True"
"maria","wordle","","True"
"marid","wordle","","True"
"marka","wordle","","True"
"marks","wordle","","True"
"marle","wordle","","True"
"marls","wordle","","True"
"marly","wordle","","True"
"marms","wordle","","True"
"maron","wordle","","True"
"maror","wordle","","True"
"marra","wordle","","True"
"marri","wordle","","True"
"marry","curated+wordle","95","True"
"marse","wordle","","True"
"marsh","wordle","","True"
"marts","wordle","","True"
"marvy","wordle","","True"
"masas","wordle","","True"
"mased","wordle","","True"
"maser","wordle","","True"
"mases","wordle","","True"
"mashy","wordle","","True"
"masks","wordle","","True"
"mason","wordle","","True"
"massa","wordle","","True"
"masse","wordle","","True"
"massy","wordle","","True"
"masts","wordle","","True"
"masty","wordle","","True"
"masus","wordle","","True"
"matai","wordle","","True"
"match","curated+wordle","41","True"
"mated","wordle","","True"
"mater","wordle","","True"
"mates","curated+wordle","4","True"
"matey","wordle","","True"
"maths","wordle","","True"
"matin","wordle","","True"
"matlo","wordle","","True"
"matte","wordle","","True"
"matts","wordle","","True"
"matza","wordle","","True"
"matzo","wordle","","True"
"mauby","wordle","","True"
"mauds","wordle","","True"
"mauls","wordle","","True"
"maund","wordle","","True"
"mauri","wordle","","True"
"mausy","wordle","","True"
"mauts","wordle","","True"
"mauve","wordle","","True"
"mauzy","wordle","","True"
"maven","wordle","","True"
"mavie","wordle","","True"
"mavin","wordle","","True"
"mavis","wordle","","True"
"mawed","wordle","","True"
"mawks","wordle","","True"
"mawky","wordle","","True"
"mawns","wordle","","True"
"mawrs","wordle","","True"
"maxed","wordle","","True"
"maxes","wordle","","True"
"maxim","wordle","","True"
"maxis","wordle","","True"
"mayan","wordle","","True"
"mayas","wordle","","True"
"maybe","curated+wordle","8","True"
"mayed","wordle","","True"
"mayor","wordle","","True"
"mayos","wordle","","True"
"mayst","wordle","","True"
"mazed","wordle","","True"
"mazer","wordle","","True"
"mazes","wordle","","True"
"mazey","wordle","","True"
"mazut","wordle","","True"
"mbira","wordle","","True"
"meads","wordle","","True"
"meals","curated+wordle","5","True"
"mealy","wordle","","True"
"meane","wordle","","True"
"means","curated+wordle","253","True"
"meant","curated+wordle","113","True"
"meany","wordle","","True"
"meare","wordle","","True"
"mease","wordle","","True"
"meath","wordle","","True"
"meats","wordle","","True"
"meaty","wordle","","True"
"mebos","wordle","","True"
"mecca","wordle","","True"
"mechs","wordle","","True"
"mecks","wordle","","True"
"medal","curated+wordle","4","True"
"media","curated+wordle","7","True"
"medic","wordle","","True"
"medii","wordle","","True"
"medle","wordle","","True"
"meeds","wordle","","True"
"meers","wordle","","True"
"meets","wordle","","True"
"meffs","wordle","","True"
"meins","wordle","","True"
"meint","wordle","","True"
"meiny","wordle","","True"
"meith","wordle","","True"
"mekka","wordle","","True"
"melas","wordle","","True"
"melba","wordle","","True"
"melds","wordle","","True"
"melee","wordle","","True"
"melic","wordle","","True"
"melik","wordle","","True"
"mells","wordle","","True"
"melon","wordle","","True"
"melts","wordle","","True"
"melty","wordle","","True"
"memes","wordle","","True"
"memos","wordle","","True"
"menad","wordle","","True"
"mends","wordle","","True"
"mened","wordle","","True"
"menes","wordle","","True"
"menge","wordle","","True"
"mengs","wordle","","True"
"mensa","wordle","","True"
"mense","wordle","","True"
"mensh","wordle","","True"
"menta","wordle","","True"
"mento","wordle","","True"
"menus","wordle","","True"
"meous","wordle","","True"
"meows","wordle","","True"
"merch","wordle","","True"
"mercs","wordle","","True"
"mercy","curated+wordle","42","True"
"merde","wordle","","True"
"mered","wordle","","True"
"merel","wordle","","True"
"merer","wordle","","True"
"meres","wordle","","True"
"merge","curated+wordle","6","True"
"meril","wordle","","True"
"meris","wordle","","True"
"merit","wordle","","True"
"merks","wordle","","True"
"merle","wordle","","True"
"merls","wordle","","True"
"merry","wordle","","True"
"merse","wordle","","True"
"mesal","wordle","","True"
"mesas","wordle","","True"
"mesel","wordle","","True"
"meses","wordle","","True"
"meshy","wordle","","True"
"mesic","wordle","","True"
"mesne","wordle","","True"
"meson","wordle","","True"
"messy","wordle","","True"
"mesto","wordle","","True"
"metal","curated+wordle","34","True"
"meted","wordle","","True"
"meter","wordle","","True"
"metes","wordle","","True"
"metho","wordle","","True"
"meths","wordle","","True"
"metic","wordle","","True"
"metif","wordle","","True"
"metis","wordle","","True"
"metol","wordle","","True"
"metre","wordle","","True"
"metro","wordle","","True"
"meuse","wordle","","True"
"meved","wordle","","True"
"meves","wordle","","True"
"mewed","wordle","","True"
"mewls","wordle","","True"
"meynt","wordle","","True"
"mezes","wordle","","True"
"mezze","wordle","","True"
"mezzo","wordle","","True"
"mhorr","wordle","","True"
"miaou","wordle","","True"
"miaow","wordle","","True"
"miasm","wordle","","True"
"miaul","wordle","","True"
"micas","wordle","","True"
"miche","wordle","","True"
"micht","wordle","","True"
"micks","wordle","","True"
"micky","wordle","","True"
"micos","wordle","","True"
"micra","wordle","","True"
"micro","wordle","","True"
"middy","wordle","","True"
"midge","wordle","","True"
"midgy","wordle","","True"
"midis","wordle","","True"
"midst","wordle","","True"
"miens","wordle","","True"
"mieve","wordle","","True"
"miffs","wordle","","True"
"miffy","wordle","","True"
"mifty","wordle","","True"
"miggs","wordle","","True"
"might","curated+wordle","536","True"
"mihas","wordle","","True"
"mihis","wordle","","True"
"miked","wordle","","True"
"mikes","wordle","","True"
"mikra","wordle","","True"
"mikva","wordle","","True"
"milch","wordle","","True"
"milds","wordle","","True"
"miler","wordle","","True"
"miles","curated+wordle","110","True"
"milfs","wordle","","True"
"milia","wordle","","True"
"milko","wordle","","True"
"milks","wordle","","True"
"milky","wordle","","True"
"mille","wordle","","True"
"mills","wordle","","True"
"milor","wordle","","True"
"milos","wordle","","True"
"milpa","wordle","","True"
"milts","wordle","","True"
"milty","wordle","","True"
"miltz","wordle","","True"
"mimed","wordle","","True"
"mimeo","wordle","","True"
"mimer","wordle","","True"
"mimes","wordle","","True"
"mimic","wordle","","True"
"mimsy","wordle","","True"
"minae","wordle","","True"
"minar","wordle","","True"
"minas","wordle","","True"
"mince","wordle","","True"
"mincy","wordle","","True"
"minds","wordle","","True"
"mined","curated+wordle","4","True"
"miner","wordle","","True"
"mines","wordle","","True"
"minge","wordle","","True"
"mings","wordle","","True"
"mingy","wordle","","True"
"minim","wordle","","True"
"minis","wordle","","True"
"minke","wordle","","True"
"minks","wordle","","True"
"minny","wordle","","True"
"minor","wordle","","True"
"minos","wordle","","True"
"mints","wordle","","True"
"minty","wordle","","True"
"minus","wordle","","True"
"mired","wordle","","True"
"mires","wordle","","True"
"mirex","wordle","","True"
"mirid","wordle","","True"
"mirin","wordle","","True"
"mirks","wordle","","True"
"mirky","wordle","","True"
"mirly","wordle","","True"
"miros","wordle","","True"
"mirth","wordle","","True"
"mirvs","wordle","","True"
"mirza","wordle","","True"
"misch","wordle","","True"
"misdo","wordle","","True"
"miser","wordle","","True"
"mises","wordle","","True"
"misgo","wordle","","True"
"misos","wordle","","True"
"missa","wordle","","True"
"missy","wordle","","True"
"mists","wordle","","True"
"misty","wordle","","True"
"mitch","wordle","","True"
"miter","wordle","","True"
"mites","wordle","","True"
"mitis","wordle","","True"
"mitre","wordle","","True"
"mitts","wordle","","True"
"mixed","curated+wordle","62","True"
"mixen","wordle","","True"
"mixer","wordle","","True"
"mixes","wordle","","True"
"mixte","wordle","","True"
"mixup","wordle","","True"
"mizen","wordle","","True"
"mizzy","wordle","","True"
"mneme","wordle","","True"
"moans","wordle","","True"
"moats","wordle","","True"
"mobby","wordle","","True"
"mobes","wordle","","True"
"mobey","wordle","","True"
"mobie","wordle","","True"
"moble","wordle","","True"
"mocha","wordle","","True"
"mochi","wordle","","True"
"mochs","wordle","","True"
"mochy","wordle","","True"
"mocks","wordle","","True"
"modal","wordle","","True"
"model","curated+wordle","13","True"
"modem","wordle","","True"
"moder","wordle","","True"
"modes","wordle","","True"
"modge","wordle","","True"
"modii","wordle","","True"
"modus","wordle","","True"
"moers","wordle","","True"
"mofos","wordle","","True"
"moggy","wordle","","True"
"mogul","wordle","","True"
"mohel","wordle","","True"
"mohos","wordle","","True"
"mohrs","wordle","","True"
"mohua","wordle","","True"
"mohur","wordle","","True"
"moile","wordle","","True"
"moils","wordle","","True"
"moira","wordle","","True"
"moire","wordle","","True"
"moist","wordle","","True"
"moits","wordle","","True"
"mojos","wordle","","True"
"mokes","wordle","","True"
"mokis","wordle","","True"
"mokos","wordle","","True"
"molal","wordle","","True"
"molar","wordle","","True"
"molas","wordle","","True"
"molds","wordle","","True"
"moldy","wordle","","True"
"moled","wordle","","True"
"moles","wordle","","True"
"molla","wordle","","True"
"molls","wordle","","True"
"molly","wordle","","True"
"molto","wordle","","True"
"molts","wordle","","True"
"molys","wordle","","True"
"momes","wordle","","True"
"momma","wordle","","True"
"mommy","wordle","","True"
"momus","wordle","","True"
"monad","wordle","","True"
"monal","wordle","","True"
"monas","wordle","","True"
"monde","wordle","","True"
"mondo","wordle","","True"
"moner","wordle","","True"
"money","curated+wordle","326","True"
"mongo","wordle","","True"
"mongs","wordle","","True"
"monic","wordle","","True"
"monie","wordle","","True"
"monks","wordle","","True"
"monos","wordle","","True"
"monte","wordle","","True"
"month","curated+wordle","64","True"
"monty","wordle","","True"
"moobs","wordle","","True"
"mooch","wordle","","True"
"moods","wordle","","True"
"moody","wordle","","True"
"mooed","wordle","","True"
"mooks","wordle","","True"
"moola","wordle","","True"
"mooli","wordle","","True"
"mools","wordle","","True"
"mooly","wordle","","True"
"moong","wordle","","True"
"moons","wordle","","True"
"moony","wordle","","True"
"moops","wordle","","True"
"moors","wordle","","True"
"moory","wordle","","True"
"moose","wordle","","True"
"moots","wordle","","True"
"moove","wordle","","True"
"moped","wordle","","True"
"moper","wordle","","True"
"mopes","wordle","","True"
"mopey","wordle","","True"
"moppy","wordle","","True"
"mopsy","wordle","","True"
"mopus","wordle","","True"
"morae","wordle","","True"
"moral","wordle","","True"
"moras","wordle","","True"
"morat","wordle","","True"
"moray","wordle","","True"
"morel","wordle","","True"
"mores","wordle","","True"
"moria","wordle","","True"
"morne","wordle","","True"
"morns","wordle","","True"
"moron","wordle","","True"
"morph","wordle","","True"
"morra","wordle","","True"
"morro","wordle","","True"
"morse","wordle","","True"
"morts","wordle","","True"
"mosed","wordle","","True"
"moses","wordle","","True"
"mosey","wordle","","True"
"mosks","wordle","","True"
"mosso","wordle","","True"
"mossy","wordle","","True"
"moste","wordle","","True"
"mosts","wordle","","True"
"moted","wordle","","True"
"motel","wordle","","True"
"moten","wordle","","True"
"motes","wordle","","True"
"motet","wordle","","True"
"motey","wordle","","True"
"moths","wordle","","True"
"mothy","wordle","","True"
"motif","wordle","","True"
"motis","wordle","","True"
"motor","wordle","","True"
"motte","wordle","","True"
"motto","wordle","","True"
"motts","wordle","","True"
"motty","wordle","","True"
"motus","wordle","","True"
"motza","wordle","","True"
"mouch","wordle","","True"
"moues","wordle","","True"
"mould","wordle","","True"
"mouls","wordle","","True"
"moult","wordle","","True"
"mound","wordle","","True"
"mount","wordle","","True"
"moups","wordle","","True"
"mourn","wordle","","True"
"mouse","wordle","","True"
"moust","wordle","","True"
"mousy","wordle","","True"
"mouth","curated+wordle","164","True"
"moved","curated+wordle","248","True"
"mover","wordle","","True"
"moves","wordle","","True"
"movie","wordle","","True"
"mowas","wordle","","True"
"mowed","wordle","","True"
"mower","wordle","","True"
"mowra","wordle","","True"
"moxas","wordle","","True"
"moxie","wordle","","True"
"moyas","wordle","","True"
"moyle","wordle","","True"
"moyls","wordle","","True"
"mozed","wordle","","True"
"mozes","wordle","","True"
"mozos","wordle","","True"
"mpret","wordle","","True"
"mucho","wordle","","True"
"mucic","wordle","","True"
"mucid","wordle","","True"
"mucin","wordle","","True"
"mucks","wordle","","True"
"mucky","wordle","","True"
"mucor","wordle","","True"
"mucro","wordle","","True"
"mucus","wordle","","True"
"muddy","curated+wordle","19","True"
"mudge","wordle","","True"
"mudir","wordle","","True"
"mudra","wordle","","True"
"muffs","wordle","","True"
"mufti","wordle","","True"
"mugga","wordle","","True"
"muggs","wordle","","True"
"muggy","wordle","","True"
"muhly","wordle","","True"
"muids","wordle","","True"
"muils","wordle","","True"
"muirs","wordle","","True"
"muist","wordle","","True"
"mujik","wordle","","True"
"mulch","wordle","","True"
"mulct","wordle","","True"
"muled","wordle","","True"
"mules","wordle","","True"
"muley","wordle","","True"
"mulga","wordle","","True"
"mulie","wordle","","True"
"mulla","wordle","","True"
"mulls","wordle","","True"
"mulse","wordle","","True"
"mulsh","wordle","","True"
"mumms","wordle","","True"
"mummy","wordle","","True"
"mumps","wordle","","True"
"mumsy","wordle","","True"
"mumus","wordle","","True"
"munch","wordle","","True"
"munga","wordle","","True"
"munge","wordle","","True"
"mungo","wordle","","True"
"mungs","wordle","","True"
"munis","wordle","","True"
"munts","wordle","","True"
"muntu","wordle","","True"
"muons","wordle","","True"
"mural","wordle","","True"
"muras","wordle","","True"
"mured","wordle","","True"
"mures","wordle","","True"
"murex","wordle","","True"
"murid","wordle","","True"
"murks","wordle","","True"
"murky","wordle","","True"
"murls","wordle","","True"
"murly","wordle","","True"
"murra","wordle","","True"
"murre","wordle","","True"
"murri","wordle","","True"
"murrs","wordle","","True"
"murry","wordle","","True"
"murti","wordle","","True"
"murva","wordle","","True"
"musar","wordle","","True"
"musca","wordle","","True"
"mused","wordle","","True"
"muser","wordle","","True"
"muses","wordle","","True"
"muset","wordle","","True"
"musha","wordle","","True"
"mushy","wordle","","True"
"music","wordle","","True"
"musit","wordle","","True"
"musks","wordle","","True"
"musky","wordle","","True"
"musos","wordle","","True"
"musse","wordle","","True"
"mussy","wordle","","True"
"musth","wordle","","True"
"musts","wordle","","True"
"musty","wordle","","True"
"mutch","wordle","","True"
"muted","wordle","","True"
"muter","wordle","","True"
"mutes","wordle","","True"
"mutha","wordle","","True"
"mutis","wordle","","True"
"muton","wordle","","True"
"mutts","wordle","","True"
"muxed","wordle","","True"
"muxes","wordle","","True"
"muzak","wordle","","True"
"muzzy","wordle","","True"
"mvule","wordle","","True"
"myall","wordle","","True"
"mylar","wordle","","True"
"mynah","wordle","","True"
"mynas","wordle","","True"
"myoid","wordle","","True"
"myoma","wordle","","True"
"myope","wordle","","True"
"myops","wordle","","True"
"myopy","wordle","","True"
"myrrh","wordle","","True"
"mysid","wordle","","True"
"mythi","wordle","","True"
"myths","wordle","","True"
"mythy","wordle","","True"
"myxos","wordle","","True"
"mzees","wordle","","True"
"naams","wordle","","True"
"naans","wordle","","True"
"nabes","wordle","","True"
"nabis","wordle","","True"
"nabks","wordle","","True"
"nabla","wordle","","True"
"nabob","wordle","","True"
"nache","wordle","","True"
"nacho","wordle","","True"
"nacre","wordle","","True"
"nadas","wordle","","True"
"nadir","wordle","","True"
"naeve","wordle","","True"
"naevi","wordle","","True"
"naffs","wordle","","True"
"nagas","wordle","","True"
"naggy","wordle","","True"
"nagor","wordle","","True"
"nahal","wordle","","True"
"naiad","wordle","","True"
"naifs","wordle","","True"
"naiks","wordle","","True"
"nails","wordle","","True"
"naira","wordle","","True"
"nairu","wordle","","True"
"naive","curated+wordle","25","True"
"naked","curated+wordle","25","True"
"naker","wordle","","True"
"nakfa","wordle","","True"
"nalas","wordle","","True"
"naled","wordle","","True"
"nalla","wordle","","True"
"named","curated+wordle","38","True"
"namer","wordle","","True"
"names","curated+wordle","29","True"
"namma","wordle","","True"
"namus","wordle","","True"
"nanas","wordle","","True"
"nance","wordle","","True"
"nancy","wordle","","True"
"nandu","wordle","","True"
"nanna","wordle","","True"
"nanny","wordle","","True"
"nanos","wordle","","True"
"nanua","wordle","","True"
"napas","wordle","","True"
"naped","wordle","","True"
"napes","wordle","","True"
"napoo","wordle","","True"
"nappa","wordle","","True"
"nappe","wordle","","True"
"nappy","wordle","","True"
"naras","wordle","","True"
"narco","wordle","","True"
"narcs","wordle","","True"
"nards","wordle","","True"
"nares","wordle","","True"
"naric","wordle","","True"
"naris","wordle","","True"
"narks","wordle","","True"
"narky","wordle","","True"
"narre","wordle","","True"
"nasal","curated+wordle","21","True"
"nashi","wordle","","True"
"nasty","wordle","","True"
"natal","wordle","","True"
"natch","wordle","","True"
"nates","wordle","","True"
"natis","wordle","","True"
"natty","wordle","","True"
"nauch","wordle","","True"
"naunt","wordle","","True"
"naval","curated+wordle","41","True"
"navar","wordle","","True"
"navel","wordle","","True"
"naves","wordle","","True"
"navew","wordle","","True"
"navvy","wordle","","True"
"nawab","wordle","","True"
"nazes","wordle","","True"
"nazir","wordle","","True"
"nazis","wordle","","True"
"nduja","wordle","","True"
"neafe","wordle","","True"
"neals","wordle","","True"
"neaps","wordle","","True"
"nears","wordle","","True"
"neath","wordle","","True"
"neats","wordle","","True"
"nebek","wordle","","True"
"nebel","wordle","","True"
"necks","curated+wordle","8","True"
"neddy","wordle","","True"
"needs","curated+wordle","43","True"
"needy","wordle","","True"
"neeld","wordle","","True"
"neele","wordle","","True"
"neemb","wordle","","True"
"neems","wordle","","True"
"neeps","wordle","","True"
"neese","wordle","","True"
"neeze","wordle","","True"
"negro","wordle","","True"
"negus","wordle","","True"
"neifs","wordle","","True"
"neigh","wordle","","True"
"neist","wordle","","True"
"neive","wordle","","True"
"nelis","wordle","","True"
"nelly","wordle","","True"
"nemas","wordle","","True"
"nemns","wordle","","True"
"nempt","wordle","","True"
"nenes","wordle","","True"
"neons","wordle","","True"
"neper","wordle","","True"
"nepit","wordle","","True"
"neral","wordle","","True"
"nerds","wordle","","True"
"nerdy","wordle","","True"
"nerka","wordle","","True"
"nerks","wordle","","True"
"nerol","wordle","","True"
"nerts","wordle","","True"
"nertz","wordle","","True"
"nerve","curated+wordle","324","True"
"nervy","wordle","","True"
"nests","wordle","","True"
"netes","wordle","","True"
"netop","wordle","","True"
"netts","wordle","","True"
"netty","wordle","","True"
"neuks","wordle","","True"
"neume","wordle","","True"
"neums","wordle","","True"
"nevel","wordle","","True"
"never","curated+wordle","593","True"
"neves","wordle","","True"
"nevus","wordle","","True"
"newbs","wordle","","True"
"newed","wordle","","True"
"newel","wordle","","True"
"newer","wordle","","True"
"newie","wordle","","True"
"newly","wordle","","True"
"newsy","wordle","","True"
"newts","wordle","","True"
"nexts","wordle","","True"
"nexus","wordle","","True"
"ngaio","wordle","","True"
"ngana","wordle","","True"
"ngati","wordle","","True"
"ngoma","wordle","","True"
"ngwee","wordle","","True"
"nicad","wordle","","True"
"nicer","wordle","","True"
"niche","wordle","","True"
"nicht","wordle","","True"
"nicks","wordle","","True"
"nicol","wordle","","True"
"nidal","wordle","","True"
"nided","wordle","","True"
"nides","wordle","","True"
"nidor","wordle","","True"
"nidus","wordle","","True"
"niece","curated+wordle","21","True"
"niefs","wordle","","True"
"nieve","wordle","","True"
"nifes","wordle","","True"
"niffs","wordle","","True"
"niffy","wordle","","True"
"nifty","wordle","","True"
"niger","wordle","","True"
"nighs","wordle","","True"
"night","curated+wordle","385","True"
"nihil","wordle","","True"
"nikab","wordle","","True"
"nikah","wordle","","True"
"nikau","wordle","","True"
"nills","wordle","","True"
"nimbi","wordle","","True"
"nimbs","wordle","","True"
"nimps","wordle","","True"
"niner","wordle","","True"
"nines","wordle","","True"
"ninja","wordle","","True"
"ninny","wordle","","True"
"ninon","wordle","","True"
"ninth","wordle","","True"
"nipas","wordle","","True"
"nippy","wordle","","True"
"niqab","wordle","","True"
"nirls","wordle","","True"
"nirly","wordle","","True"
"nisei","wordle","","True"
"nisse","wordle","","True"
"nisus","wordle","","True"
"niter","wordle","","True"
"nites","wordle","","True"
"nitid","wordle","","True"
"niton","wordle","","True"
"nitre","wordle","","True"
"nitro","wordle","","True"
"nitry","wordle","","True"
"nitty","wordle","","True"
"nival","wordle","","True"
"nixed","wordle","","True"
"nixer","wordle","","True"
"nixes","wordle","","True"
"nixie","wordle","","True"
"nizam","wordle","","True"
"nkosi","wordle","","True"
"noahs","wordle","","True"
"nobby","wordle","","True"
"noble","curated+wordle","48","True"
"nobly","wordle","","True"
"nocks","wordle","","True"
"nodal","wordle","","True"
"noddy","wordle","","True"
"nodes","curated+wordle","9","True"
"nodus","wordle","","True"
"noels","wordle","","True"
"noggs","wordle","","True"
"nohow","wordle","","True"
"noils","wordle","","True"
"noily","wordle","","True"
"noint","wordle","","True"
"noirs","wordle","","True"
"noise","wordle","","True"
"noisy","wordle","","True"
"noles","wordle","","True"
"nolls","wordle","","True"
"nolos","wordle","","True"
"nomad","wordle","","True"
"nomas","wordle","","True"
"nomen","wordle","","True"
"nomes","wordle","","True"
"nomic","wordle","","True"
"nomoi","wordle","","True"
"nomos","wordle","","True"
"nonas","wordle","","True"
"nonce","wordle","","True"
"nones","wordle","","True"
"nonet","wordle","","True"
"nongs","wordle","","True"
"nonis","wordle","","True"
"nonny","wordle","","True"
"nonyl","wordle","","True"
"noobs","wordle","","True"
"nooit","wordle","","True"
"nooks","wordle","","True"
"nooky","wordle","","True"
"noons","wordle","","True"
"noops","wordle","","True"
"noose","wordle","","True"
"nopal","wordle","","True"
"noria","wordle","","True"
"noris","wordle","","True"
"norks","wordle","","True"
"norma","wordle","","True"
"norms","wordle","","True"
"north","curated+wordle","227","True"
"nosed","curated+wordle","11","True"
"noser","wordle","","True"
"noses","wordle","","True"
"nosey","wordle","","True"
"notal","wordle","","True"
"notch","wordle","","True"
"noted","curated+wordle","17","True"
"noter","wordle","","True"
"notes","curated+wordle","64","True"
"notum","wordle","","True"
"nould","wordle","","True"
"noule","wordle","","True"
"nouls","wordle","","True"
"nouns","wordle","","True"
"nouny","wordle","","True"
"noups","wordle","","True"
"novae","wordle","","True"
"novas","wordle","","True"
"novel","wordle","","True"
"novum","wordle","","True"
"noway","wordle","","True"
"nowed","wordle","","True"
"nowls","wordle","","True"
"nowts","wordle","","True"
"nowty","wordle","","True"
"noxal","wordle","","True"
"noxes","wordle","","True"
"noyau","wordle","","True"
"noyed","wordle","","True"
"noyes","wordle","","True"
"nubby","wordle","","True"
"nubia","wordle","","True"
"nucha","wordle","","True"
"nuddy","wordle","","True"
"nuder","wordle","","True"
"nudes","wordle","","True"
"nudge","wordle","","True"
"nudie","wordle","","True"
"nudzh","wordle","","True"
"nuffs","wordle","","True"
"nugae","wordle","","True"
"nuked","wordle","","True"
"nukes","wordle","","True"
"nulla","wordle","","True"
"nulls","wordle","","True"
"numbs","wordle","","True"
"numen","wordle","","True"
"nummy","wordle","","True"
"nunny","wordle","","True"
"nurds","wordle","","True"
"nurdy","wordle","","True"
"nurls","wordle","","True"
"nurrs","wordle","","True"
"nurse","curated+wordle","70","True"
"nutso","wordle","","True"
"nutsy","wordle","","True"
"nutty","wordle","","True"
"nyaff","wordle","","True"
"nyala","wordle","","True"
"nying","wordle","","True"
"nylon","wordle","","True"
"nymph","wordle","","True"
"nyssa","wordle","","True"
"oaked","wordle","","True"
"oaken","wordle","","True"
"oaker","wordle","","True"
"oakum","wordle","","True"
"oared","wordle","","True"
"oases","wordle","","True"
"oasis","wordle","","True"
"oasts","wordle","","True"
"oaten","wordle","","True"
"oater","wordle","","True"
"oaths","curated+wordle","5","True"
"oaves","wordle","","True"
"obang","wordle","","True"
"obeah","wordle","","True"
"obeli","wordle","","True"
"obese","wordle","","True"
"obeys","wordle","","True"
"obias","wordle","","True"
"obied","wordle","","True"
"obiit","wordle","","True"
"obits","wordle","","True"
"objet","wordle","","True"
"oboes","wordle","","True"
"obole","wordle","","True"
"oboli","wordle","","True"
"obols","wordle","","True"
"occam","wordle","","True"
"occur","curated+wordle","203","True"
"ocean","curated+wordle","14","True"
"ocher","wordle","","True"
"oches","wordle","","True"
"ochre","wordle","","True"
"ochry","wordle","","True"
"ocker","wordle","","True"
"ocrea","wordle","","True"
"octad","wordle","","True"
"octal","wordle","","True"
"octan","wordle","","True"
"octas","wordle","","True"
"octet","wordle","","True"
"octyl","wordle","","True"
"oculi","wordle","","True"
"odahs","wordle","","True"
"odals","wordle","","True"
"odder","wordle","","True"
"oddly","wordle","","True"
"odeon","wordle","","True"
"odeum","wordle","","True"
"odism","wordle","","True"
"odist","wordle","","True"
"odium","wordle","","True"
"odors","wordle","","True"
"odour","wordle","","True"
"odyle","wordle","","True"
"odyls","wordle","","True"
"ofays","wordle","","True"
"offal","wordle","","True"
"offed","wordle","","True"
"offer","curated+wordle","57","True"
"offie","wordle","","True"
"oflag","wordle","","True"
"often","curated+wordle","443","True"
"ofter","wordle","","True"
"ogams","wordle","","True"
"ogeed","wordle","","True"
"ogees","wordle","","True"
"oggin","wordle","","True"
"ogham","wordle","","True"
"ogive","wordle","","True"
"ogled","wordle","","True"
"ogler","wordle","","True"
"ogles","wordle","","True"
"ogmic","wordle","","True"
"ogres","wordle","","True"
"ohias","wordle","","True"
"ohing","wordle","","True"
"ohmic","wordle","","True"
"ohone","wordle","","True"
"oidia","wordle","","True"
"oiled","wordle","","True"
"oiler","wordle","","True"
"oinks","wordle","","True"
"oints","wordle","","True"
"ojime","wordle","","True"
"okapi","wordle","","True"
"okays","wordle","","True"
"okehs","wordle","","True"
"okras","wordle","","True"
"oktas","wordle","","True"
"olden","wordle","","True"
"older","curated+wordle","45","True"
"oldie","wordle","","True"
"oleic","wordle","","True"
"olein","wordle","","True"
"olent","wordle","","True"
"oleos","wordle","","True"
"oleum","wordle","","True"
"olios","wordle","","True"
"olive","wordle","","True"
"ollas","wordle","","True"
"ollav","wordle","","True"
"oller","wordle","","True"
"ollie","wordle","","True"
"ology","wordle","","True"
"olpae","wordle","","True"
"olpes","wordle","","True"
"omasa","wordle","","True"
"omber","wordle","","True"
"ombre","wordle","","True"
"ombus","wordle","","True"
"omega","wordle","","True"
"omens","wordle","","True"
"omers","wordle","","True"
"omits","wordle","","True"
"omlah","wordle","","True"
"omovs","wordle","","True"
"omrah","wordle","","True"
"oncer","wordle","","True"
"onces","wordle","","True"
"oncet","wordle","","True"
"oncus","wordle","","True"
"onely","wordle","","True"
"oners","wordle","","True"
"onery","wordle","","True"
"onion","wordle","","True"
"onium","wordle","","True"
"onkus","wordle","","True"
"onlay","wordle","","True"
"onned","wordle","","True"
"onset","wordle","","True"
"ontic","wordle","","True"
"oobit","wordle","","True"
"oohed","wordle","","True"
"oomph","wordle","","True"
"oonts","wordle","","True"
"ooped","wordle","","True"
"oorie","wordle","","True"
"ooses","wordle","","True"
"ootid","wordle","","True"
"oozed","wordle","","True"
"oozes","wordle","","True"
"opahs","wordle","","True"
"opals","wordle","","True"
"opens","wordle","","True"
"opepe","wordle","","True"
"opera","curated+wordle","11","True"
"opine","wordle","","True"
"oping","wordle","","True"
"opium","wordle","","True"
"oppos","wordle","","True"
"opsin","wordle","","True"
"opted","wordle","","True"
"opter","wordle","","True"
"optic","wordle","","True"
"orach","wordle","","True"
"oracy","wordle","","True"
"orals","wordle","","True"
"orang","wordle","","True"
"orant","wordle","","True"
"orate","wordle","","True"
"orbed","wordle","","True"
"orbit","wordle","","True"
"orcas","wordle","","True"
"orcin","wordle","","True"
"order","curated+wordle","404","True"
"ordos","wordle","","True"
"oread","wordle","","True"
"orfes","wordle","","True"
"organ","curated+wordle","16","True"
"orgia","wordle","","True"
"orgic","wordle","","True"
"orgue","wordle","","True"
"oribi","wordle","","True"
"oriel","wordle","","True"
"orixa","wordle","","True"
"orles","wordle","","True"
"orlon","wordle","","True"
"orlop","wordle","","True"
"ormer","wordle","","True"
"ornis","wordle","","True"
"orpin","wordle","","True"
"orris","wordle","","True"
"ortho","wordle","","True"
"orval","wordle","","True"
"orzos","wordle","","True"
"oscar","wordle","","True"
"oshac","wordle","","True"
"osier","wordle","","True"
"osmic","wordle","","True"
"osmol","wordle","","True"
"ossia","wordle","","True"
"ostia","wordle","","True"
"otaku","wordle","","True"
"otary","wordle","","True"
"other","curated+wordle","1502","True"
"ottar","wordle","","True"
"otter","wordle","","True"
"ottos","wordle","","True"
"oubit","wordle","","True"
"oucht","wordle","","True"
"ouens","wordle","","True"
"ought","curated+wordle","115","True"
"ouija","wordle","","True"
"oulks","wordle","","True"
"oumas","wordle","","True"
"ounce","curated+wordle","13","True"
"oundy","wordle","","True"
"oupas","wordle","","True"
"ouped","wordle","","True"
"ouphe","wordle","","True"
"ouphs","wordle","","True"
"ourie","wordle","","True"
"ousel","wordle","","True"
"ousts","wordle","","True"
"outby","wordle","","True"
"outdo","wordle","","True"
"outed","wordle","","True"
"outer","wordle","","True"
"outgo","wordle","","True"
"outre","wordle","","True"
"outro","wordle","","True"
"outta","wordle","","True"
"ouzel","wordle","","True"
"ouzos","wordle","","True"
"ovals","wordle","","True"
"ovary","wordle","","True"
"ovate","wordle","","True"
"ovels","wordle","","True"
"ovens","wordle","","True"
"overs","wordle","","True"
"overt","wordle","","True"
"ovine","wordle","","True"
"ovist","wordle","","True"
"ovoid","wordle","","True"
"ovoli","wordle","","True"
"ovolo","wordle","","True"
"ovule","wordle","","True"
"owche","wordle","","True"
"owies","wordle","","True"
"owing","wordle","","True"
"owled","wordle","","True"
"owler","wordle","","True"
"owlet","wordle","","True"
"owned","curated+wordle","17","True"
"owner","wordle","","True"
"owres","wordle","","True"
"owrie","wordle","","True"
"owsen","wordle","","True"
"oxbow","wordle","","True"
"oxers","wordle","","True"
"oxeye","wordle","","True"
"oxide","wordle","","True"
"oxids","wordle","","True"
"oxies","wordle","","True"
"oxime","wordle","","True"
"oxims","wordle","","True"
"oxlip","wordle","","True"
"oxter","wordle","","True"
"oyers","wordle","","True"
"ozeki","wordle","","True"
"ozone","wordle","","True"
"ozzie","wordle","","True"
"paals","wordle","","True"
"paans","wordle","","True"
"pacas","wordle","","True"
"paced","curated+wordle","36","True"
"pacer","wordle","","True"
"paces","curated+wordle","38","True"
"pacey","wordle","","True"
"pacha","wordle","","True"
"packs","curated+wordle","7","True"
"pacos","wordle","","True"
"pacta","wordle","","True"
"pacts","wordle","","True"
"paddy","wordle","","True"
"padis","wordle","","True"
"padle","wordle","","True"
"padma","wordle","","True"
"padre","wordle","","True"
"padri","wordle","","True"
"paean","wordle","","True"
"paedo","wordle","","True"
"paeon","wordle","","True"
"pagan","wordle","","True"
"paged","wordle","","True"
"pager","wordle","","True"
"pages","curated+wordle","18","True"
"pagle","wordle","","True"
"pagod","wordle","","True"
"pagri","wordle","","True"
"paiks","wordle","","True"
"pails","wordle","","True"
"pains","wordle","","True"
"paint","wordle","","True"
"paire","wordle","","True"
"pairs","wordle","","True"
"paisa","wordle","","True"
"paise","wordle","","True"
"pakka","wordle","","True"
"palas","wordle","","True"
"palay","wordle","","True"
"palea","wordle","","True"
"paled","wordle","","True"
"paler","wordle","","True"
"pales","wordle","","True"
"palet","wordle","","True"
"palis","wordle","","True"
"palki","wordle","","True"
"palla","wordle","","True"
"palls","wordle","","True"
"pally","wordle","","True"
"palms","wordle","","True"
"palmy","wordle","","True"
"palpi","wordle","","True"
"palps","wordle","","True"
"palsa","wordle","","True"
"palsy","wordle","","True"
"pampa","wordle","","True"
"panax","wordle","","True"
"pance","wordle","","True"
"panda","wordle","","True"
"pands","wordle","","True"
"pandy","wordle","","True"
"paned","wordle","","True"
"panel","curated+wordle","6","True"
"panes","wordle","","True"
"panga","wordle","","True"
"pangs","wordle","","True"
"panic","curated+wordle","20","True"
"panim","wordle","","True"
"panko","wordle","","True"
"panne","wordle","","True"
"panni","wordle","","True"
"pansy","wordle","","True"
"panto","wordle","","True"
"pants","wordle","","True"
"panty","wordle","","True"
"paoli","wordle","","True"
"paolo","wordle","","True"
"papal","wordle","","True"
"papas","wordle","","True"
"papaw","wordle","","True"
"paper","curated+wordle","177","True"
"papes","wordle","","True"
"pappi","wordle","","True"
"pappy","wordle","","True"
"parae","wordle","","True"
"paras","wordle","","True"
"parch","wordle","","True"
"pardi","wordle","","True"
"pards","wordle","","True"
"pardy","wordle","","True"
"pared","wordle","","True"
"paren","wordle","","True"
"pareo","wordle","","True"
"parer","wordle","","True"
"pares","wordle","","True"
"pareu","wordle","","True"
"parev","wordle","","True"
"parge","wordle","","True"
"pargo","wordle","","True"
"paris","wordle","","True"
"parka","wordle","","True"
"parki","wordle","","True"
"parks","wordle","","True"
"parky","wordle","","True"
"parle","wordle","","True"
"parly","wordle","","True"
"parma","wordle","","True"
"parol","wordle","","True"
"parps","wordle","","True"
"parra","wordle","","True"
"parrs","wordle","","True"
"parry","wordle","","True"
"parse","wordle","","True"
"parti","wordle","","True"
"parts","curated+wordle","296","True"
"party","curated+wordle","298","True"
"parve","wordle","","True"
"parvo","wordle","","True"
"paseo","wordle","","True"
"pases","wordle","","True"
"pasha","wordle","","True"
"pashm","wordle","","True"
"paska","wordle","","True"
"paspy","wordle","","True"
"passe","wordle","","True"
"pasta","wordle","","True"
"paste","curated+wordle","11","True"
"pasts","wordle","","True"
"pasty","wordle","","True"
"patch","curated+wordle","14","True"
"pated","wordle","","True"
"paten","wordle","","True"
"pater","wordle","","True"
"pates","wordle","","True"
"paths","curated+wordle","9","True"
"patin","wordle","","True"
"patio","wordle","","True"
"patka","wordle","","True"
"patly","wordle","","True"
"patsy","wordle","","True"
"patte","wordle","","True"
"patty","wordle","","True"
"patus","wordle","","True"
"pauas","wordle","","True"
"pauls","wordle","","True"
"pause","curated+wordle","40","True"
"pavan","wordle","","True"
"paved","wordle","","True"
"paven","wordle","","True"
"paver","wordle","","True"
"paves","wordle","","True"
"pavid","wordle","","True"
"pavin","wordle","","True"
"pavis","wordle","","True"
"pawas","wordle","","True"
"pawaw","wordle","","True"
"pawed","wordle","","True"
"pawer","wordle","","True"
"pawks","wordle","","True"
"pawky","wordle","","True"
"pawls","wordle","","True"
"pawns","wordle","","True"
"paxes","wordle","","True"
"payed","wordle","","True"
"payee","wordle","","True"
"payer","wordle","","True"
"payor","wordle","","True"
"paysd","wordle","","True"
"peace","curated+wordle","227","True"
"peach","wordle","","True"
"peage","wordle","","True"
"peags","wordle","","True"
"peaks","wordle","","True"
"peaky","wordle","","True"
"peals","wordle","","True"
"peans","wordle","","True"
"peare","wordle","","True"
"pearl","curated+wordle","4","True"
"pears","wordle","","True"
"peart","wordle","","True"
"pease","wordle","","True"
"peats","wordle","","True"
"peaty","wordle","","True"
"peavy","wordle","","True"
"peaze","wordle","","True"
"pebas","wordle","","True"
"pecan","wordle","","True"
"pechs","wordle","","True"
"pecke","wordle","","True"
"pecks","wordle","","True"
"pecky","wordle","","True"
"pedal","wordle","","True"
"pedes","wordle","","True"
"pedis","wordle","","True"
"pedro","wordle","","True"
"peece","wordle","","True"
"peeks","wordle","","True"
"peels","wordle","","True"
"peens","wordle","","True"
"peeoy","wordle","","True"
"peepe","wordle","","True"
"peeps","wordle","","True"
"peers","wordle","","True"
"peery","wordle","","True"
"peeve","wordle","","True"
"peggy","wordle","","True"
"peghs","wordle","","True"
"peins","wordle","","True"
"peise","wordle","","True"
"peize","wordle","","True"
"pekan","wordle","","True"
"pekes","wordle","","True"
"pekin","wordle","","True"
"pekoe","wordle","","True"
"pelas","wordle","","True"
"pelau","wordle","","True"
"peles","wordle","","True"
"pelfs","wordle","","True"
"pells","wordle","","True"
"pelma","wordle","","True"
"pelon","wordle","","True"
"pelta","wordle","","True"
"pelts","wordle","","True"
"penal","wordle","","True"
"pence","wordle","","True"
"pends","wordle","","True"
"pendu","wordle","","True"
"pened","wordle","","True"
"penes","wordle","","True"
"pengo","wordle","","True"
"penie","wordle","","True"
"penis","wordle","","True"
"penks","wordle","","True"
"penna","wordle","","True"
"penne","wordle","","True"
"penni","wordle","","True"
"penny","wordle","","True"
"pents","wordle","","True"
"peons","wordle","","True"
"peony","wordle","","True"
"pepla","wordle","","True"
"pepos","wordle","","True"
"peppy","wordle","","True"
"pepsi","wordle","","True"
"perai","wordle","","True"
"perce","wordle","","True"
"perch","curated+wordle","4","True"
"percs","wordle","","True"
"perdu","wordle","","True"
"perdy","wordle","","True"
"perea","wordle","","True"
"peres","wordle","","True"
"peril","wordle","","True"
"peris","wordle","","True"
"perks","wordle","","True"
"perky","wordle","","True"
"perms","wordle","","True"
"perns","wordle","","True"
"perog","wordle","","True"
"perps","wordle","","True"
"perry","wordle","","True"
"perse","wordle","","True"
"perst","wordle","","True"
"perts","wordle","","True"
"perve","wordle","","True"
"pervo","wordle","","True"
"pervs","wordle","","True"
"pervy","wordle","","True"
"pesky","wordle","","True"
"pesos","wordle","","True"
"pesto","wordle","","True"
"pests","wordle","","True"
"pesty","wordle","","True"
"petal","wordle","","True"
"petar","wordle","","True"
"peter","wordle","","True"
"petit","wordle","","True"
"petre","wordle","","True"
"petri","wordle","","True"
"petti","wordle","","True"
"petto","wordle","","True"
"petty","wordle","","True"
"pewee","wordle","","True"
"pewit","wordle","","True"
"peyse","wordle","","True"
"phage","wordle","","True"
"phang","wordle","","True"
"phare","wordle","","True"
"pharm","wordle","","True"
"phase","curated+wordle","21","True"
"pheer","wordle","","True"
"phene","wordle","","True"
"pheon","wordle","","True"
"phese","wordle","","True"
"phial","wordle","","True"
"phish","wordle","","True"
"phizz","wordle","","True"
"phlox","wordle","","True"
"phoca","wordle","","True"
"phone","wordle","","True"
"phono","wordle","","True"
"phons","wordle","","True"
"phony","wordle","","True"
"photo","wordle","","True"
"phots","wordle","","True"
"phpht","wordle","","True"
"phuts","wordle","","True"
"phyla","wordle","","True"
"phyle","wordle","","True"
"piani","wordle","","True"
"piano","wordle","","True"
"pians","wordle","","True"
"pibal","wordle","","True"
"pical","wordle","","True"
"picas","wordle","","True"
"piccy","wordle","","True"
"picks","wordle","","True"
"picky","wordle","","True"
"picot","wordle","","True"
"picra","wordle","","True"
"picul","wordle","","True"
"piece","curated+wordle","61","True"
"piend","wordle","","True"
"piers","wordle","","True"
"piert","wordle","","True"
"pieta","wordle","","True"
"piets","wordle","","True"
"piety","wordle","","True"
"piezo","wordle","","True"
"piggy","wordle","","True"
"pight","wordle","","True"
"pigmy","wordle","","True"
"piing","wordle","","True"
"pikas","wordle","","True"
"pikau","wordle","","True"
"piked","wordle","","True"
"piker","wordle","","True"
"pikes","wordle","","True"
"pikey","wordle","","True"
"pikis","wordle","","True"
"pikul","wordle","","True"
"pilae","wordle","","True"
"pilaf","wordle","","True"
"pilao","wordle","","True"
"pilar","wordle","","True"
"pilau","wordle","","True"
"pilaw","wordle","","True"
"pilch","wordle","","True"
"pilea","wordle","","True"
"piled","curated+wordle","8","True"
"pilei","wordle","","True"
"piler","wordle","","True"
"piles","wordle","","True"
"pilis","wordle","","True"
"pills","wordle","","True"
"pilot","wordle","","True"
"pilow","wordle","","True"
"pilum","wordle","","True"
"pilus","wordle","","True"
"pimas","wordle","","True"
"pimps","wordle","","True"
"pinas","wordle","","True"
"pinch","curated+wordle","11","True"
"pined","wordle","","True"
"pines","wordle","","True"
"piney","wordle","","True"
"pingo","wordle","","True"
"pings","wordle","","True"
"pinko","wordle","","True"
"pinks","wordle","","True"
"pinky","wordle","","True"
"pinna","wordle","","True"
"pinny","wordle","","True"
"pinon","wordle","","True"
"pinot","wordle","","True"
"pinta","wordle","","True"
"pinto","wordle","","True"
"pints","wordle","","True"
"pinup","wordle","","True"
"pions","wordle","","True"
"piony","wordle","","True"
"pious","wordle","","True"
"pioye","wordle","","True"
"pioys","wordle","","True"
"pipal","wordle","","True"
"pipas","wordle","","True"
"piped","wordle","","True"
"piper","wordle","","True"
"pipes","wordle","","True"
"pipet","wordle","","True"
"pipis","wordle","","True"
"pipit","wordle","","True"
"pippy","wordle","","True"
"pipul","wordle","","True"
"pique","wordle","","True"
"pirai","wordle","","True"
"pirls","wordle","","True"
"pirns","wordle","","True"
"pirog","wordle","","True"
"pisco","wordle","","True"
"pises","wordle","","True"
"pisky","wordle","","True"
"pisos","wordle","","True"
"pissy","wordle","","True"
"piste","wordle","","True"
"pitas","wordle","","True"
"pitch","curated+wordle","16","True"
"piths","wordle","","True"
"pithy","wordle","","True"
"piton","wordle","","True"
"pitot","wordle","","True"
"pitta","wordle","","True"
"piums","wordle","","True"
"pivot","wordle","","True"
"pixel","wordle","","True"
"pixes","wordle","","True"
"pixie","wordle","","True"
"pized","wordle","","True"
"pizes","wordle","","True"
"pizza","wordle","","True"
"plaas","wordle","","True"
"place","curated+wordle","673","True"
"plack","wordle","","True"
"plage","wordle","","True"
"plaid","wordle","","True"
"plain","curated+wordle","108","True"
"plait","wordle","","True"
"plane","curated+wordle","5","True"
"plank","wordle","","True"
"plans","curated+wordle","85","True"
"plant","wordle","","True"
"plaps","wordle","","True"
"plash","wordle","","True"
"plasm","wordle","","True"
"plast","wordle","","True"
"plate","curated+wordle","19","True"
"plats","wordle","","True"
"platt","wordle","","True"
"platy","wordle","","True"
"playa","wordle","","True"
"plays","wordle","","True"
"plaza","wordle","","True"
"plead","wordle","","True"
"pleas","curated+wordle","7","True"
"pleat","wordle","","True"
"plebe","wordle","","True"
"plebs","wordle","","True"
"plena","wordle","","True"
"pleon","wordle","","True"
"plesh","wordle","","True"
"plews","wordle","","True"
"plica","wordle","","True"
"plied","wordle","","True"
"plier","wordle","","True"
"plies","wordle","","True"
"plims","wordle","","True"
"pling","wordle","","True"
"plink","wordle","","True"
"ploat","wordle","","True"
"plods","wordle","","True"
"plong","wordle","","True"
"plonk","wordle","","True"
"plook","wordle","","True"
"plops","wordle","","True"
"plots","wordle","","True"
"plotz","wordle","","True"
"plouk","wordle","","True"
"plows","wordle","","True"
"ploye","wordle","","True"
"ploys","wordle","","True"
"pluck","wordle","","True"
"plues","wordle","","True"
"pluff","wordle","","True"
"plugs","wordle","","True"
"plumb","wordle","","True"
"plume","wordle","","True"
"plump","wordle","","True"
"plums","wordle","","True"
"plumy","wordle","","True"
"plunk","wordle","","True"
"pluot","wordle","","True"
"plush","wordle","","True"
"pluto","wordle","","True"
"plyer","wordle","","True"
"poach","wordle","","True"
"poaka","wordle","","True"
"poake","wordle","","True"
"poboy","wordle","","True"
"pocks","wordle","","True"
"pocky","wordle","","True"
"podal","wordle","","True"
"poddy","wordle","","True"
"podex","wordle","","True"
"podge","wordle","","True"
"podgy","wordle","","True"
"podia","wordle","","True"
"poems","wordle","","True"
"poeps","wordle","","True"
"poesy","wordle","","True"
"poets","wordle","","True"
"pogey","wordle","","True"
"pogge","wordle","","True"
"pogos","wordle","","True"
"pohed","wordle","","True"
"poilu","wordle","","True"
"poind","wordle","","True"
"point","wordle","","True"
"poise","wordle","","True"
"pokal","wordle","","True"
"poked","wordle","","True"
"poker","wordle","","True"
"pokes","wordle","","True"
"pokey","wordle","","True"
"pokie","wordle","","True"
"polar","wordle","","True"
"poled","wordle","","True"
"poler","wordle","","True"
"poles","wordle","","True"
"poley","wordle","","True"
"polio","wordle","","True"
"polis","wordle","","True"
"polje","wordle","","True"
"polka","wordle","","True"
"polks","wordle","","True"
"polls","wordle","","True"
"polly","wordle","","True"
"polos","wordle","","True"
"polts","wordle","","True"
"polyp","wordle","","True"
"polys","wordle","","True"
"pombe","wordle","","True"
"pomes","wordle","","True"
"pommy","wordle","","True"
"pomos","wordle","","True"
"pomps","wordle","","True"
"ponce","wordle","","True"
"poncy","wordle","","True"
"ponds","wordle","","True"
"pones","wordle","","True"
"poney","wordle","","True"
"ponga","wordle","","True"
"pongo","wordle","","True"
"pongs","wordle","","True"
"pongy","wordle","","True"
"ponks","wordle","","True"
"ponts","wordle","","True"
"ponty","wordle","","True"
"ponzu","wordle","","True"
"pooch","wordle","","True"
"poods","wordle","","True"
"pooed","wordle","","True"
"poofs","wordle","","True"
"poofy","wordle","","True"
"poohs","wordle","","True"
"pooja","wordle","","True"
"pooka","wordle","","True"
"pooks","wordle","","True"
"pools","wordle","","True"
"poons","wordle","","True"
"poops","wordle","","True"
"poopy","wordle","","True"
"poori","wordle","","True"
"poort","wordle","","True"
"poots","wordle","","True"
"poove","wordle","","True"
"poovy","wordle","","True"
"popes","wordle","","True"
"poppa","wordle","","True"
"poppy","wordle","","True"
"popsy","wordle","","True"
"porae","wordle","","True"
"poral","wordle","","True"
"porch","curated+wordle","90","True"
"pored","wordle","","True"
"porer","wordle","","True"
"pores","wordle","","True"
"porge","wordle","","True"
"porgy","wordle","","True"
"porin","wordle","","True"
"porks","wordle","","True"
"porky","wordle","","True"
"porno","wordle","","True"
"porns","wordle","","True"
"porny","wordle","","True"
"porta","wordle","","True"
"ports","wordle","","True"
"porty","wordle","","True"
"posed","wordle","","True"
"poser","wordle","","True"
"poses","wordle","","True"
"posey","wordle","","True"
"posho","wordle","","True"
"posit","wordle","","True"
"posse","wordle","","True"
"posts","wordle","","True"
"potae","wordle","","True"
"potch","wordle","","True"
"poted","wordle","","True"
"potes","wordle","","True"
"potin","wordle","","True"
"potoo","wordle","","True"
"potsy","wordle","","True"
"potto","wordle","","True"
"potts","wordle","","True"
"potty","wordle","","True"
"pouch","curated+wordle","6","True"
"pouff","wordle","","True"
"poufs","wordle","","True"
"pouke","wordle","","True"
"pouks","wordle","","True"
"poule","wordle","","True"
"poulp","wordle","","True"
"poult","wordle","","True"
"pound","wordle","","True"
"poupe","wordle","","True"
"poupt","wordle","","True"
"pours","wordle","","True"
"pouts","wordle","","True"
"pouty","wordle","","True"
"powan","wordle","","True"
"power","curated+wordle","548","True"
"powin","wordle","","True"
"pownd","wordle","","True"
"powns","wordle","","True"
"powny","wordle","","True"
"powre","wordle","","True"
"poxed","wordle","","True"
"poxes","wordle","","True"
"poynt","wordle","","True"
"poyou","wordle","","True"
"poyse","wordle","","True"
"pozzy","wordle","","True"
"praam","wordle","","True"
"prads","wordle","","True"
"prahu","wordle","","True"
"prams","wordle","","True"
"prana","wordle","","True"
"prang","wordle","","True"
"prank","wordle","","True"
"praos","wordle","","True"
"prase","wordle","","True"
"prate","wordle","","True"
"prats","wordle","","True"
"pratt","wordle","","True"
"praty","wordle","","True"
"praus","wordle","","True"
"prawn","wordle","","True"
"prays","wordle","","True"
"predy","wordle","","True"
"preed","wordle","","True"
"preen","wordle","","True"
"prees","wordle","","True"
"preif","wordle","","True"
"prems","wordle","","True"
"premy","wordle","","True"
"prent","wordle","","True"
"preon","wordle","","True"
"preop","wordle","","True"
"preps","wordle","","True"
"presa","wordle","","True"
"prese","wordle","","True"
"press","curated+wordle","81","True"
"prest","wordle","","True"
"preve","wordle","","True"
"prexy","wordle","","True"
"preys","wordle","","True"
"prial","wordle","","True"
"price","curated+wordle","45","True"
"prick","wordle","","True"
"pricy","wordle","","True"
"pride","curated+wordle","41","True"
"pried","wordle","","True"
"prief","wordle","","True"
"prier","wordle","","True"
"pries","wordle","","True"
"prigs","wordle","","True"
"prill","wordle","","True"
"prima","wordle","","True"
"prime","wordle","","True"
"primi","wordle","","True"
"primo","wordle","","True"
"primp","wordle","","True"
"prims","wordle","","True"
"primy","wordle","","True"
"prink","wordle","","True"
"print","wordle","","True"
"prion","wordle","","True"
"prior","wordle","","True"
"prise","wordle","","True"
"prism","wordle","","True"
"priss","wordle","","True"
"privy","wordle","","True"
"prize","wordle","","True"
"proas","wordle","","True"
"probe","curated+wordle","15","True"
"probs","wordle","","True"
"prods","wordle","","True"
"proem","wordle","","True"
"profs","wordle","","True"
"progs","wordle","","True"
"proin","wordle","","True"
"proke","wordle","","True"
"prole","wordle","","True"
"proll","wordle","","True"
"promo","wordle","","True"
"proms","wordle","","True"
"prone","wordle","","True"
"prong","wordle","","True"
"pronk","wordle","","True"
"proof","wordle","","True"
"props","wordle","","True"
"prore","wordle","","True"
"prose","wordle","","True"
"proso","wordle","","True"
"pross","wordle","","True"
"prost","wordle","","True"
"prosy","wordle","","True"
"proto","wordle","","True"
"proud","wordle","","True"
"proul","wordle","","True"
"prove","curated+wordle","82","True"
"prowl","wordle","","True"
"prows","wordle","","True"
"proxy","wordle","","True"
"proyn","wordle","","True"
"prude","wordle","","True"
"prune","wordle","","True"
"prunt","wordle","","True"
"pruta","wordle","","True"
"pryer","wordle","","True"
"pryse","wordle","","True"
"psalm","wordle","","True"
"pseud","wordle","","True"
"pshaw","wordle","","True"
"psion","wordle","","True"
"psoae","wordle","","True"
"psoai","wordle","","True"
"psoas","wordle","","True"
"psora","wordle","","True"
"psych","wordle","","True"
"psyop","wordle","","True"
"pubco","wordle","","True"
"pubes","wordle","","True"
"pubic","wordle","","True"
"pubis","wordle","","True"
"pucan","wordle","","True"
"pucer","wordle","","True"
"puces","wordle","","True"
"pucka","wordle","","True"
"pucks","wordle","","True"
"puddy","wordle","","True"
"pudge","wordle","","True"
"pudgy","wordle","","True"
"pudic","wordle","","True"
"pudor","wordle","","True"
"pudsy","wordle","","True"
"pudus","wordle","","True"
"puers","wordle","","True"
"puffa","wordle","","True"
"puffs","curated+wordle","5","True"
"puffy","curated+wordle","6","True"
"puggy","wordle","","True"
"pugil","wordle","","True"
"puhas","wordle","","True"
"pujah","wordle","","True"
"pujas","wordle","","True"
"pukas","wordle","","True"
"puked","wordle","","True"
"puker","wordle","","True"
"pukes","wordle","","True"
"pukey","wordle","","True"
"pukka","wordle","","True"
"pukus","wordle","","True"
"pulao","wordle","","True"
"pulas","wordle","","True"
"puled","wordle","","True"
"puler","wordle","","True"
"pules","wordle","","True"
"pulik","wordle","","True"
"pulis","wordle","","True"
"pulka","wordle","","True"
"pulks","wordle","","True"
"pulli","wordle","","True"
"pulls","wordle","","True"
"pully","wordle","","True"
"pulmo","wordle","","True"
"pulps","wordle","","True"
"pulpy","wordle","","True"
"pulse","wordle","","True"
"pulus","wordle","","True"
"pumas","wordle","","True"
"pumie","wordle","","True"
"pumps","wordle","","True"
"punas","wordle","","True"
"punce","wordle","","True"
"punch","curated+wordle","9","True"
"punga","wordle","","True"
"pungs","wordle","","True"
"punji","wordle","","True"
"punka","wordle","","True"
"punks","wordle","","True"
"punky","wordle","","True"
"punny","wordle","","True"
"punto","wordle","","True"
"punts","wordle","","True"
"punty","wordle","","True"
"pupae","wordle","","True"
"pupas","wordle","","True"
"pupil","wordle","","True"
"puppy","wordle","","True"
"pupus","wordle","","True"
"purda","wordle","","True"
"pured","wordle","","True"
"puree","wordle","","True"
"purer","wordle","","True"
"pures","wordle","","True"
"purge","wordle","","True"
"purin","wordle","","True"
"puris","wordle","","True"
"purls","wordle","","True"
"purpy","wordle","","True"
"purrs","wordle","","True"
"purse","wordle","","True"
"pursy","wordle","","True"
"purty","wordle","","True"
"puses","wordle","","True"
"pushy","wordle","","True"
"pusle","wordle","","True"
"putid","wordle","","True"
"puton","wordle","","True"
"putti","wordle","","True"
"putto","wordle","","True"
"putts","wordle","","True"
"putty","wordle","","True"
"puzel","wordle","","True"
"pwned","wordle","","True"
"pyats","wordle","","True"
"pyets","wordle","","True"
"pygal","wordle","","True"
"pygmy","wordle","","True"
"pyins","wordle","","True"
"pylon","wordle","","True"
"pyned","wordle","","True"
"pynes","wordle","","True"
"pyoid","wordle","","True"
"pyots","wordle","","True"
"pyral","wordle","","True"
"pyran","wordle","","True"
"pyres","wordle","","True"
"pyrex","wordle","","True"
"pyric","wordle","","True"
"pyros","wordle","","True"
"pyxed","wordle","","True"
"pyxes","wordle","","True"
"pyxie","wordle","","True"
"pyxis","wordle","","True"
"pzazz","wordle","","True"
"qadis","wordle","","True"
"qaids","wordle","","True"
"qajaq","wordle","","True"
"qanat","wordle","","True"
"qapik","wordle","","True"
"qibla","wordle","","True"
"qophs","wordle","","True"
"qorma","wordle","","True"
"quack","wordle","","True"
"quads","wordle","","True"
"quaff","wordle","","True"
"quags","wordle","","True"
"quail","wordle","","True"
"quair","wordle","","True"
"quais","wordle","","True"
"quake","wordle","","True"
"quaky","wordle","","True"
"quale","wordle","","True"
"qualm","wordle","","True"
"quant","wordle","","True"
"quare","wordle","","True"
"quark","wordle","","True"
"quart","wordle","","True"
"quash","wordle","","True"
"quasi","wordle","","True"
"quass","wordle","","True"
"quate","wordle","","True"
"quats","wordle","","True"
"quayd","wordle","","True"
"quays","wordle","","True"
"qubit","wordle","","True"
"quean","wordle","","True"
"queen","curated+wordle","20","True"
"queer","curated+wordle","15","True"
"quell","wordle","","True"
"queme","wordle","","True"
"quena","wordle","","True"
"quern","wordle","","True"
"query","wordle","","True"
"quest","wordle","","True"
"queue","wordle","","True"
"queyn","wordle","","True"
"queys","wordle","","True"
"quich","wordle","","True"
"quick","curated+wordle","81","True"
"quids","wordle","","True"
"quiet","curated+wordle","118","True"
"quiff","wordle","","True"
"quill","wordle","","True"
"quilt","wordle","","True"
"quims","wordle","","True"
"quina","wordle","","True"
"quine","wordle","","True"
"quino","wordle","","True"
"quins","wordle","","True"
"quint","wordle","","True"
"quipo","wordle","","True"
"quips","wordle","","True"
"quipu","wordle","","True"
"quire","wordle","","True"
"quirk","wordle","","True"
"quirt","wordle","","True"
"quist","wordle","","True"
"quite","curated+wordle","502","True"
"quits","wordle","","True"
"quoad","wordle","","True"
"quods","wordle","","True"
"quoif","wordle","","True"
"quoin","wordle","","True"
"quoit","wordle","","True"
"quoll","wordle","","True"
"quonk","wordle","","True"
"quops","wordle","","True"
"quota","wordle","","True"
"quote","wordle","","True"
"quoth","wordle","","True"
"qursh","wordle","","True"
"quyte","wordle","","True"
"rabat","wordle","","True"
"rabbi","wordle","","True"
"rabic","wordle","","True"
"rabid","curated+wordle","4","True"
"rabis","wordle","","True"
"raced","wordle","","True"
"racer","wordle","","True"
"races","curated+wordle","9","True"
"rache","wordle","","True"
"racks","wordle","","True"
"racon","wordle","","True"
"radar","wordle","","True"
"radge","wordle","","True"
"radii","wordle","","True"
"radio","wordle","","True"
"radix","wordle","","True"
"radon","wordle","","True"
"raffs","wordle","","True"
"rafts","wordle","","True"
"ragas","wordle","","True"
"ragde","wordle","","True"
"raged","curated+wordle","4","True"
"ragee","wordle","","True"
"rager","wordle","","True"
"rages","wordle","","True"
"ragga","wordle","","True"
"raggs","wordle","","True"
"raggy","wordle","","True"
"ragis","wordle","","True"
"ragus","wordle","","True"
"rahed","wordle","","True"
"rahui","wordle","","True"
"raias","wordle","","True"
"raids","wordle","","True"
"raiks","wordle","","True"
"raile","wordle","","True"
"rails","wordle","","True"
"raine","wordle","","True"
"rains","wordle","","True"
"rainy","wordle","","True"
"raird","wordle","","True"
"raise","curated+wordle","52","True"
"raita","wordle","","True"
"raits","wordle","","True"
"rajah","wordle","","True"
"rajas","wordle","","True"
"rajes","wordle","","True"
"raked","wordle","","True"
"rakee","wordle","","True"
"raker","wordle","","True"
"rakes","wordle","","True"
"rakia","wordle","","True"
"rakis","wordle","","True"
"rakus","wordle","","True"
"rales","wordle","","True"
"rally","wordle","","True"
"ralph","wordle","","True"
"ramal","wordle","","True"
"ramee","wordle","","True"
"ramen","wordle","","True"
"ramet","wordle","","True"
"ramie","wordle","","True"
"ramin","wordle","","True"
"ramis","wordle","","True"
"rammy","wordle","","True"
"ramps","wordle","","True"
"ramus","wordle","","True"
"ranas","wordle","","True"
"rance","wordle","","True"
"ranch","curated+wordle","7","True"
"rands","wordle","","True"
"randy","wordle","","True"
"ranee","wordle","","True"
"ranga","wordle","","True"
"range","curated+wordle","39","True"
"rangi","wordle","","True"
"rangs","wordle","","True"
"rangy","wordle","","True"
"ranid","wordle","","True"
"ranis","wordle","","True"
"ranke","wordle","","True"
"ranks","curated+wordle","98","True"
"rants","wordle","","True"
"raped","wordle","","True"
"raper","wordle","","True"
"rapes","wordle","","True"
"raphe","wordle","","True"
"rapid","curated+wordle","96","True"
"rappe","wordle","","True"
"rared","wordle","","True"
"raree","wordle","","True"
"rarer","curated+wordle","6","True"
"rares","wordle","","True"
"rarks","wordle","","True"
"rased","wordle","","True"
"raser","wordle","","True"
"rases","wordle","","True"
"rasps","wordle","","True"
"raspy","wordle","","True"
"rasse","wordle","","True"
"rasta","wordle","","True"
"ratal","wordle","","True"
"ratan","wordle","","True"
"ratas","wordle","","True"
"ratch","wordle","","True"
"rated","wordle","","True"
"ratel","wordle","","True"
"rater","wordle","","True"
"rates","curated+wordle","48","True"
"ratha","wordle","","True"
"rathe","wordle","","True"
"raths","wordle","","True"
"ratio","wordle","","True"
"ratoo","wordle","","True"
"ratos","wordle","","True"
"ratty","wordle","","True"
"ratus","wordle","","True"
"rauns","wordle","","True"
"raupo","wordle","","True"
"raved","wordle","","True"
"ravel","wordle","","True"
"raven","wordle","","True"
"raver","wordle","","True"
"raves","wordle","","True"
"ravey","wordle","","True"
"ravin","wordle","","True"
"rawer","wordle","","True"
"rawin","wordle","","True"
"rawly","wordle","","True"
"rawns","wordle","","True"
"raxed","wordle","","True"
"raxes","wordle","","True"
"rayah","wordle","","True"
"rayas","wordle","","True"
"rayed","wordle","","True"
"rayle","wordle","","True"
"rayne","wordle","","True"
"rayon","wordle","","True"
"razed","wordle","","True"
"razee","wordle","","True"
"razer","wordle","","True"
"razes","wordle","","True"
"razoo","wordle","","True"
"razor","wordle","","True"
"reach","curated+wordle","85","True"
"react","curated+wordle","5","True"
"readd","wordle","","True"
"reads","curated+wordle","9","True"
"ready","curated+wordle","230","True"
"reais","wordle","","True"
"reaks","wordle","","True"
"realm","curated+wordle","22","True"
"realo","wordle","","True"
"reals","wordle","","True"
"reame","wordle","","True"
"reams","wordle","","True"
"reamy","wordle","","True"
"reans","wordle","","True"
"reaps","wordle","","True"
"rearm","wordle","","True"
"rears","wordle","","True"
"reast","wordle","","True"
"reata","wordle","","True"
"reate","wordle","","True"
"reave","wordle","","True"
"rebar","wordle","","True"
"rebbe","wordle","","True"
"rebec","wordle","","True"
"rebel","wordle","","True"
"rebid","wordle","","True"
"rebit","wordle","","True"
"rebop","wordle","","True"
"rebus","wordle","","True"
"rebut","wordle","","True"
"rebuy","wordle","","True"
"recal","wordle","","True"
"recap","wordle","","True"
"recce","wordle","","True"
"recco","wordle","","True"
"reccy","wordle","","True"
"recit","wordle","","True"
"recks","wordle","","True"
"recon","wordle","","True"
"recta","wordle","","True"
"recti","wordle","","True"
"recto","wordle","","True"
"recur","curated+wordle","18","True"
"recut","wordle","","True"
"redan","wordle","","True"
"redds","wordle","","True"
"reddy","wordle","","True"
"reded","wordle","","True"
"redes","wordle","","True"
"redia","wordle","","True"
"redid","wordle","","True"
"redip","wordle","","True"
"redly","wordle","","True"
"redon","wordle","","True"
"redos","wordle","","True"
"redox","wordle","","True"
"redry","wordle","","True"
"redub","wordle","","True"
"redux","wordle","","True"
"redye","wordle","","True"
"reech","wordle","","True"
"reede","wordle","","True"
"reeds","curated+wordle","4","True"
"reedy","wordle","","True"
"reefs","wordle","","True"
"reefy","wordle","","True"
"reeks","wordle","","True"
"reeky","wordle","","True"
"reels","wordle","","True"
"reens","wordle","","True"
"reest","wordle","","True"
"reeve","wordle","","True"
"refed","wordle","","True"
"refel","wordle","","True"
"refer","curated+wordle","9","True"
"reffo","wordle","","True"
"refis","wordle","","True"
"refit","wordle","","True"
"refix","wordle","","True"
"refly","wordle","","True"
"refry","wordle","","True"
"regal","wordle","","True"
"regar","wordle","","True"
"reges","wordle","","True"
"reggo","wordle","","True"
"regie","wordle","","True"
"regma","wordle","","True"
"regna","wordle","","True"
"regos","wordle","","True"
"regur","wordle","","True"
"rehab","wordle","","True"
"rehem","wordle","","True"
"reifs","wordle","","True"
"reify","wordle","","True"
"reign","curated+wordle","38","True"
"reiki","wordle","","True"
"reiks","wordle","","True"
"reink","wordle","","True"
"reins","wordle","","True"
"reird","wordle","","True"
"reist","wordle","","True"
"reive","wordle","","True"
"rejig","wordle","","True"
"rejon","wordle","","True"
"reked","wordle","","True"
"rekes","wordle","","True"
"rekey","wordle","","True"
"relax","wordle","","True"
"relay","curated+wordle","4","True"
"relet","wordle","","True"
"relic","wordle","","True"
"relie","wordle","","True"
"relit","wordle","","True"
"rello","wordle","","True"
"reman","wordle","","True"
"remap","wordle","","True"
"remen","wordle","","True"
"remet","wordle","","True"
"remex","wordle","","True"
"remit","wordle","","True"
"remix","wordle","","True"
"renal","curated+wordle","6","True"
"renay","wordle","","True"
"rends","wordle","","True"
"renew","curated+wordle","14","True"
"reney","wordle","","True"
"renga","wordle","","True"
"renig","wordle","","True"
"renin","wordle","","True"
"renne","wordle","","True"
"renos","wordle","","True"
"rente","wordle","","True"
"rents","wordle","","True"
"reoil","wordle","","True"
"reorg","wordle","","True"
"repay","curated+wordle","10","True"
"repeg","wordle","","True"
"repel","curated+wordle","6","True"
"repin","wordle","","True"
"repla","wordle","","True"
"reply","curated+wordle","166","True"
"repos","wordle","","True"
"repot","wordle","","True"
"repps","wordle","","True"
"repro","wordle","","True"
"reran","wordle","","True"
"rerig","wordle","","True"
"rerun","wordle","","True"
"resat","wordle","","True"
"resaw","wordle","","True"
"resay","wordle","","True"
"resee","wordle","","True"
"reses","wordle","","True"
"reset","wordle","","True"
"resew","wordle","","True"
"resid","wordle","","True"
"resin","wordle","","True"
"resit","wordle","","True"
"resod","wordle","","True"
"resow","wordle","","True"
"resto","wordle","","True"
"rests","wordle","","True"
"resty","wordle","","True"
"resus","wordle","","True"
"retag","wordle","","True"
"retax","wordle","","True"
"retch","wordle","","True"
"retem","wordle","","True"
"retia","wordle","","True"
"retie","wordle","","True"
"retox","wordle","","True"
"retro","wordle","","True"
"retry","wordle","","True"
"reuse","wordle","","True"
"revel","wordle","","True"
"revet","wordle","","True"
"revie","wordle","","True"
"revue","wordle","","True"
"rewan","wordle","","True"
"rewax","wordle","","True"
"rewed","wordle","","True"
"rewet","wordle","","True"
"rewin","wordle","","True"
"rewon","wordle","","True"
"rewth","wordle","","True"
"rexes","wordle","","True"
"rezes","wordle","","True"
"rheas","wordle","","True"
"rheme","wordle","","True"
"rheum","wordle","","True"
"rhies","wordle","","True"
"rhime","wordle","","True"
"rhine","wordle","","True"
"rhino","wordle","","True"
"rhody","wordle","","True"
"rhomb","wordle","","True"
"rhone","wordle","","True"
"rhumb","wordle","","True"
"rhyme","wordle","","True"
"rhyne","wordle","","True"
"rhyta","wordle","","True"
"riads","wordle","","True"
"rials","wordle","","True"
"riant","wordle","","True"
"riata","wordle","","True"
"ribas","wordle","","True"
"ribby","wordle","","True"
"ribes","wordle","","True"
"riced","wordle","","True"
"ricer","wordle","","True"
"rices","wordle","","True"
"ricey","wordle","","True"
"richt","wordle","","True"
"ricin","wordle","","True"
"ricks","wordle","","True"
"rider","curated+wordle","16","True"
"rides","curated+wordle","6","True"
"ridge","curated+wordle","5","True"
"ridgy","wordle","","True"
"ridic","wordle","","True"
"riels","wordle","","True"
"riems","wordle","","True"
"rieve","wordle","","True"
"rifer","wordle","","True"
"riffs","wordle","","True"
"rifle","curated+wordle","12","True"
"rifte","wordle","","True"
"rifts","wordle","","True"
"rifty","wordle","","True"
"riggs","wordle","","True"
"right","curated+wordle","710","True"
"rigid","curated+wordle","22","True"
"rigol","wordle","","True"
"rigor","wordle","","True"
"riled","wordle","","True"
"riles","wordle","","True"
"riley","wordle","","True"
"rille","wordle","","True"
"rills","wordle","","True"
"rimae","wordle","","True"
"rimed","wordle","","True"
"rimer","wordle","","True"
"rimes","wordle","","True"
"rimus","wordle","","True"
"rinds","wordle","","True"
"rindy","wordle","","True"
"rines","wordle","","True"
"rings","wordle","","True"
"rinks","wordle","","True"
"rinse","wordle","","True"
"rioja","wordle","","True"
"riots","wordle","","True"
"riped","wordle","","True"
"ripen","wordle","","True"
"riper","wordle","","True"
"ripes","wordle","","True"
"ripps","wordle","","True"
"risen","wordle","","True"
"riser","wordle","","True"
"rises","wordle","","True"
"rishi","wordle","","True"
"risks","wordle","","True"
"risky","wordle","","True"
"risps","wordle","","True"
"risus","wordle","","True"
"rites","wordle","","True"
"ritts","wordle","","True"
"ritzy","wordle","","True"
"rival","wordle","","True"
"rivas","wordle","","True"
"rived","wordle","","True"
"rivel","wordle","","True"
"riven","wordle","","True"
"river","curated+wordle","112","True"
"rives","wordle","","True"
"rivet","wordle","","True"
"riyal","wordle","","True"
"rizas","wordle","","True"
"roach","wordle","","True"
"roads","curated+wordle","44","True"
"roams","wordle","","True"
"roans","wordle","","True"
"roars","wordle","","True"
"roary","wordle","","True"
"roast","wordle","","True"
"roate","wordle","","True"
"robed","wordle","","True"
"robes","wordle","","True"
"robin","wordle","","True"
"roble","wordle","","True"
"robot","wordle","","True"
"rocks","wordle","","True"
"rocky","wordle","","True"
"roded","wordle","","True"
"rodeo","wordle","","True"
"rodes","wordle","","True"
"roger","wordle","","True"
"rogue","curated+wordle","5","True"
"roguy","wordle","","True"
"rohes","wordle","","True"
"roids","wordle","","True"
"roils","wordle","","True"
"roily","wordle","","True"
"roins","wordle","","True"
"roist","wordle","","True"
"rojak","wordle","","True"
"rojis","wordle","","True"
"roked","wordle","","True"
"roker","wordle","","True"
"rokes","wordle","","True"
"rolag","wordle","","True"
"roles","wordle","","True"
"rolfs","wordle","","True"
"rolls","wordle","","True"
"romal","wordle","","True"
"roman","wordle","","True"
"romeo","wordle","","True"
"romps","wordle","","True"
"ronde","wordle","","True"
"rondo","wordle","","True"
"roneo","wordle","","True"
"rones","wordle","","True"
"ronin","wordle","","True"
"ronne","wordle","","True"
"ronte","wordle","","True"
"ronts","wordle","","True"
"roods","wordle","","True"
"roofs","wordle","","True"
"roofy","wordle","","True"
"rooks","wordle","","True"
"rooky","wordle","","True"
"rooms","wordle","","True"
"roomy","wordle","","True"
"roons","wordle","","True"
"roops","wordle","","True"
"roopy","wordle","","True"
"roosa","wordle","","True"
"roose","wordle","","True"
"roost","wordle","","True"
"roots","wordle","","True"
"rooty","wordle","","True"
"roped","wordle","","True"
"roper","wordle","","True"
"ropes","wordle","","True"
"ropey","wordle","","True"
"roque","wordle","","True"
"roral","wordle","","True"
"rores","wordle","","True"
"roric","wordle","","True"
"rorid","wordle","","True"
"rorie","wordle","","True"
"rorts","wordle","","True"
"rorty","wordle","","True"
"rosed","wordle","","True"
"roses","wordle","","True"
"roset","wordle","","True"
"roshi","wordle","","True"
"rosin","wordle","","True"
"rosit","wordle","","True"
"rosti","wordle","","True"
"rosts","wordle","","True"
"rotal","wordle","","True"
"rotan","wordle","","True"
"rotas","wordle","","True"
"rotch","wordle","","True"
"roted","wordle","","True"
"rotes","wordle","","True"
"rotis","wordle","","True"
"rotls","wordle","","True"
"roton","wordle","","True"
"rotor","wordle","","True"
"rotos","wordle","","True"
"rotte","wordle","","True"
"rouen","wordle","","True"
"roues","wordle","","True"
"rouge","wordle","","True"
"rough","curated+wordle","45","True"
"roule","wordle","","True"
"rouls","wordle","","True"
"roums","wordle","","True"
"round","curated+wordle","556","True"
"roups","wordle","","True"
"roupy","wordle","","True"
"rouse","wordle","","True"
"roust","wordle","","True"
"route","wordle","","True"
"routh","wordle","","True"
"routs","wordle","","True"
"roved","wordle","","True"
"roven","wordle","","True"
"rover","wordle","","True"
"roves","wordle","","True"
"rowan","wordle","","True"
"rowdy","wordle","","True"
"rowed","wordle","","True"
"rowel","wordle","","True"
"rowen","wordle","","True"
"rower","wordle","","True"
"rowie","wordle","","True"
"rowme","wordle","","True"
"rownd","wordle","","True"
"rowth","wordle","","True"
"rowts","wordle","","True"
"royal","curated+wordle","111","True"
"royne","wordle","","True"
"royst","wordle","","True"
"rozet","wordle","","True"
"rozit","wordle","","True"
"ruana","wordle","","True"
"rubai","wordle","","True"
"rubby","wordle","","True"
"rubel","wordle","","True"
"rubes","wordle","","True"
"rubin","wordle","","True"
"ruble","curated+wordle","15","True"
"rubli","wordle","","True"
"rubus","wordle","","True"
"ruche","wordle","","True"
"rucks","wordle","","True"
"rudas","wordle","","True"
"rudds","wordle","","True"
"ruddy","curated+wordle","7","True"
"ruder","wordle","","True"
"rudes","wordle","","True"
"rudie","wordle","","True"
"rudis","wordle","","True"
"rueda","wordle","","True"
"ruers","wordle","","True"
"ruffe","wordle","","True"
"ruffs","wordle","","True"
"rugae","wordle","","True"
"rugal","wordle","","True"
"rugby","wordle","","True"
"ruggy","wordle","","True"
"ruing","wordle","","True"
"ruins","wordle","","True"
"rukhs","wordle","","True"
"ruled","curated+wordle","14","True"
"ruler","wordle","","True"
"rules","wordle","","True"
"rumal","wordle","","True"
"rumba","wordle","","True"
"rumbo","wordle","","True"
"rumen","wordle","","True"
"rumes","wordle","","True"
"rumly","wordle","","True"
"rummy","wordle","","True"
"rumor","wordle","","True"
"rumpo","wordle","","True"
"rumps","wordle","","True"
"rumpy","wordle","","True"
"runch","wordle","","True"
"runds","wordle","","True"
"runed","wordle","","True"
"runes","wordle","","True"
"rungs","wordle","","True"
"runic","wordle","","True"
"runny","wordle","","True"
"runts","wordle","","True"
"runty","wordle","","True"
"rupee","wordle","","True"
"rupia","wordle","","True"
"rural","wordle","","True"
"rurps","wordle","","True"
"rurus","wordle","","True"
"rusas","wordle","","True"
"ruses","wordle","","True"
"rushy","wordle","","True"
"rusks","wordle","","True"
"rusma","wordle","","True"
"russe","wordle","","True"
"rusts","wordle","","True"
"rusty","wordle","","True"
"ruths","wordle","","True"
"rutin","wordle","","True"
"rutty","wordle","","True"
"ryals","wordle","","True"
"rybat","wordle","","True"
"ryked","wordle","","True"
"rykes","wordle","","True"
"rymme","wordle","","True"
"rynds","wordle","","True"
"ryots","wordle","","True"
"ryper","wordle","","True"
"saags","wordle","","True"
"sabal","wordle","","True"
"sabed","wordle","","True"
"saber","curated+wordle","42","True"
"sabes","wordle","","True"
"sabha","wordle","","True"
"sabin","wordle","","True"
"sabir","wordle","","True"
"sable","curated+wordle","9","True"
"sabot","wordle","","True"
"sabra","wordle","","True"
"sabre","curated+wordle","9","True"
"sacks","curated+wordle","4","True"
"sacra","wordle","","True"
"saddo","wordle","","True"
"sades","wordle","","True"
"sadhe","wordle","","True"
"sadhu","wordle","","True"
"sadis","wordle","","True"
"sadly","curated+wordle","19","True"
"sados","wordle","","True"
"sadza","wordle","","True"
"safed","wordle","","True"
"safer","curated+wordle","7","True"
"safes","wordle","","True"
"sagas","wordle","","True"
"sager","wordle","","True"
"sages","wordle","","True"
"saggy","wordle","","True"
"sagos","wordle","","True"
"sagum","wordle","","True"
"saheb","wordle","","True"
"sahib","wordle","","True"
"saice","wordle","","True"
"saick","wordle","","True"
"saics","wordle","","True"
"saids","wordle","","True"
"saiga","wordle","","True"
"sails","wordle","","True"
"saims","wordle","","True"
"saine","wordle","","True"
"sains","wordle","","True"
"saint","wordle","","True"
"sairs","wordle","","True"
"saist","wordle","","True"
"saith","wordle","","True"
"sajou","wordle","","True"
"sakai","wordle","","True"
"saker","wordle","","True"
"sakes","wordle","","True"
"sakia","wordle","","True"
"sakis","wordle","","True"
"sakti","wordle","","True"
"salad","wordle","","True"
"salal","wordle","","True"
"salat","wordle","","True"
"salep","wordle","","True"
"sales","curated+wordle","10","True"
"salet","wordle","","True"
"salic","wordle","","True"
"salix","wordle","","True"
"salle","wordle","","True"
"sally","wordle","","True"
"salmi","wordle","","True"
"salol","wordle","","True"
"salon","wordle","","True"
"salop","wordle","","True"
"salpa","wordle","","True"
"salps","wordle","","True"
"salsa","wordle","","True"
"salse","wordle","","True"
"salto","wordle","","True"
"salts","wordle","","True"
"salty","wordle","","True"
"salue","wordle","","True"
"salut","wordle","","True"
"salve","wordle","","True"
"salvo","wordle","","True"
"saman","wordle","","True"
"samas","wordle","","True"
"samba","wordle","","True"
"sambo","wordle","","True"
"samek","wordle","","True"
"samel","wordle","","True"
"samen","wordle","","True"
"sames","wordle","","True"
"samey","wordle","","True"
"samfu","wordle","","True"
"sammy","wordle","","True"
"sampi","wordle","","True"
"samps","wordle","","True"
"sands","curated+wordle","4","True"
"sandy","wordle","","True"
"saned","wordle","","True"
"saner","wordle","","True"
"sanes","wordle","","True"
"sanga","wordle","","True"
"sangh","wordle","","True"
"sango","wordle","","True"
"sangs","wordle","","True"
"sanko","wordle","","True"
"sansa","wordle","","True"
"santo","wordle","","True"
"sants","wordle","","True"
"saola","wordle","","True"
"sapan","wordle","","True"
"sapid","wordle","","True"
"sapor","wordle","","True"
"sappy","wordle","","True"
"saran","wordle","","True"
"sards","wordle","","True"
"sared","wordle","","True"
"saree","wordle","","True"
"sarge","wordle","","True"
"sargo","wordle","","True"
"sarin","wordle","","True"
"saris","wordle","","True"
"sarks","wordle","","True"
"sarky","wordle","","True"
"sarod","wordle","","True"
"saros","wordle","","True"
"sarus","wordle","","True"
"saser","wordle","","True"
"sasin","wordle","","True"
"sasse","wordle","","True"
"sassy","wordle","","True"
"satai","wordle","","True"
"satay","wordle","","True"
"sated","wordle","","True"
"satem","wordle","","True"
"sates","wordle","","True"
"satin","wordle","","True"
"satis","wordle","","True"
"satyr","wordle","","True"
"sauba","wordle","","True"
"sauce","curated+wordle","4","True"
"sauch","wordle","","True"
"saucy","wordle","","True"
"saugh","wordle","","True"
"sauls","wordle","","True"
"sault","wordle","","True"
"sauna","wordle","","True"
"saunt","wordle","","True"
"saury","wordle","","True"
"saute","wordle","","True"
"sauts","wordle","","True"
"saved","curated+wordle","51","True"
"saver","wordle","","True"
"saves","wordle","","True"
"savey","wordle","","True"
"savin","wordle","","True"
"savor","wordle","","True"
"savoy","wordle","","True"
"savvy","wordle","","True"
"sawah","wordle","","True"
"sawed","wordle","","True"
"sawer","wordle","","True"
"saxes","wordle","","True"
"sayed","wordle","","True"
"sayer","wordle","","True"
"sayid","wordle","","True"
"sayne","wordle","","True"
"sayon","wordle","","True"
"sayst","wordle","","True"
"sazes","wordle","","True"
"scabs","wordle","","True"
"scads","wordle","","True"
"scaff","wordle","","True"
"scags","wordle","","True"
"scail","wordle","","True"
"scala","wordle","","True"
"scald","wordle","","True"
"scale","curated+wordle","45","True"
"scall","wordle","","True"
"scalp","curated+wordle","25","True"
"scaly","wordle","","True"
"scamp","wordle","","True"
"scams","wordle","","True"
"scand","wordle","","True"
"scans","wordle","","True"
"scant","curated+wordle","4","True"
"scapa","wordle","","True"
"scape","wordle","","True"
"scapi","wordle","","True"
"scare","wordle","","True"
"scarf","curated+wordle","12","True"
"scarp","wordle","","True"
"scars","curated+wordle","35","True"
"scart","wordle","","True"
"scary","wordle","","True"
"scath","wordle","","True"
"scats","wordle","","True"
"scatt","wordle","","True"
"scaud","wordle","","True"
"scaup","wordle","","True"
"scaur","wordle","","True"
"scaws","wordle","","True"
"sceat","wordle","","True"
"scena","wordle","","True"
"scend","wordle","","True"
"scene","curated+wordle","49","True"
"scent","curated+wordle","17","True"
"schav","wordle","","True"
"schmo","wordle","","True"
"schul","wordle","","True"
"schwa","wordle","","True"
"scion","wordle","","True"
"sclim","wordle","","True"
"scody","wordle","","True"
"scoff","wordle","","True"
"scogs","wordle","","True"
"scold","wordle","","True"
"scone","wordle","","True"
"scoog","wordle","","True"
"scoop","wordle","","True"
"scoot","wordle","","True"
"scopa","wordle","","True"
"scope","curated+wordle","7","True"
"scops","wordle","","True"
"score","curated+wordle","17","True"
"scorn","wordle","","True"
"scots","wordle","","True"
"scoug","wordle","","True"
"scoup","wordle","","True"
"scour","wordle","","True"
"scout","wordle","","True"
"scowl","wordle","","True"
"scowp","wordle","","True"
"scows","wordle","","True"
"scrab","wordle","","True"
"scrae","wordle","","True"
"scrag","wordle","","True"
"scram","wordle","","True"
"scran","wordle","","True"
"scrap","curated+wordle","6","True"
"scrat","wordle","","True"
"scraw","wordle","","True"
"scray","wordle","","True"
"scree","wordle","","True"
"screw","curated+wordle","11","True"
"scrim","wordle","","True"
"scrip","wordle","","True"
"scrob","wordle","","True"
"scrod","wordle","","True"
"scrog","wordle","","True"
"scrow","wordle","","True"
"scrub","wordle","","True"
"scrum","wordle","","True"
"scuba","wordle","","True"
"scudi","wordle","","True"
"scudo","wordle","","True"
"scuds","wordle","","True"
"scuff","wordle","","True"
"scuft","wordle","","True"
"scugs","wordle","","True"
"sculk","wordle","","True"
"scull","wordle","","True"
"sculp","wordle","","True"
"sculs","wordle","","True"
"scums","wordle","","True"
"scups","wordle","","True"
"scurf","wordle","","True"
"scurs","wordle","","True"
"scuse","wordle","","True"
"scuta","wordle","","True"
"scute","wordle","","True"
"scuts","wordle","","True"
"scuzz","wordle","","True"
"scyes","wordle","","True"
"sdayn","wordle","","True"
"sdein","wordle","","True"
"seals","wordle","","True"
"seame","wordle","","True"
"seams","wordle","","True"
"seamy","wordle","","True"
"seans","wordle","","True"
"seare","wordle","","True"
"sears","wordle","","True"
"sease","wordle","","True"
"seats","curated+wordle","21","True"
"seaze","wordle","","True"
"sebum","wordle","","True"
"secco","wordle","","True"
"sechs","wordle","","True"
"sects","wordle","","True"
"sedan","wordle","","True"
"seder","wordle","","True"
"sedes","wordle","","True"
"sedge","wordle","","True"
"sedgy","wordle","","True"
"sedum","wordle","","True"
"seeds","curated+wordle","7","True"
"seedy","wordle","","True"
"seeks","curated+wordle","5","True"
"seeld","wordle","","True"
"seels","wordle","","True"
"seely","wordle","","True"
"seems","curated+wordle","134","True"
"seeps","wordle","","True"
"seepy","wordle","","True"
"seers","wordle","","True"
"sefer","wordle","","True"
"segar","wordle","","True"
"segni","wordle","","True"
"segno","wordle","","True"
"segol","wordle","","True"
"segos","wordle","","True"
"segue","wordle","","True"
"sehri","wordle","","True"
"seifs","wordle","","True"
"seils","wordle","","True"
"seine","wordle","","True"
"seirs","wordle","","True"
"seise","wordle","","True"
"seism","wordle","","True"
"seity","wordle","","True"
"seiza","wordle","","True"
"seize","curated+wordle","31","True"
"sekos","wordle","","True"
"sekts","wordle","","True"
"selah","wordle","","True"
"seles","wordle","","True"
"selfs","wordle","","True"
"sella","wordle","","True"
"selle","wordle","","True"
"sells","wordle","","True"
"selva","wordle","","True"
"semee","wordle","","True"
"semen","wordle","","True"
"semes","wordle","","True"
"semie","wordle","","True"
"semis","wordle","","True"
"senas","wordle","","True"
"sends","curated+wordle","8","True"
"senes","wordle","","True"
"sengi","wordle","","True"
"senna","wordle","","True"
"senor","wordle","","True"
"sensa","wordle","","True"
"sense","curated+wordle","103","True"
"sensi","wordle","","True"
"sente","wordle","","True"
"senti","wordle","","True"
"sents","wordle","","True"
"senvy","wordle","","True"
"senza","wordle","","True"
"sepad","wordle","","True"
"sepal","wordle","","True"
"sepia","wordle","","True"
"sepic","wordle","","True"
"sepoy","wordle","","True"
"septa","curated+wordle","7","True"
"septs","wordle","","True"
"serac","wordle","","True"
"serai","wordle","","True"
"seral","wordle","","True"
"sered","wordle","","True"
"serer","wordle","","True"
"seres","wordle","","True"
"serfs","curated+wordle","80","True"
"serge","wordle","","True"
"seric","wordle","","True"
"serif","wordle","","True"
"serin","wordle","","True"
"serks","wordle","","True"
"seron","wordle","","True"
"serow","wordle","","True"
"serra","wordle","","True"
"serre","wordle","","True"
"serrs","wordle","","True"
"serry","wordle","","True"
"serum","wordle","","True"
"serve","curated+wordle","64","True"
"servo","wordle","","True"
"sesey","wordle","","True"
"sessa","wordle","","True"
"setae","wordle","","True"
"setal","wordle","","True"
"seton","wordle","","True"
"setts","wordle","","True"
"setup","wordle","","True"
"seven","curated+wordle","132","True"
"sever","wordle","","True"
"sewan","wordle","","True"
"sewar","wordle","","True"
"sewed","wordle","","True"
"sewel","wordle","","True"
"sewen","wordle","","True"
"sewer","wordle","","True"
"sewin","wordle","","True"
"sexed","wordle","","True"
"sexer","wordle","","True"
"sexes","wordle","","True"
"sexto","wordle","","True"
"sexts","wordle","","True"
"seyen","wordle","","True"
"shack","wordle","","True"
"shade","curated+wordle","35","True"
"shads","wordle","","True"
"shady","wordle","","True"
"shaft","curated+wordle","71","True"
"shags","wordle","","True"
"shahs","wordle","","True"
"shake","curated+wordle","14","True"
"shako","wordle","","True"
"shakt","wordle","","True"
"shaky","wordle","","True"
"shale","wordle","","True"
"shall","curated+wordle","735","True"
"shalm","wordle","","True"
"shalt","wordle","","True"
"shaly","wordle","","True"
"shama","wordle","","True"
"shame","curated+wordle","32","True"
"shams","wordle","","True"
"shand","wordle","","True"
"shank","wordle","","True"
"shans","wordle","","True"
"shape","curated+wordle","62","True"
"shaps","wordle","","True"
"shard","wordle","","True"
"share","curated+wordle","69","True"
"shark","wordle","","True"
"sharn","wordle","","True"
"sharp","curated+wordle","83","True"
"shash","wordle","","True"
"shaul","wordle","","True"
"shave","wordle","","True"
"shawl","curated+wordle","22","True"
"shawm","wordle","","True"
"shawn","wordle","","True"
"shaws","wordle","","True"
"shaya","wordle","","True"
"shays","wordle","","True"
"shchi","wordle","","True"
"sheaf","wordle","","True"
"sheal","wordle","","True"
"shear","wordle","","True"
"sheas","wordle","","True"
"sheds","curated+wordle","5","True"
"sheel","wordle","","True"
"sheen","wordle","","True"
"sheep","curated+wordle","24","True"
"sheer","curated+wordle","8","True"
"sheet","curated+wordle","29","True"
"sheik","wordle","","True"
"shelf","curated+wordle","8","True"
"shell","curated+wordle","41","True"
"shend","wordle","","True"
"shent","wordle","","True"
"sheol","wordle","","True"
"sherd","wordle","","True"
"shere","wordle","","True"
"shero","wordle","","True"
"shets","wordle","","True"
"sheva","wordle","","True"
"shewn","wordle","","True"
"shews","wordle","","True"
"shiai","wordle","","True"
"shied","wordle","","True"
"shiel","wordle","","True"
"shier","wordle","","True"
"shies","wordle","","True"
"shift","curated+wordle","6","True"
"shill","wordle","","True"
"shily","wordle","","True"
"shims","wordle","","True"
"shine","curated+wordle","4","True"
"shins","wordle","","True"
"shiny","wordle","","True"
"ships","curated+wordle","64","True"
"shire","wordle","","True"
"shirk","wordle","","True"
"shirr","wordle","","True"
"shirs","wordle","","True"
"shirt","wordle","","True"
"shish","wordle","","True"
"shiso","wordle","","True"
"shist","wordle","","True"
"shite","wordle","","True"
"shits","wordle","","True"
"shiur","wordle","","True"
"shiva","wordle","","True"
"shive","wordle","","True"
"shivs","wordle","","True"
"shlep","wordle","","True"
"shlub","wordle","","True"
"shmek","wordle","","True"
"shmoe","wordle","","True"
"shoal","wordle","","True"
"shoat","wordle","","True"
"shock","curated+wordle","87","True"
"shoed","wordle","","True"
"shoer","wordle","","True"
"shoes","curated+wordle","38","True"
"shogi","wordle","","True"
"shogs","wordle","","True"
"shoji","wordle","","True"
"shojo","wordle","","True"
"shola","wordle","","True"
"shone","curated+wordle","41","True"
"shook","curated+wordle","70","True"
"shool","wordle","","True"
"shoon","wordle","","True"
"shoos","wordle","","True"
"shoot","wordle","","True"
"shope","wordle","","True"
"shops","wordle","","True"
"shore","curated+wordle","11","True"
"shorl","wordle","","True"
"shorn","wordle","","True"
"short","curated+wordle","236","True"
"shote","wordle","","True"
"shots","wordle","","True"
"shott","wordle","","True"
"shout","wordle","","True"
"shove","curated+wordle","6","True"
"showd","wordle","","True"
"shown","curated+wordle","113","True"
"shows","wordle","","True"
"showy","wordle","","True"
"shoyu","wordle","","True"
"shred","wordle","","True"
"shrew","wordle","","True"
"shris","wordle","","True"
"shrow","wordle","","True"
"shrub","wordle","","True"
"shrug","wordle","","True"
"shtik","wordle","","True"
"shtum","wordle","","True"
"shtup","wordle","","True"
"shuck","wordle","","True"
"shule","wordle","","True"
"shuln","wordle","","True"
"shuls","wordle","","True"
"shuns","wordle","","True"
"shunt","wordle","","True"
"shura","wordle","","True"
"shush","wordle","","True"
"shute","wordle","","True"
"shuts","wordle","","True"
"shwas","wordle","","True"
"shyer","wordle","","True"
"shyly","wordle","","True"
"sials","wordle","","True"
"sibbs","wordle","","True"
"sibyl","wordle","","True"
"sices","wordle","","True"
"sicht","wordle","","True"
"sicko","wordle","","True"
"sicks","wordle","","True"
"sicky","wordle","","True"
"sidas","wordle","","True"
"sided","curated+wordle","5","True"
"sider","wordle","","True"
"sides","curated+wordle","172","True"
"sidha","wordle","","True"
"sidhe","wordle","","True"
"sidle","wordle","","True"
"siege","curated+wordle","8","True"
"sield","wordle","","True"
"siens","wordle","","True"
"sient","wordle","","True"
"sieth","wordle","","True"
"sieur","wordle","","True"
"sieve","wordle","","True"
"sifts","wordle","","True"
"sighs","curated+wordle","6","True"
"sight","curated+wordle","129","True"
"sigil","wordle","","True"
"sigla","wordle","","True"
"sigma","wordle","","True"
"signa","wordle","","True"
"signs","curated+wordle","98","True"
"sijos","wordle","","True"
"sikas","wordle","","True"
"siker","wordle","","True"
"sikes","wordle","","True"
"silds","wordle","","True"
"siled","wordle","","True"
"silen","wordle","","True"
"siler","wordle","","True"
"siles","wordle","","True"
"silex","wordle","","True"
"silks","wordle","","True"
"silky","wordle","","True"
"sills","wordle","","True"
"silly","wordle","","True"
"silos","wordle","","True"
"silts","wordle","","True"
"silty","wordle","","True"
"silva","wordle","","True"
"simar","wordle","","True"
"simas","wordle","","True"
"simba","wordle","","True"
"simis","wordle","","True"
"simps","wordle","","True"
"simul","wordle","","True"
"since","curated+wordle","260","True"
"sinds","wordle","","True"
"sined","wordle","","True"
"sines","wordle","","True"
"sinew","wordle","","True"
"singe","wordle","","True"
"sings","wordle","","True"
"sinhs","wordle","","True"
"sinks","wordle","","True"
"sinky","wordle","","True"
"sinus","wordle","","True"
"siped","wordle","","True"
"sipes","wordle","","True"
"sippy","wordle","","True"
"sired","wordle","","True"
"siree","wordle","","True"
"siren","wordle","","True"
"sires","wordle","","True"
"sirih","wordle","","True"
"siris","wordle","","True"
"siroc","wordle","","True"
"sirra","wordle","","True"
"sirup","wordle","","True"
"sisal","wordle","","True"
"sises","wordle","","True"
"sissy","wordle","","True"
"sista","wordle","","True"
"sists","wordle","","True"
"sitar","wordle","","True"
"sited","wordle","","True"
"sites","wordle","","True"
"sithe","wordle","","True"
"sitka","wordle","","True"
"situp","wordle","","True"
"situs","wordle","","True"
"siver","wordle","","True"
"sixer","wordle","","True"
"sixes","wordle","","True"
"sixmo","wordle","","True"
"sixte","wordle","","True"
"sixth","wordle","","True"
"sixty","wordle","","True"
"sizar","wordle","","True"
"sized","wordle","","True"
"sizel","wordle","","True"
"sizer","wordle","","True"
"sizes","wordle","","True"
"skags","wordle","","True"
"skail","wordle","","True"
"skald","wordle","","True"
"skank","wordle","","True"
"skart","wordle","","True"
"skate","wordle","","True"
"skats","wordle","","True"
"skatt","wordle","","True"
"skaws","wordle","","True"
"skean","wordle","","True"
"skear","wordle","","True"
"skeds","wordle","","True"
"skeed","wordle","","True"
"skeef","wordle","","True"
"skeen","wordle","","True"
"skeer","wordle","","True"
"skees","wordle","","True"
"skeet","wordle","","True"
"skegg","wordle","","True"
"skegs","wordle","","True"
"skein","wordle","","True"
"skelf","wordle","","True"
"skell","wordle","","True"
"skelm","wordle","","True"
"skelp","wordle","","True"
"skene","wordle","","True"
"skens","wordle","","True"
"skeos","wordle","","True"
"skeps","wordle","","True"
"skers","wordle","","True"
"skets","wordle","","True"
"skews","wordle","","True"
"skids","wordle","","True"
"skied","wordle","","True"
"skier","wordle","","True"
"skies","wordle","","True"
"skiey","wordle","","True"
"skiff","wordle","","True"
"skill","wordle","","True"
"skimo","wordle","","True"
"skimp","wordle","","True"
"skims","wordle","","True"
"skink","wordle","","True"
"skins","wordle","","True"
"skint","wordle","","True"
"skios","wordle","","True"
"skips","wordle","","True"
"skirl","wordle","","True"
"skirr","wordle","","True"
"skirt","wordle","","True"
"skite","wordle","","True"
"skits","wordle","","True"
"skive","wordle","","True"
"skivy","wordle","","True"
"sklim","wordle","","True"
"skoal","wordle","","True"
"skody","wordle","","True"
"skoff","wordle","","True"
"skogs","wordle","","True"
"skols","wordle","","True"
"skool","wordle","","True"
"skort","wordle","","True"
"skosh","wordle","","True"
"skran","wordle","","True"
"skrik","wordle","","True"
"skuas","wordle","","True"
"skugs","wordle","","True"
"skulk","wordle","","True"
"skull","wordle","","True"
"skunk","wordle","","True"
"skyed","wordle","","True"
"skyer","wordle","","True"
"skyey","wordle","","True"
"skyfs","wordle","","True"
"skyre","wordle","","True"
"skyrs","wordle","","True"
"skyte","wordle","","True"
"slabs","wordle","","True"
"slack","curated+wordle","4","True"
"slade","wordle","","True"
"slaes","wordle","","True"
"slags","wordle","","True"
"slaid","wordle","","True"
"slain","wordle","","True"
"slake","wordle","","True"
"slams","wordle","","True"
"slane","wordle","","True"
"slang","wordle","","True"
"slank","wordle","","True"
"slant","wordle","","True"
"slaps","wordle","","True"
"slart","wordle","","True"
"slash","wordle","","True"
"slate","wordle","","True"
"slats","wordle","","True"
"slaty","wordle","","True"
"slave","curated+wordle","78","False"
"slaws","wordle","","True"
"slays","wordle","","True"
"slebs","wordle","","True"
"sleds","wordle","","True"
"sleek","curated+wordle","5","True"
"sleep","curated+wordle","113","True"
"sleer","wordle","","True"
"sleet","wordle","","True"
"slept","wordle","","True"
"slews","wordle","","True"
"sleys","wordle","","True"
"slice","curated+wordle","5","True"
"slick","wordle","","True"
"slide","curated+wordle","4","True"
"slier","wordle","","True"
"slily","wordle","","True"
"slime","wordle","","True"
"slims","wordle","","True"
"slimy","wordle","","True"
"sling","wordle","","True"
"slink","wordle","","True"
"slipe","wordle","","True"
"slips","wordle","","True"
"slipt","wordle","","True"
"slish","wordle","","True"
"slits","wordle","","True"
"slive","wordle","","True"
"sloan","wordle","","True"
"slobs","wordle","","True"
"sloes","wordle","","True"
"slogs","wordle","","True"
"sloid","wordle","","True"
"slojd","wordle","","True"
"slomo","wordle","","True"
"sloom","wordle","","True"
"sloop","wordle","","True"
"sloot","wordle","","True"
"slope","wordle","","True"
"slops","wordle","","True"
"slopy","wordle","","True"
"slorm","wordle","","True"
"slosh","wordle","","True"
"sloth","wordle","","True"
"slots","wordle","","True"
"slove","wordle","","True"
"slows","wordle","","True"
"sloyd","wordle","","True"
"slubb","wordle","","True"
"slubs","wordle","","True"
"slued","wordle","","True"
"slues","wordle","","True"
"sluff","wordle","","True"
"slugs","wordle","","True"
"sluit","wordle","","True"
"slump","wordle","","True"
"slums","wordle","","True"
"slung","wordle","","True"
"slunk","wordle","","True"
"slurb","wordle","","True"
"slurp","wordle","","True"
"slurs","wordle","","True"
"sluse","wordle","","True"
"slush","wordle","","True"
"slyer","wordle","","True"
"slyly","wordle","","True"
"slype","wordle","","True"
"smaak","wordle","","True"
"smack","curated+wordle","5","True"
"smaik","wordle","","True"
"small","curated+wordle","527","True"
"smalm","wordle","","True"
"smalt","wordle","","True"
"smarm","wordle","","True"
"smart","wordle","","True"
"smash","curated+wordle","4","True"
"smaze","wordle","","True"
"smear","wordle","","True"
"smeek","wordle","","True"
"smees","wordle","","True"
"smeik","wordle","","True"
"smeke","wordle","","True"
"smell","wordle","","True"
"smelt","wordle","","True"
"smerk","wordle","","True"
"smews","wordle","","True"
"smile","curated+wordle","426","True"
"smirk","wordle","","True"
"smirr","wordle","","True"
"smirs","wordle","","True"
"smite","wordle","","True"
"smith","wordle","","True"
"smits","wordle","","True"
"smock","wordle","","True"
"smogs","wordle","","True"
"smoke","curated+wordle","144","True"
"smoko","wordle","","True"
"smoky","wordle","","True"
"smolt","wordle","","True"
"smoor","wordle","","True"
"smoot","wordle","","True"
"smore","wordle","","True"
"smorg","wordle","","True"
"smote","wordle","","True"
"smout","wordle","","True"
"smowt","wordle","","True"
"smugs","wordle","","True"
"smurs","wordle","","True"
"smush","wordle","","True"
"smuts","wordle","","True"
"snabs","wordle","","True"
"snack","wordle","","True"
"snafu","wordle","","True"
"snags","wordle","","True"
"snail","wordle","","True"
"snake","curated+wordle","13","True"
"snaky","wordle","","True"
"snaps","wordle","","True"
"snare","wordle","","True"
"snarf","wordle","","True"
"snark","wordle","","True"
"snarl","wordle","","True"
"snars","wordle","","True"
"snary","wordle","","True"
"snash","wordle","","True"
"snath","wordle","","True"
"snaws","wordle","","True"
"snead","wordle","","True"
"sneak","wordle","","True"
"sneap","wordle","","True"
"snebs","wordle","","True"
"sneck","wordle","","True"
"sneds","wordle","","True"
"sneed","wordle","","True"
"sneer","curated+wordle","6","True"
"snees","wordle","","True"
"snell","wordle","","True"
"snibs","wordle","","True"
"snick","wordle","","True"
"snide","wordle","","True"
"snies","wordle","","True"
"sniff","wordle","","True"
"snift","wordle","","True"
"snigs","wordle","","True"
"snipe","wordle","","True"
"snips","wordle","","True"
"snipy","wordle","","True"
"snirt","wordle","","True"
"snits","wordle","","True"
"snobs","wordle","","True"
"snods","wordle","","True"
"snoek","wordle","","True"
"snoep","wordle","","True"
"snogs","wordle","","True"
"snoke","wordle","","True"
"snood","wordle","","True"
"snook","wordle","","True"
"snool","wordle","","True"
"snoop","wordle","","True"
"snoot","wordle","","True"
"snore","wordle","","True"
"snort","wordle","","True"
"snots","wordle","","True"
"snout","wordle","","True"
"snowk","wordle","","True"
"snows","wordle","","True"
"snowy","wordle","","True"
"snubs","wordle","","True"
"snuck","wordle","","True"
"snuff","curated+wordle","11","True"
"snugs","wordle","","True"
"snush","wordle","","True"
"snyes","wordle","","True"
"soaks","wordle","","True"
"soaps","wordle","","True"
"soapy","wordle","","True"
"soare","wordle","","True"
"soars","wordle","","True"
"soave","wordle","","True"
"sobas","wordle","","True"
"sober","curated+wordle","7","True"
"socas","wordle","","True"
"soces","wordle","","True"
"socko","wordle","","True"
"socks","wordle","","True"
"socle","wordle","","True"
"sodas","wordle","","True"
"soddy","wordle","","True"
"sodic","wordle","","True"
"sodom","wordle","","True"
"sofar","wordle","","True"
"sofas","wordle","","True"
"softa","wordle","","True"
"softs","wordle","","True"
"softy","wordle","","True"
"soger","wordle","","True"
"soggy","wordle","","True"
"sohur","wordle","","True"
"soils","wordle","","True"
"soily","wordle","","True"
"sojas","wordle","","True"
"sojus","wordle","","True"
"sokah","wordle","","True"
"soken","wordle","","True"
"sokes","wordle","","True"
"sokol","wordle","","True"
"solah","wordle","","True"
"solan","wordle","","True"
"solar","wordle","","True"
"solas","wordle","","True"
"solde","wordle","","True"
"soldi","wordle","","True"
"soldo","wordle","","True"
"solds","wordle","","True"
"soled","wordle","","True"
"solei","wordle","","True"
"soler","wordle","","True"
"soles","wordle","","True"
"solid","wordle","","True"
"solon","wordle","","True"
"solos","wordle","","True"
"solum","wordle","","True"
"solus","wordle","","True"
"solve","wordle","","True"
"soman","wordle","","True"
"somas","wordle","","True"
"sonar","wordle","","True"
"sonce","wordle","","True"
"sonde","wordle","","True"
"sones","wordle","","True"
"songs","wordle","","True"
"sonic","wordle","","True"
"sonly","wordle","","True"
"sonne","wordle","","True"
"sonny","wordle","","True"
"sonse","wordle","","True"
"sonsy","wordle","","True"
"sooey","wordle","","True"
"sooks","wordle","","True"
"sooky","wordle","","True"
"soole","wordle","","True"
"sools","wordle","","True"
"sooms","wordle","","True"
"soops","wordle","","True"
"soote","wordle","","True"
"sooth","wordle","","True"
"soots","wordle","","True"
"sooty","wordle","","True"
"sophs","wordle","","True"
"sophy","wordle","","True"
"sopor","wordle","","True"
"soppy","wordle","","True"
"sopra","wordle","","True"
"soral","wordle","","True"
"soras","wordle","","True"
"sorbo","wordle","","True"
"sorbs","wordle","","True"
"sorda","wordle","","True"
"sordo","wordle","","True"
"sords","wordle","","True"
"sored","wordle","","True"
"soree","wordle","","True"
"sorel","wordle","","True"
"sorer","wordle","","True"
"sores","wordle","","True"
"sorex","wordle","","True"
"sorgo","wordle","","True"
"sorns","wordle","","True"
"sorra","wordle","","True"
"sorry","wordle","","True"
"sorta","wordle","","True"
"sorts","wordle","","True"
"sorus","wordle","","True"
"soths","wordle","","True"
"sotol","wordle","","True"
"souce","wordle","","True"
"souct","wordle","","True"
"sough","wordle","","True"
"souks","wordle","","True"
"souls","wordle","","True"
"soums","wordle","","True"
"sound","curated+wordle","219","True"
"soups","wordle","","True"
"soupy","wordle","","True"
"sours","wordle","","True"
"souse","wordle","","True"
"south","curated+wordle","318","True"
"souts","wordle","","True"
"sowar","wordle","","True"
"sowce","wordle","","True"
"sowed","wordle","","True"
"sower","wordle","","True"
"sowff","wordle","","True"
"sowfs","wordle","","True"
"sowle","wordle","","True"
"sowls","wordle","","True"
"sowms","wordle","","True"
"sownd","wordle","","True"
"sowne","wordle","","True"
"sowps","wordle","","True"
"sowse","wordle","","True"
"sowth","wordle","","True"
"soyas","wordle","","True"
"soyle","wordle","","True"
"soyuz","wordle","","True"
"sozin","wordle","","True"
"space","curated+wordle","65","True"
"spacy","wordle","","True"
"spade","wordle","","True"
"spado","wordle","","True"
"spaed","wordle","","True"
"spaer","wordle","","True"
"spaes","wordle","","True"
"spags","wordle","","True"
"spahi","wordle","","True"
"spail","wordle","","True"
"spain","wordle","","True"
"spait","wordle","","True"
"spake","wordle","","True"
"spald","wordle","","True"
"spale","wordle","","True"
"spall","wordle","","True"
"spalt","wordle","","True"
"spams","wordle","","True"
"spane","wordle","","True"
"spang","wordle","","True"
"spank","wordle","","True"
"spans","wordle","","True"
"spard","wordle","","True"
"spare","curated+wordle","27","True"
"spark","wordle","","True"
"spars","wordle","","True"
"spart","wordle","","True"
"spasm","wordle","","True"
"spate","wordle","","True"
"spats","wordle","","True"
"spaul","wordle","","True"
"spawl","wordle","","True"
"spawn","wordle","","True"
"spaws","wordle","","True"
"spayd","wordle","","True"
"spays","wordle","","True"
"spaza","wordle","","True"
"spazz","wordle","","True"
"speak","curated+wordle","255","True"
"speal","wordle","","True"
"spean","wordle","","True"
"spear","wordle","","True"
"speat","wordle","","True"
"speck","curated+wordle","4","True"
"specs","wordle","","True"
"spect","wordle","","True"
"speed","curated+wordle","31","True"
"speel","wordle","","True"
"speer","wordle","","True"
"speil","wordle","","True"
"speir","wordle","","True"
"speks","wordle","","True"
"speld","wordle","","True"
"spelk","wordle","","True"
"spell","wordle","","True"
"spelt","wordle","","True"
"spend","curated+wordle","32","True"
"spent","curated+wordle","111","True"
"speos","wordle","","True"
"sperm","wordle","","True"
"spets","wordle","","True"
"speug","wordle","","True"
"spews","wordle","","True"
"spewy","wordle","","True"
"spial","wordle","","True"
"spica","wordle","","True"
"spice","wordle","","True"
"spicy","wordle","","True"
"spide","wordle","","True"
"spied","wordle","","True"
"spiel","wordle","","True"
"spier","wordle","","True"
"spies","wordle","","True"
"spiff","wordle","","True"
"spifs","wordle","","True"
"spike","wordle","","True"
"spiky","wordle","","True"
"spile","wordle","","True"
"spill","wordle","","True"
"spilt","wordle","","True"
"spims","wordle","","True"
"spina","wordle","","True"
"spine","wordle","","True"
"spink","wordle","","True"
"spins","wordle","","True"
"spiny","wordle","","True"
"spire","wordle","","True"
"spirt","wordle","","True"
"spiry","wordle","","True"
"spite","curated+wordle","117","True"
"spits","wordle","","True"
"spitz","wordle","","True"
"spivs","wordle","","True"
"splat","wordle","","True"
"splay","wordle","","True"
"split","wordle","","True"
"splog","wordle","","True"
"spode","wordle","","True"
"spods","wordle","","True"
"spoil","wordle","","True"
"spoke","curated+wordle","218","True"
"spoof","wordle","","True"
"spook","wordle","","True"
"spool","wordle","","True"
"spoom","wordle","","True"
"spoon","wordle","","True"
"spoor","wordle","","True"
"spoot","wordle","","True"
"spore","wordle","","True"
"spork","wordle","","True"
"sport","wordle","","True"
"sposh","wordle","","True"
"spots","wordle","","True"
"spout","wordle","","True"
"sprad","wordle","","True"
"sprag","wordle","","True"
"sprat","wordle","","True"
"spray","wordle","","True"
"spred","wordle","","True"
"spree","wordle","","True"
"sprew","wordle","","True"
"sprig","wordle","","True"
"sprit","wordle","","True"
"sprod","wordle","","True"
"sprog","wordle","","True"
"sprue","wordle","","True"
"sprug","wordle","","True"
"spuds","wordle","","True"
"spued","wordle","","True"
"spuer","wordle","","True"
"spues","wordle","","True"
"spugs","wordle","","True"
"spule","wordle","","True"
"spume","wordle","","True"
"spumy","wordle","","True"
"spunk","wordle","","True"
"spurn","wordle","","True"
"spurs","wordle","","True"
"spurt","wordle","","True"
"sputa","wordle","","True"
"spyal","wordle","","True"
"spyre","wordle","","True"
"squab","wordle","","True"
"squad","wordle","","True"
"squat","wordle","","True"
"squaw","wordle","","True"
"squeg","wordle","","True"
"squib","wordle","","True"
"squid","wordle","","True"
"squit","wordle","","True"
"squiz","wordle","","True"
"stabs","curated+wordle","5","True"
"stack","wordle","","True"
"stade","wordle","","True"
"staff","curated+wordle","144","True"
"stage","curated+wordle","108","True"
"stags","wordle","","True"
"stagy","wordle","","True"
"staid","curated+wordle","7","True"
"staig","wordle","","True"
"stain","wordle","","True"
"stair","wordle","","True"
"stake","curated+wordle","24","True"
"stale","curated+wordle","4","True"
"stalk","wordle","","True"
"stall","wordle","","True"
"stamp","wordle","","True"
"stand","curated+wordle","89","True"
"stane","wordle","","True"
"stang","wordle","","True"
"stank","wordle","","True"
"staph","wordle","","True"
"staps","wordle","","True"
"stare","curated+wordle","5","True"
"stark","wordle","","True"
"starn","wordle","","True"
"starr","wordle","","True"
"stars","wordle","","True"
"start","curated+wordle","67","True"
"stash","wordle","","True"
"state","curated+wordle","664","True"
"stats","wordle","","True"
"staun","wordle","","True"
"stave","wordle","","True"
"staws","wordle","","True"
"stays","wordle","","True"
"stead","wordle","","True"
"steak","wordle","","True"
"steal","curated+wordle","6","True"
"steam","curated+wordle","30","True"
"stean","wordle","","True"
"stear","wordle","","True"
"stedd","wordle","","True"
"stede","wordle","","True"
"steds","wordle","","True"
"steed","wordle","","True"
"steek","wordle","","True"
"steel","curated+wordle","30","True"
"steem","wordle","","True"
"steen","wordle","","True"
"steep","curated+wordle","12","True"
"steer","curated+wordle","4","True"
"steil","wordle","","True"
"stein","wordle","","True"
"stela","wordle","","True"
"stele","wordle","","True"
"stell","wordle","","True"
"steme","wordle","","True"
"stems","wordle","","True"
"stend","wordle","","True"
"steno","wordle","","True"
"stens","wordle","","True"
"stent","wordle","","True"
"steps","curated+wordle","188","True"
"stept","wordle","","True"
"stere","wordle","","True"
"stern","curated+wordle","65","True"
"stets","wordle","","True"
"stews","wordle","","True"
"stewy","wordle","","True"
"steys","wordle","","True"
"stich","wordle","","True"
"stick","wordle","","True"
"stied","wordle","","True"
"sties","wordle","","True"
"stiff","curated+wordle","20","True"
"stilb","wordle","","True"
"stile","wordle","","True"
"still","wordle","","True"
"stilt","wordle","","True"
"stime","wordle","","True"
"stims","wordle","","True"
"stimy","wordle","","True"
"sting","wordle","","True"
"stink","wordle","","True"
"stint","wordle","","True"
"stipa","wordle","","True"
"stipe","wordle","","True"
"stire","wordle","","True"
"stirk","wordle","","True"
"stirp","wordle","","True"
"stirs","wordle","","True"
"stive","wordle","","True"
"stivy","wordle","","True"
"stoae","wordle","","True"
"stoai","wordle","","True"
"stoas","wordle","","True"
"stoat","wordle","","True"
"stobs","wordle","","True"
"stock","wordle","","True"
"stoep","wordle","","True"
"stogy","wordle","","True"
"stoic","wordle","","True"
"stoit","wordle","","True"
"stoke","wordle","","True"
"stole","wordle","","True"
"stoln","wordle","","True"
"stoma","wordle","","True"
"stomp","wordle","","True"
"stond","wordle","","True"
"stone","curated+wordle","72","True"
"stong","wordle","","True"
"stonk","wordle","","True"
"stonn","wordle","","True"
"stony","wordle","","True"
"stood","curated+wordle","383","True"
"stook","wordle","","True"
"stool","wordle","","True"
"stoop","wordle","","True"
"stoor","wordle","","True"
"stope","wordle","","True"
"stops","wordle","","True"
"stopt","wordle","","True"
"store","curated+wordle","1800","True"
"stork","wordle","","True"
"storm","wordle","","True"
"story","wordle","","True"
"stoss","wordle","","True"
"stots","wordle","","True"
"stott","wordle","","True"
"stoun","wordle","","True"
"stoup","wordle","","True"
"stour","wordle","","True"
"stout","wordle","","True"
"stove","wordle","","True"
"stown","wordle","","True"
"stowp","wordle","","True"
"stows","wordle","","True"
"strad","wordle","","True"
"strae","wordle","","True"
"strag","wordle","","True"
"strak","wordle","","True"
"strap","wordle","","True"
"straw","wordle","","True"
"stray","wordle","","True"
"strep","wordle","","True"
"strew","wordle","","True"
"stria","wordle","","True"
"strig","wordle","","True"
"strim","wordle","","True"
"strip","wordle","","True"
"strop","wordle","","True"
"strow","wordle","","True"
"stroy","wordle","","True"
"strum","wordle","","True"
"strut","wordle","","True"
"stubs","wordle","","True"
"stuck","wordle","","True"
"stude","wordle","","True"
"studs","wordle","","True"
"study","curated+wordle","144","True"
"stuff","curated+wordle","11","True"
"stull","wordle","","True"
"stulm","wordle","","True"
"stumm","wordle","","True"
"stump","wordle","","True"
"stums","wordle","","True"
"stung","wordle","","True"
"stunk","wordle","","True"
"stuns","wordle","","True"
"stunt","wordle","","True"
"stupa","wordle","","True"
"stupe","wordle","","True"
"sture","wordle","","True"
"sturt","wordle","","True"
"styed","wordle","","True"
"styes","wordle","","True"
"style","wordle","","True"
"styli","wordle","","True"
"stylo","wordle","","True"
"styme","wordle","","True"
"stymy","wordle","","True"
"styre","wordle","","True"
"styte","wordle","","True"
"suave","wordle","","True"
"subah","wordle","","True"
"subas","wordle","","True"
"subby","wordle","","True"
"suber","wordle","","True"
"subha","wordle","","True"
"succi","wordle","","True"
"sucks","wordle","","True"
"sucky","wordle","","True"
"sucre","wordle","","True"
"sudds","wordle","","True"
"sudor","wordle","","True"
"sudsy","wordle","","True"
"suede","wordle","","True"
"suent","wordle","","True"
"suers","wordle","","True"
"suete","wordle","","True"
"suets","wordle","","True"
"suety","wordle","","True"
"sugan","wordle","","True"
"sugar","curated+wordle","51","True"
"sughs","wordle","","True"
"sugos","wordle","","True"
"suhur","wordle","","True"
"suids","wordle","","True"
"suing","wordle","","True"
"suint","wordle","","True"
"suite","curated+wordle","79","True"
"suits","wordle","","True"
"sujee","wordle","","True"
"sukhs","wordle","","True"
"sukuk","wordle","","True"
"sulci","wordle","","True"
"sulfa","wordle","","True"
"sulfo","wordle","","True"
"sulks","wordle","","True"
"sulky","wordle","","True"
"sully","wordle","","True"
"sulph","wordle","","True"
"sulus","wordle","","True"
"sumac","wordle","","True"
"sumis","wordle","","True"
"summa","wordle","","True"
"sumos","wordle","","True"
"sumph","wordle","","True"
"sumps","wordle","","True"
"sunis","wordle","","True"
"sunks","wordle","","True"
"sunna","wordle","","True"
"sunns","wordle","","True"
"sunny","wordle","","True"
"sunup","wordle","","True"
"super","wordle","","True"
"supes","wordle","","True"
"supra","wordle","","True"
"surah","wordle","","True"
"sural","wordle","","True"
"suras","wordle","","True"
"surat","wordle","","True"
"surds","wordle","","True"
"sured","wordle","","True"
"surer","wordle","","True"
"sures","wordle","","True"
"surfs","wordle","","True"
"surfy","wordle","","True"
"surge","wordle","","True"
"surgy","wordle","","True"
"surly","wordle","","True"
"surra","wordle","","True"
"sused","wordle","","True"
"suses","wordle","","True"
"sushi","wordle","","True"
"susus","wordle","","True"
"sutor","wordle","","True"
"sutra","wordle","","True"
"sutta","wordle","","True"
"swabs","wordle","","True"
"swack","wordle","","True"
"swads","wordle","","True"
"swage","wordle","","True"
"swags","wordle","","True"
"swail","wordle","","True"
"swain","wordle","","True"
"swale","wordle","","True"
"swaly","wordle","","True"
"swami","wordle","","True"
"swamp","wordle","","True"
"swamy","wordle","","True"
"swang","wordle","","True"
"swank","wordle","","True"
"swans","wordle","","True"
"swaps","wordle","","True"
"swapt","wordle","","True"
"sward","wordle","","True"
"sware","wordle","","True"
"swarf","wordle","","True"
"swarm","wordle","","True"
"swart","wordle","","True"
"swash","wordle","","True"
"swath","wordle","","True"
"swats","wordle","","True"
"swayl","wordle","","True"
"sways","wordle","","True"
"sweal","wordle","","True"
"swear","curated+wordle","12","True"
"sweat","curated+wordle","19","True"
"swede","wordle","","True"
"sweed","wordle","","True"
"sweel","wordle","","True"
"sweep","curated+wordle","16","True"
"sweer","wordle","","True"
"swees","wordle","","True"
"sweet","curated+wordle","35","True"
"sweir","wordle","","True"
"swell","wordle","","True"
"swelt","wordle","","True"
"swept","wordle","","True"
"swerf","wordle","","True"
"sweys","wordle","","True"
"swies","wordle","","True"
"swift","wordle","","True"
"swigs","wordle","","True"
"swile","wordle","","True"
"swill","wordle","","True"
"swims","wordle","","True"
"swine","wordle","","True"
"swing","wordle","","True"
"swink","wordle","","True"
"swipe","wordle","","True"
"swire","wordle","","True"
"swirl","wordle","","True"
"swish","wordle","","True"
"swiss","wordle","","True"
"swith","wordle","","True"
"swits","wordle","","True"
"swive","wordle","","True"
"swizz","wordle","","True"
"swobs","wordle","","True"
"swole","wordle","","True"
"swoln","wordle","","True"
"swoon","wordle","","True"
"swoop","wordle","","True"
"swops","wordle","","True"
"swopt","wordle","","True"
"sword","wordle","","True"
"swore","wordle","","True"
"sworn","wordle","","True"
"swots","wordle","","True"
"swoun","wordle","","True"
"swung","wordle","","True"
"sybbe","wordle","","True"
"sybil","wordle","","True"
"syboe","wordle","","True"
"sybow","wordle","","True"
"sycee","wordle","","True"
"syces","wordle","","True"
"sycon","wordle","","True"
"syens","wordle","","True"
"syker","wordle","","True"
"sykes","wordle","","True"
"sylis","wordle","","True"
"sylph","wordle","","True"
"sylva","wordle","","True"
"symar","wordle","","True"
"synch","wordle","","True"
"syncs","wordle","","True"
"synds","wordle","","True"
"syned","wordle","","True"
"synes","wordle","","True"
"synod","wordle","","True"
"synth","wordle","","True"
"syped","wordle","","True"
"sypes","wordle","","True"
"syphs","wordle","","True"
"syrah","wordle","","True"
"syren","wordle","","True"
"syrup","wordle","","True"
"sysop","wordle","","True"
"sythe","wordle","","True"
"syver","wordle","","True"
"taals","wordle","","True"
"taata","wordle","","True"
"tabby","wordle","","True"
"taber","wordle","","True"
"tabes","wordle","","True"
"tabid","wordle","","True"
"tabis","wordle","","True"
"tabla","wordle","","True"
"table","curated+wordle","296","True"
"taboo","wordle","","True"
"tabor","wordle","","True"
"tabun","wordle","","True"
"tabus","wordle","","True"
"tacan","wordle","","True"
"taces","wordle","","True"
"tacet","wordle","","True"
"tache","wordle","","True"
"tacho","wordle","","True"
"tachs","wordle","","True"
"tacit","wordle","","True"
"tacks","wordle","","True"
"tacky","wordle","","True"
"tacos","wordle","","True"
"tacts","wordle","","True"
"taels","wordle","","True"
"taffy","wordle","","True"
"tafia","wordle","","True"
"taggy","wordle","","True"
"tagma","wordle","","True"
"tahas","wordle","","True"
"tahrs","wordle","","True"
"taiga","wordle","","True"
"taigs","wordle","","True"
"taiko","wordle","","True"
"tails","wordle","","True"
"tains","wordle","","True"
"taint","wordle","","True"
"taira","wordle","","True"
"taish","wordle","","True"
"taits","wordle","","True"
"tajes","wordle","","True"
"takas","wordle","","True"
"taken","curated+wordle","438","True"
"taker","wordle","","True"
"takes","curated+wordle","153","True"
"takhi","wordle","","True"
"takin","wordle","","True"
"takis","wordle","","True"
"takky","wordle","","True"
"talak","wordle","","True"
"talaq","wordle","","True"
"talar","wordle","","True"
"talas","wordle","","True"
"talcs","wordle","","True"
"talcy","wordle","","True"
"talea","wordle","","True"
"taler","wordle","","True"
"tales","curated+wordle","17","True"
"talks","wordle","","True"
"talky","wordle","","True"
"talls","wordle","","True"
"tally","wordle","","True"
"talma","wordle","","True"
"talon","wordle","","True"
"talpa","wordle","","True"
"taluk","wordle","","True"
"talus","wordle","","True"
"tamal","wordle","","True"
"tamed","wordle","","True"
"tamer","wordle","","True"
"tames","wordle","","True"
"tamin","wordle","","True"
"tamis","wordle","","True"
"tammy","wordle","","True"
"tamps","wordle","","True"
"tanas","wordle","","True"
"tanga","wordle","","True"
"tangi","wordle","","True"
"tango","wordle","","True"
"tangs","wordle","","True"
"tangy","wordle","","True"
"tanhs","wordle","","True"
"tanka","wordle","","True"
"tanks","wordle","","True"
"tanky","wordle","","True"
"tanna","wordle","","True"
"tansy","wordle","","True"
"tanti","wordle","","True"
"tanto","wordle","","True"
"tanty","wordle","","True"
"tapas","wordle","","True"
"taped","wordle","","True"
"tapen","wordle","","True"
"taper","curated+wordle","5","True"
"tapes","wordle","","True"
"tapet","wordle","","True"
"tapir","wordle","","True"
"tapis","wordle","","True"
"tappa","wordle","","True"
"tapus","wordle","","True"
"taras","wordle","","True"
"tardo","wordle","","True"
"tardy","wordle","","True"
"tared","wordle","","True"
"tares","wordle","","True"
"targa","wordle","","True"
"targe","wordle","","True"
"tarns","wordle","","True"
"taroc","wordle","","True"
"tarok","wordle","","True"
"taros","wordle","","True"
"tarot","wordle","","True"
"tarps","wordle","","True"
"tarre","wordle","","True"
"tarry","wordle","","True"
"tarsi","wordle","","True"
"tarts","wordle","","True"
"tarty","wordle","","True"
"tasar","wordle","","True"
"tased","wordle","","True"
"taser","wordle","","True"
"tases","wordle","","True"
"tasks","wordle","","True"
"tassa","wordle","","True"
"tasse","wordle","","True"
"tasso","wordle","","True"
"taste","curated+wordle","23","True"
"tasty","wordle","","True"
"tatar","wordle","","True"
"tater","wordle","","True"
"tates","wordle","","True"
"taths","wordle","","True"
"tatie","wordle","","True"
"tatou","wordle","","True"
"tatts","wordle","","True"
"tatty","wordle","","True"
"tatus","wordle","","True"
"taube","wordle","","True"
"tauld","wordle","","True"
"taunt","wordle","","True"
"tauon","wordle","","True"
"taupe","wordle","","True"
"tauts","wordle","","True"
"tavah","wordle","","True"
"tavas","wordle","","True"
"taver","wordle","","True"
"tawai","wordle","","True"
"tawas","wordle","","True"
"tawed","wordle","","True"
"tawer","wordle","","True"
"tawie","wordle","","True"
"tawny","wordle","","True"
"tawse","wordle","","True"
"tawts","wordle","","True"
"taxed","curated+wordle","5","True"
"taxer","wordle","","True"
"taxes","curated+wordle","63","True"
"taxis","wordle","","True"
"taxol","wordle","","True"
"taxon","wordle","","True"
"taxor","wordle","","True"
"taxus","wordle","","True"
"tayra","wordle","","True"
"tazza","wordle","","True"
"tazze","wordle","","True"
"teach","curated+wordle","27","True"
"teade","wordle","","True"
"teads","wordle","","True"
"teaed","wordle","","True"
"teaks","wordle","","True"
"teals","wordle","","True"
"teams","wordle","","True"
"tears","curated+wordle","172","True"
"teary","wordle","","True"
"tease","wordle","","True"
"teats","wordle","","True"
"teaze","wordle","","True"
"techs","wordle","","True"
"techy","wordle","","True"
"tecta","wordle","","True"
"teddy","wordle","","True"
"teels","wordle","","True"
"teems","wordle","","True"
"teend","wordle","","True"
"teene","wordle","","True"
"teens","wordle","","True"
"teeny","wordle","","True"
"teers","wordle","","True"
"teeth","curated+wordle","76","True"
"teffs","wordle","","True"
"teggs","wordle","","True"
"tegua","wordle","","True"
"tegus","wordle","","True"
"tehrs","wordle","","True"
"teiid","wordle","","True"
"teils","wordle","","True"
"teind","wordle","","True"
"teins","wordle","","True"
"telae","wordle","","True"
"telco","wordle","","True"
"teles","wordle","","True"
"telex","wordle","","True"
"telia","wordle","","True"
"telic","wordle","","True"
"tells","wordle","","True"
"telly","wordle","","True"
"teloi","wordle","","True"
"telos","wordle","","True"
"temed","wordle","","True"
"temes","wordle","","True"
"tempi","wordle","","True"
"tempo","wordle","","True"
"temps","wordle","","True"
"tempt","wordle","","True"
"temse","wordle","","True"
"tench","wordle","","True"
"tends","curated+wordle","48","True"
"tendu","wordle","","True"
"tenes","wordle","","True"
"tenet","wordle","","True"
"tenge","wordle","","True"
"tenia","wordle","","True"
"tenne","wordle","","True"
"tenno","wordle","","True"
"tenny","wordle","","True"
"tenon","wordle","","True"
"tenor","wordle","","True"
"tense","curated+wordle","23","True"
"tenth","curated+wordle","19","True"
"tents","wordle","","True"
"tenty","wordle","","True"
"tenue","wordle","","True"
"tepal","wordle","","True"
"tepas","wordle","","True"
"tepee","wordle","","True"
"tepid","wordle","","True"
"tepoy","wordle","","True"
"terai","wordle","","True"
"teras","wordle","","True"
"terce","wordle","","True"
"terek","wordle","","True"
"teres","wordle","","True"
"terfe","wordle","","True"
"terfs","wordle","","True"
"terga","wordle","","True"
"terms","curated+wordle","148","True"
"terne","wordle","","True"
"terns","wordle","","True"
"terra","wordle","","True"
"terry","wordle","","True"
"terse","wordle","","True"
"terts","wordle","","True"
"tesla","wordle","","True"
"testa","wordle","","True"
"teste","wordle","","True"
"tests","wordle","","True"
"testy","wordle","","True"
"tetes","wordle","","True"
"teths","wordle","","True"
"tetra","wordle","","True"
"tetri","wordle","","True"
"teuch","wordle","","True"
"teugh","wordle","","True"
"tewed","wordle","","True"
"tewel","wordle","","True"
"tewit","wordle","","True"
"texas","wordle","","True"
"texes","wordle","","True"
"texts","wordle","","True"
"thack","wordle","","True"
"thagi","wordle","","True"
"thaim","wordle","","True"
"thale","wordle","","True"
"thali","wordle","","True"
"thana","wordle","","True"
"thane","wordle","","True"
"thang","wordle","","True"
"thank","curated+wordle","105","True"
"thans","wordle","","True"
"thanx","wordle","","True"
"tharm","wordle","","True"
"thars","wordle","","True"
"thaws","wordle","","True"
"thawy","wordle","","True"
"thebe","wordle","","True"
"theca","wordle","","True"
"theed","wordle","","True"
"theek","wordle","","True"
"thees","wordle","","True"
"theft","wordle","","True"
"thegn","wordle","","True"
"theic","wordle","","True"
"thein","wordle","","True"
"their","curated+wordle","2955","True"
"thelf","wordle","","True"
"thema","wordle","","True"
"theme","curated+wordle","8","True"
"thens","wordle","","True"
"theow","wordle","","True"
"there","curated+wordle","2972","True"
"therm","wordle","","True"
"these","curated+wordle","1231","True"
"thesp","wordle","","True"
"theta","wordle","","True"
"thete","wordle","","True"
"thews","wordle","","True"
"thewy","wordle","","True"
"thick","curated+wordle","77","True"
"thief","curated+wordle","12","True"
"thigh","curated+wordle","39","True"
"thigs","wordle","","True"
"thilk","wordle","","True"
"thill","wordle","","True"
"thine","wordle","","True"
"thing","curated+wordle","303","True"
"think","curated+wordle","557","True"
"thins","wordle","","True"
"thiol","wordle","","True"
"third","curated+wordle","239","True"
"thirl","wordle","","True"
"thoft","wordle","","True"
"thole","wordle","","True"
"tholi","wordle","","True"
"thong","wordle","","True"
"thorn","wordle","","True"
"thoro","wordle","","True"
"thorp","wordle","","True"
"those","curated+wordle","1201","True"
"thous","wordle","","True"
"thowl","wordle","","True"
"thrae","wordle","","True"
"thraw","wordle","","True"
"three","curated+wordle","584","True"
"threw","curated+wordle","96","True"
"thrid","wordle","","True"
"thrip","wordle","","True"
"throb","wordle","","True"
"throe","wordle","","True"
"throw","wordle","","True"
"thrum","wordle","","True"
"thuds","wordle","","True"
"thugs","wordle","","True"
"thuja","wordle","","True"
"thumb","curated+wordle","51","True"
"thump","wordle","","True"
"thunk","wordle","","True"
"thurl","wordle","","True"
"thuya","wordle","","True"
"thyme","wordle","","True"
"thymi","wordle","","True"
"thymy","wordle","","True"
"tians","wordle","","True"
"tiara","wordle","","True"
"tiars","wordle","","True"
"tibia","wordle","","True"
"tical","wordle","","True"
"ticca","wordle","","True"
"ticed","wordle","","True"
"tices","wordle","","True"
"tichy","wordle","","True"
"ticks","wordle","","True"
"ticky","wordle","","True"
"tidal","wordle","","True"
"tiddy","wordle","","True"
"tided","wordle","","True"
"tides","wordle","","True"
"tiers","wordle","","True"
"tiffs","wordle","","True"
"tifos","wordle","","True"
"tifts","wordle","","True"
"tiger","wordle","","True"
"tiges","wordle","","True"
"tight","curated+wordle","30","True"
"tigon","wordle","","True"
"tikas","wordle","","True"
"tikes","wordle","","True"
"tikis","wordle","","True"
"tikka","wordle","","True"
"tilak","wordle","","True"
"tilde","wordle","","True"
"tiled","wordle","","True"
"tiler","wordle","","True"
"tiles","wordle","","True"
"tills","wordle","","True"
"tilly","wordle","","True"
"tilth","wordle","","True"
"tilts","wordle","","True"
"timbo","wordle","","True"
"timed","wordle","","True"
"timer","wordle","","True"
"times","curated+wordle","236","True"
"timid","wordle","","True"
"timon","wordle","","True"
"timps","wordle","","True"
"tinas","wordle","","True"
"tinct","wordle","","True"
"tinds","wordle","","True"
"tinea","wordle","","True"
"tined","wordle","","True"
"tines","wordle","","True"
"tinge","wordle","","True"
"tings","wordle","","True"
"tinks","wordle","","True"
"tinny","wordle","","True"
"tints","wordle","","True"
"tinty","wordle","","True"
"tipis","wordle","","True"
"tippy","wordle","","True"
"tipsy","wordle","","True"
"tired","curated+wordle","40","True"
"tires","wordle","","True"
"tirls","wordle","","True"
"tiros","wordle","","True"
"tirrs","wordle","","True"
"titan","wordle","","True"
"titch","wordle","","True"
"titer","wordle","","True"
"tithe","wordle","","True"
"titis","wordle","","True"
"title","wordle","","True"
"titre","wordle","","True"
"titty","wordle","","True"
"titup","wordle","","True"
"tiyin","wordle","","True"
"tiyns","wordle","","True"
"tizes","wordle","","True"
"tizzy","wordle","","True"
"toads","wordle","","True"
"toady","wordle","","True"
"toast","wordle","","True"
"toaze","wordle","","True"
"tocks","wordle","","True"
"tocky","wordle","","True"
"tocos","wordle","","True"
"today","curated+wordle","93","True"
"todde","wordle","","True"
"toddy","wordle","","True"
"toeas","wordle","","True"
"toffs","wordle","","True"
"toffy","wordle","","True"
"tofts","wordle","","True"
"tofus","wordle","","True"
"togae","wordle","","True"
"togas","wordle","","True"
"toged","wordle","","True"
"toges","wordle","","True"
"togue","wordle","","True"
"tohos","wordle","","True"
"toile","wordle","","True"
"toils","wordle","","True"
"toing","wordle","","True"
"toise","wordle","","True"
"toits","wordle","","True"
"tokay","wordle","","True"
"toked","wordle","","True"
"token","wordle","","True"
"toker","wordle","","True"
"tokes","wordle","","True"
"tokos","wordle","","True"
"tolan","wordle","","True"
"tolar","wordle","","True"
"tolas","wordle","","True"
"toled","wordle","","True"
"toles","wordle","","True"
"tolls","wordle","","True"
"tolly","wordle","","True"
"tolts","wordle","","True"
"tolus","wordle","","True"
"tolyl","wordle","","True"
"toman","wordle","","True"
"tombs","wordle","","True"
"tomes","wordle","","True"
"tomia","wordle","","True"
"tommy","wordle","","True"
"tomos","wordle","","True"
"tonal","wordle","","True"
"tondi","wordle","","True"
"tondo","wordle","","True"
"toned","curated+wordle","4","True"
"toner","wordle","","True"
"tones","wordle","","True"
"toney","wordle","","True"
"tonga","wordle","","True"
"tongs","wordle","","True"
"tonic","wordle","","True"
"tonka","wordle","","True"
"tonks","wordle","","True"
"tonne","wordle","","True"
"tonus","wordle","","True"
"tools","wordle","","True"
"tooms","wordle","","True"
"toons","wordle","","True"
"tooth","wordle","","True"
"toots","wordle","","True"
"topaz","wordle","","True"
"toped","wordle","","True"
"topee","wordle","","True"
"topek","wordle","","True"
"toper","wordle","","True"
"topes","wordle","","True"
"tophe","wordle","","True"
"tophi","wordle","","True"
"tophs","wordle","","True"
"topic","wordle","","True"
"topis","wordle","","True"
"topoi","wordle","","True"
"topos","wordle","","True"
"toppy","wordle","","True"
"toque","wordle","","True"
"torah","wordle","","True"
"toran","wordle","","True"
"toras","wordle","","True"
"torch","curated+wordle","6","True"
"torcs","wordle","","True"
"tores","wordle","","True"
"toric","wordle","","True"
"torii","wordle","","True"
"toros","wordle","","True"
"torot","wordle","","True"
"torrs","wordle","","True"
"torse","wordle","","True"
"torsi","wordle","","True"
"torsk","wordle","","True"
"torso","wordle","","True"
"torta","wordle","","True"
"torte","wordle","","True"
"torts","wordle","","True"
"torus","wordle","","True"
"tosas","wordle","","True"
"tosed","wordle","","True"
"toses","wordle","","True"
"toshy","wordle","","True"
"tossy","wordle","","True"
"total","wordle","","True"
"toted","wordle","","True"
"totem","wordle","","True"
"toter","wordle","","True"
"totes","wordle","","True"
"totty","wordle","","True"
"touch","curated+wordle","72","True"
"tough","curated+wordle","8","True"
"touks","wordle","","True"
"touns","wordle","","True"
"tours","wordle","","True"
"touse","wordle","","True"
"tousy","wordle","","True"
"touts","wordle","","True"
"touze","wordle","","True"
"touzy","wordle","","True"
"towed","wordle","","True"
"towel","wordle","","True"
"tower","wordle","","True"
"towie","wordle","","True"
"towns","wordle","","True"
"towny","wordle","","True"
"towse","wordle","","True"
"towsy","wordle","","True"
"towts","wordle","","True"
"towze","wordle","","True"
"towzy","wordle","","True"
"toxic","wordle","","True"
"toxin","wordle","","True"
"toyed","wordle","","True"
"toyer","wordle","","True"
"toyon","wordle","","True"
"toyos","wordle","","True"
"tozed","wordle","","True"
"tozes","wordle","","True"
"tozie","wordle","","True"
"trabs","wordle","","True"
"trace","curated+wordle","36","True"
"track","curated+wordle","32","True"
"tract","curated+wordle","9","True"
"trade","curated+wordle","217","True"
"trads","wordle","","True"
"tragi","wordle","","True"
"traik","wordle","","True"
"trail","wordle","","True"
"train","wordle","","True"
"trait","wordle","","True"
"tramp","wordle","","True"
"trams","wordle","","True"
"trank","wordle","","True"
"tranq","wordle","","True"
"trans","wordle","","True"
"trant","wordle","","True"
"trape","wordle","","True"
"traps","wordle","","True"
"trapt","wordle","","True"
"trash","wordle","","True"
"trass","wordle","","True"
"trats","wordle","","True"
"tratt","wordle","","True"
"trave","wordle","","True"
"trawl","wordle","","True"
"trayf","wordle","","True"
"trays","wordle","","True"
"tread","curated+wordle","12","True"
"treat","curated+wordle","31","True"
"treck","wordle","","True"
"treed","wordle","","True"
"treen","wordle","","True"
"trees","curated+wordle","51","True"
"trefa","wordle","","True"
"treif","wordle","","True"
"treks","wordle","","True"
"trema","wordle","","True"
"trems","wordle","","True"
"trend","curated+wordle","8","True"
"tress","wordle","","True"
"trest","wordle","","True"
"trets","wordle","","True"
"trews","wordle","","True"
"treyf","wordle","","True"
"treys","wordle","","True"
"triac","wordle","","True"
"triad","wordle","","True"
"trial","wordle","","True"
"tribe","curated+wordle","4","True"
"trice","wordle","","True"
"trick","wordle","","True"
"tride","wordle","","True"
"tried","curated+wordle","225","True"
"trier","wordle","","True"
"tries","wordle","","True"
"triff","wordle","","True"
"trigo","wordle","","True"
"trigs","wordle","","True"
"trike","wordle","","True"
"trild","wordle","","True"
"trill","wordle","","True"
"trims","wordle","","True"
"trine","wordle","","True"
"trins","wordle","","True"
"triol","wordle","","True"
"trior","wordle","","True"
"trios","wordle","","True"
"tripe","wordle","","True"
"trips","wordle","","True"
"tripy","wordle","","True"
"trist","wordle","","True"
"trite","wordle","","True"
"troad","wordle","","True"
"troak","wordle","","True"
"troat","wordle","","True"
"trock","wordle","","True"
"trode","wordle","","True"
"trods","wordle","","True"
"trogs","wordle","","True"
"trois","wordle","","True"
"troke","wordle","","True"
"troll","wordle","","True"
"tromp","wordle","","True"
"trona","wordle","","True"
"tronc","wordle","","True"
"trone","wordle","","True"
"tronk","wordle","","True"
"trons","wordle","","True"
"troop","wordle","","True"
"trooz","wordle","","True"
"trope","wordle","","True"
"troth","wordle","","True"
"trots","wordle","","True"
"trout","wordle","","True"
"trove","wordle","","True"
"trows","wordle","","True"
"troys","wordle","","True"
"truce","curated+wordle","17","True"
"truck","wordle","","True"
"trued","wordle","","True"
"truer","wordle","","True"
"trues","wordle","","True"
"trugo","wordle","","True"
"trugs","wordle","","True"
"trull","wordle","","True"
"truly","wordle","","True"
"trump","wordle","","True"
"trunk","wordle","","True"
"truss","wordle","","True"
"trust","wordle","","True"
"truth","curated+wordle","115","True"
"tryer","wordle","","True"
"tryke","wordle","","True"
"tryma","wordle","","True"
"tryps","wordle","","True"
"tryst","wordle","","True"
"tsade","wordle","","True"
"tsadi","wordle","","True"
"tsars","wordle","","True"
"tsked","wordle","","True"
"tsuba","wordle","","True"
"tsubo","wordle","","True"
"tuans","wordle","","True"
"tuart","wordle","","True"
"tuath","wordle","","True"
"tubae","wordle","","True"
"tubal","wordle","","True"
"tubar","wordle","","True"
"tubas","wordle","","True"
"tubby","wordle","","True"
"tubed","wordle","","True"
"tuber","wordle","","True"
"tubes","curated+wordle","13","True"
"tucks","wordle","","True"
"tufas","wordle","","True"
"tuffe","wordle","","True"
"tuffs","wordle","","True"
"tufts","wordle","","True"
"tufty","wordle","","True"
"tugra","wordle","","True"
"tuile","wordle","","True"
"tuina","wordle","","True"
"tuism","wordle","","True"
"tuktu","wordle","","True"
"tules","wordle","","True"
"tulip","wordle","","True"
"tulle","wordle","","True"
"tulpa","wordle","","True"
"tulsi","wordle","","True"
"tumid","wordle","","True"
"tummy","wordle","","True"
"tumor","wordle","","True"
"tumps","wordle","","True"
"tumpy","wordle","","True"
"tunas","wordle","","True"
"tunds","wordle","","True"
"tuned","curated+wordle","4","True"
"tuner","wordle","","True"
"tunes","wordle","","True"
"tungs","wordle","","True"
"tunic","wordle","","True"
"tunny","wordle","","True"
"tupek","wordle","","True"
"tupik","wordle","","True"
"tuple","wordle","","True"
"tuque","wordle","","True"
"turbo","wordle","","True"
"turds","wordle","","True"
"turfs","wordle","","True"
"turfy","wordle","","True"
"turks","wordle","","True"
"turme","wordle","","True"
"turms","wordle","","True"
"turns","wordle","","True"
"turnt","wordle","","True"
"turps","wordle","","True"
"turrs","wordle","","True"
"tushy","wordle","","True"
"tusks","wordle","","True"
"tusky","wordle","","True"
"tutee","wordle","","True"
"tutor","wordle","","True"
"tutti","wordle","","True"
"tutty","wordle","","True"
"tutus","wordle","","True"
"tuxes","wordle","","True"
"tuyer","wordle","","True"
"twaes","wordle","","True"
"twain","wordle","","True"
"twals","wordle","","True"
"twang","wordle","","True"
"twank","wordle","","True"
"twats","wordle","","True"
"tways","wordle","","True"
"tweak","wordle","","True"
"tweed","curated+wordle","6","True"
"tweel","wordle","","True"
"tween","wordle","","True"
"tweep","wordle","","True"
"tweer","wordle","","True"
"tweet","wordle","","True"
"twerk","wordle","","True"
"twerp","wordle","","True"
"twice","curated+wordle","84","True"
"twier","wordle","","True"
"twigs","wordle","","True"
"twill","wordle","","True"
"twilt","wordle","","True"
"twine","wordle","","True"
"twink","wordle","","True"
"twins","wordle","","True"
"twiny","wordle","","True"
"twire","wordle","","True"
"twirl","wordle","","True"
"twirp","wordle","","True"
"twist","wordle","","True"
"twite","wordle","","True"
"twits","wordle","","True"
"twixt","wordle","","True"
"twoer","wordle","","True"
"twyer","wordle","","True"
"tyees","wordle","","True"
"tyers","wordle","","True"
"tying","wordle","","True"
"tyiyn","wordle","","True"
"tykes","wordle","","True"
"tyler","wordle","","True"
"tymps","wordle","","True"
"tynde","wordle","","True"
"tyned","wordle","","True"
"tynes","wordle","","True"
"typal","wordle","","True"
"typed","wordle","","True"
"types","wordle","","True"
"typey","wordle","","True"
"typic","wordle","","True"
"typos","wordle","","True"
"typps","wordle","","True"
"typto","wordle","","True"
"tyran","wordle","","True"
"tyred","wordle","","True"
"tyres","wordle","","True"
"tyros","wordle","","True"
"tythe","wordle","","True"
"tzars","wordle","","True"
"udals","wordle","","True"
"udder","wordle","","True"
"udons","wordle","","True"
"ugali","wordle","","True"
"ugged","wordle","","True"
"uhlan","wordle","","True"
"uhuru","wordle","","True"
"ukase","wordle","","True"
"ulama","wordle","","True"
"ulans","wordle","","True"
"ulcer","curated+wordle","158","True"
"ulema","wordle","","True"
"ulmin","wordle","","True"
"ulnad","wordle","","True"
"ulnae","wordle","","True"
"ulnar","wordle","","True"
"ulnas","wordle","","True"
"ulpan","wordle","","True"
"ultra","wordle","","True"
"ulvas","wordle","","True"
"ulyie","wordle","","True"
"ulzie","wordle","","True"
"umami","wordle","","True"
"umbel","wordle","","True"
"umber","wordle","","True"
"umble","wordle","","True"
"umbos","wordle","","True"
"umbra","wordle","","True"
"umbre","wordle","","True"
"umiac","wordle","","True"
"umiak","wordle","","True"
"umiaq","wordle","","True"
"ummah","wordle","","True"
"ummas","wordle","","True"
"ummed","wordle","","True"
"umped","wordle","","True"
"umphs","wordle","","True"
"umpie","wordle","","True"
"umpty","wordle","","True"
"umrah","wordle","","True"
"umras","wordle","","True"
"unais","wordle","","True"
"unapt","wordle","","True"
"unarm","wordle","","True"
"unary","wordle","","True"
"unaus","wordle","","True"
"unbag","wordle","","True"
"unban","wordle","","True"
"unbar","wordle","","True"
"unbed","wordle","","True"
"unbid","wordle","","True"
"unbox","wordle","","True"
"uncap","wordle","","True"
"unces","wordle","","True"
"uncia","wordle","","True"
"uncle","curated+wordle","135","True"
"uncos","wordle","","True"
"uncoy","wordle","","True"
"uncus","wordle","","True"
"uncut","wordle","","True"
"undam","wordle","","True"
"undee","wordle","","True"
"under","curated+wordle","963","True"
"undid","wordle","","True"
"undos","wordle","","True"
"undue","curated+wordle","8","True"
"undug","wordle","","True"
"uneth","wordle","","True"
"unfed","wordle","","True"
"unfit","wordle","","True"
"unfix","wordle","","True"
"ungag","wordle","","True"
"unget","wordle","","True"
"ungod","wordle","","True"
"ungot","wordle","","True"
"ungum","wordle","","True"
"unhat","wordle","","True"
"unhip","wordle","","True"
"unica","wordle","","True"
"unify","wordle","","True"
"union","wordle","","True"
"unite","wordle","","True"
"units","wordle","","True"
"unity","wordle","","True"
"unjam","wordle","","True"
"unked","wordle","","True"
"unket","wordle","","True"
"unkid","wordle","","True"
"unlaw","wordle","","True"
"unlay","wordle","","True"
"unled","wordle","","True"
"unlet","wordle","","True"
"unlid","wordle","","True"
"unlit","wordle","","True"
"unman","wordle","","True"
"unmet","wordle","","True"
"unmew","wordle","","True"
"unmix","wordle","","True"
"unpay","wordle","","True"
"unpeg","wordle","","True"
"unpen","wordle","","True"
"unpin","wordle","","True"
"unred","wordle","","True"
"unrid","wordle","","True"
"unrig","wordle","","True"
"unrip","wordle","","True"
"unsaw","wordle","","True"
"unsay","wordle","","True"
"unsee","wordle","","True"
"unset","wordle","","True"
"unsew","wordle","","True"
"unsex","wordle","","True"
"unsod","wordle","","True"
"untax","wordle","","True"
"untie","wordle","","True"
"until","wordle","","True"
"untin","wordle","","True"
"unwed","wordle","","True"
"unwet","wordle","","True"
"unwit","wordle","","True"
"unwon","wordle","","True"
"unzip","wordle","","True"
"upbow","wordle","","True"
"upbye","wordle","","True"
"updos","wordle","","True"
"updry","wordle","","True"
"upend","wordle","","True"
"upjet","wordle","","True"
"uplay","wordle","","True"
"upled","wordle","","True"
"uplit","wordle","","True"
"upped","wordle","","True"
"upper","curated+wordle","130","True"
"upran","wordle","","True"
"uprun","wordle","","True"
"upsee","wordle","","True"
"upset","wordle","","True"
"upsey","wordle","","True"
"uptak","wordle","","True"
"upter","wordle","","True"
"uptie","wordle","","True"
"uraei","wordle","","True"
"urali","wordle","","True"
"uraos","wordle","","True"
"urare","wordle","","True"
"urari","wordle","","True"
"urase","wordle","","True"
"urate","wordle","","True"
"urban","curated+wordle","6","True"
"urbex","wordle","","True"
"urbia","wordle","","True"
"urdee","wordle","","True"
"ureal","wordle","","True"
"ureas","wordle","","True"
"uredo","wordle","","True"
"ureic","wordle","","True"
"urena","wordle","","True"
"urent","wordle","","True"
"urged","curated+wordle","51","True"
"urger","wordle","","True"
"urges","wordle","","True"
"urial","wordle","","True"
"urine","wordle","","True"
"urite","wordle","","True"
"urman","wordle","","True"
"urnal","wordle","","True"
"urned","wordle","","True"
"urped","wordle","","True"
"ursae","wordle","","True"
"ursid","wordle","","True"
"urson","wordle","","True"
"urubu","wordle","","True"
"urvas","wordle","","True"
"usage","curated+wordle","10","True"
"users","wordle","","True"
"usher","wordle","","True"
"using","wordle","","True"
"usnea","wordle","","True"
"usque","wordle","","True"
"usual","curated+wordle","178","True"
"usure","wordle","","True"
"usurp","wordle","","True"
"usury","wordle","","True"
"uteri","wordle","","True"
"utile","wordle","","True"
"utter","wordle","","True"
"uveal","wordle","","True"
"uveas","wordle","","True"
"uvula","wordle","","True"
"vacua","wordle","","True"
"vaded","wordle","","True"
"vades","wordle","","True"
"vagal","wordle","","True"
"vague","curated+wordle","39","True"
"vagus","wordle","","True"
"vails","wordle","","True"
"vaire","wordle","","True"
"vairs","wordle","","True"
"vairy","wordle","","True"
"vakas","wordle","","True"
"vakil","wordle","","True"
"vales","wordle","","True"
"valet","curated+wordle","44","True"
"valid","curated+wordle","10","True"
"valis","wordle","","True"
"valor","wordle","","True"
"valse","wordle","","True"
"value","curated+wordle","106","True"
"valve","curated+wordle","6","True"
"vamps","wordle","","True"
"vampy","wordle","","True"
"vanda","wordle","","True"
"vaned","wordle","","True"
"vanes","wordle","","True"
"vangs","wordle","","True"
"vants","wordle","","True"
"vaped","wordle","","True"
"vaper","wordle","","True"
"vapes","wordle","","True"
"vapid","wordle","","True"
"vapor","wordle","","True"
"varan","wordle","","True"
"varas","wordle","","True"
"vardy","wordle","","True"
"varec","wordle","","True"
"vares","wordle","","True"
"varia","wordle","","True"
"varix","wordle","","True"
"varna","wordle","","True"
"varus","wordle","","True"
"varve","wordle","","True"
"vasal","wordle","","True"
"vases","wordle","","True"
"vasts","wordle","","True"
"vasty","wordle","","True"
"vatic","wordle","","True"
"vatus","wordle","","True"
"vauch","wordle","","True"
"vault","wordle","","True"
"vaunt","wordle","","True"
"vaute","wordle","","True"
"vauts","wordle","","True"
"vawte","wordle","","True"
"vaxes","wordle","","True"
"veale","wordle","","True"
"veals","wordle","","True"
"vealy","wordle","","True"
"veena","wordle","","True"
"veeps","wordle","","True"
"veers","wordle","","True"
"veery","wordle","","True"
"vegan","wordle","","True"
"vegas","wordle","","True"
"veges","wordle","","True"
"vegie","wordle","","True"
"vegos","wordle","","True"
"vehme","wordle","","True"
"veils","wordle","","True"
"veily","wordle","","True"
"veins","curated+wordle","134","True"
"veiny","wordle","","True"
"velar","wordle","","True"
"velds","wordle","","True"
"veldt","wordle","","True"
"veles","wordle","","True"
"vells","wordle","","True"
"velum","wordle","","True"
"venae","wordle","","True"
"venal","wordle","","True"
"vends","wordle","","True"
"vendu","wordle","","True"
"veney","wordle","","True"
"venge","wordle","","True"
"venin","wordle","","True"
"venom","wordle","","True"
"vents","wordle","","True"
"venue","wordle","","True"
"venus","wordle","","True"
"verbs","wordle","","True"
"verge","curated+wordle","8","True"
"verra","wordle","","True"
"verry","wordle","","True"
"versa","curated+wordle","5","False"
"verse","curated+wordle","8","True"
"verso","wordle","","True"
"verst","wordle","","True"
"verts","wordle","","True"
"vertu","wordle","","True"
"verve","wordle","","True"
"vespa","wordle","","True"
"vesta","wordle","","True"
"vests","wordle","","True"
"vetch","wordle","","True"
"vexed","curated+wordle","21","True"
"vexer","wordle","","True"
"vexes","wordle","","True"
"vexil","wordle","","True"
"vezir","wordle","","True"
"vials","wordle","","True"
"viand","wordle","","True"
"vibes","wordle","","True"
"vibex","wordle","","True"
"vibey","wordle","","True"
"vicar","wordle","","True"
"viced","wordle","","True"
"vices","wordle","","True"
"vichy","wordle","","True"
"video","wordle","","True"
"viers","wordle","","True"
"views","curated+wordle","64","True"
"viewy","wordle","","True"
"vifda","wordle","","True"
"viffs","wordle","","True"
"vigas","wordle","","True"
"vigia","wordle","","True"
"vigil","wordle","","True"
"vigor","wordle","","True"
"vilde","wordle","","True"
"viler","wordle","","True"
"villa","wordle","","True"
"villi","wordle","","True"
"vills","wordle","","True"
"vimen","wordle","","True"
"vinal","wordle","","True"
"vinas","wordle","","True"
"vinca","wordle","","True"
"vined","wordle","","True"
"viner","wordle","","True"
"vines","wordle","","True"
"vinew","wordle","","True"
"vinic","wordle","","True"
"vinos","wordle","","True"
"vints","wordle","","True"
"vinyl","wordle","","True"
"viola","wordle","","True"
"viold","wordle","","True"
"viols","wordle","","True"
"viper","wordle","","True"
"viral","wordle","","True"
"vired","wordle","","True"
"vireo","wordle","","True"
"vires","wordle","","True"
"virga","wordle","","True"
"virge","wordle","","True"
"virid","wordle","","True"
"virls","wordle","","True"
"virtu","wordle","","True"
"virus","wordle","","True"
"visas","wordle","","True"
"vised","wordle","","True"
"vises","wordle","","True"
"visie","wordle","","True"
"visit","wordle","","True"
"visne","wordle","","True"
"vison","wordle","","True"
"visor","wordle","","True"
"vista","wordle","","True"
"visto","wordle","","True"
"vitae","wordle","","True"
"vital","wordle","","True"
"vitas","wordle","","True"
"vitex","wordle","","True"
"vitro","wordle","","True"
"vitta","wordle","","True"
"vivas","wordle","","True"
"vivat","wordle","","True"
"vivda","wordle","","True"
"viver","wordle","","True"
"vives","wordle","","True"
"vivid","wordle","","True"
"vixen","wordle","","True"
"vizir","wordle","","True"
"vizor","wordle","","True"
"vleis","wordle","","True"
"vlies","wordle","","True"
"vlogs","wordle","","True"
"voars","wordle","","True"
"vocab","wordle","","True"
"vocal","wordle","","True"
"voces","wordle","","True"
"voddy","wordle","","True"
"vodka","curated+wordle","24","True"
"vodou","wordle","","True"
"vodun","wordle","","True"
"voema","wordle","","True"
"vogie","wordle","","True"
"vogue","curated+wordle","7","True"
"voice","curated+wordle","462","True"
"voids","wordle","","True"
"voila","wordle","","True"
"voile","wordle","","True"
"voips","wordle","","True"
"volae","wordle","","True"
"volar","wordle","","True"
"voled","wordle","","True"
"voles","wordle","","True"
"volet","wordle","","True"
"volks","wordle","","True"
"volta","wordle","","True"
"volte","wordle","","True"
"volti","wordle","","True"
"volts","wordle","","True"
"volva","wordle","","True"
"volve","wordle","","True"
"vomer","wordle","","True"
"vomit","wordle","","True"
"voted","curated+wordle","22","True"
"voter","wordle","","True"
"votes","curated+wordle","60","True"
"vouch","wordle","","True"
"vouge","wordle","","True"
"voulu","wordle","","True"
"vowed","wordle","","True"
"vowel","wordle","","True"
"vower","wordle","","True"
"voxel","wordle","","True"
"vozhd","wordle","","True"
"vraic","wordle","","True"
"vrils","wordle","","True"
"vroom","wordle","","True"
"vrous","wordle","","True"
"vrouw","wordle","","True"
"vrows","wordle","","True"
"vuggs","wordle","","True"
"vuggy","wordle","","True"
"vughs","wordle","","True"
"vughy","wordle","","True"
"vulgo","wordle","","True"
"vulns","wordle","","True"
"vulva","wordle","","True"
"vutty","wordle","","True"
"vying","wordle","","True"
"waacs","wordle","","True"
"wacke","wordle","","True"
"wacko","wordle","","True"
"wacks","wordle","","True"
"wacky","wordle","","True"
"wadds","wordle","","True"
"waddy","wordle","","True"
"waded","wordle","","True"
"wader","wordle","","True"
"wades","wordle","","True"
"wadge","wordle","","True"
"wadis","wordle","","True"
"wadts","wordle","","True"
"wafer","wordle","","True"
"waffs","wordle","","True"
"wafts","wordle","","True"
"waged","curated+wordle","13","True"
"wager","wordle","","True"
"wages","curated+wordle","50","True"
"wagga","wordle","","True"
"wagon","curated+wordle","27","True"
"wagyu","wordle","","True"
"wahoo","wordle","","True"
"waide","wordle","","True"
"waifs","wordle","","True"
"waift","wordle","","True"
"wails","wordle","","True"
"wains","wordle","","True"
"wairs","wordle","","True"
"waist","wordle","","True"
"waite","wordle","","True"
"waits","wordle","","True"
"waive","wordle","","True"
"wakas","wordle","","True"
"waked","wordle","","True"
"waken","wordle","","True"
"waker","wordle","","True"
"wakes","wordle","","True"
"wakfs","wordle","","True"
"waldo","wordle","","True"
"walds","wordle","","True"
"waled","wordle","","True"
"waler","wordle","","True"
"wales","wordle","","True"
"walie","wordle","","True"
"walis","wordle","","True"
"walks","wordle","","True"
"walla","wordle","","True"
"walls","curated+wordle","72","True"
"wally","wordle","","True"
"walty","wordle","","True"
"waltz","wordle","","True"
"wamed","wordle","","True"
"wames","wordle","","True"
"wamus","wordle","","True"
"wands","wordle","","True"
"waned","wordle","","True"
"wanes","wordle","","True"
"waney","wordle","","True"
"wangs","wordle","","True"
"wanks","wordle","","True"
"wanky","wordle","","True"
"wanle","wordle","","True"
"wanly","wordle","","True"
"wanna","wordle","","True"
"wants","wordle","","True"
"wanty","wordle","","True"
"wanze","wordle","","True"
"waqfs","wordle","","True"
"warbs","wordle","","True"
"warby","wordle","","True"
"wards","curated+wordle","7","True"
"wared","wordle","","True"
"wares","wordle","","True"
"warez","wordle","","True"
"warks","wordle","","True"
"warms","wordle","","True"
"warns","wordle","","True"
"warps","wordle","","True"
"warre","wordle","","True"
"warst","wordle","","True"
"warts","wordle","","True"
"warty","wordle","","True"
"wases","wordle","","True"
"washy","wordle","","True"
"wasms","wordle","","True"
"wasps","wordle","","True"
"waspy","wordle","","True"
"waste","curated+wordle","23","True"
"wasts","wordle","","True"
"watap","wordle","","True"
"watch","curated+wordle","51","True"
"water","curated+wordle","187","True"
"watts","wordle","","True"
"wauff","wordle","","True"
"waugh","wordle","","True"
"wauks","wordle","","True"
"waulk","wordle","","True"
"wauls","wordle","","True"
"waurs","wordle","","True"
"waved","curated+wordle","29","True"
"waver","wordle","","True"
"waves","curated+wordle","16","True"
"wavey","wordle","","True"
"wawas","wordle","","True"
"wawes","wordle","","True"
"wawls","wordle","","True"
"waxed","wordle","","True"
"waxen","wordle","","True"
"waxer","wordle","","True"
"waxes","wordle","","True"
"wayed","wordle","","True"
"wazir","wordle","","True"
"wazoo","wordle","","True"
"weald","wordle","","True"
"weals","wordle","","True"
"weamb","wordle","","True"
"weans","wordle","","True"
"wears","curated+wordle","4","True"
"weary","curated+wordle","52","True"
"weave","wordle","","True"
"webby","wordle","","True"
"weber","wordle","","True"
"wecht","wordle","","True"
"wedel","wordle","","True"
"wedge","curated+wordle","3","True"
"wedgy","wordle","","True"
"weeds","wordle","","True"
"weedy","wordle","","True"
"weeke","wordle","","True"
"weeks","curated+wordle","117","True"
"weels","wordle","","True"
"weems","wordle","","True"
"weens","wordle","","True"
"weeny","wordle","","True"
"weeps","wordle","","True"
"weepy","wordle","","True"
"weest","wordle","","True"
"weete","wordle","","True"
"weets","wordle","","True"
"wefte","wordle","","True"
"wefts","wordle","","True"
"weids","wordle","","True"
"weigh","curated+wordle","4","True"
"weils","wordle","","True"
"weird","curated+wordle","4","True"
"weirs","wordle","","True"
"weise","wordle","","True"
"weize","wordle","","True"
"wekas","wordle","","True"
"welch","wordle","","True"
"welds","wordle","","True"
"welke","wordle","","True"
"welks","wordle","","True"
"welkt","wordle","","True"
"wells","wordle","","True"
"welly","wordle","","True"
"welsh","wordle","","True"
"welts","wordle","","True"
"wembs","wordle","","True"
"wends","wordle","","True"
"wenge","wordle","","True"
"wenny","wordle","","True"
"wents","wordle","","True"
"weros","wordle","","True"
"wersh","wordle","","True"
"wests","wordle","","True"
"wetas","wordle","","True"
"wetly","wordle","","True"
"wexed","wordle","","True"
"wexes","wordle","","True"
"whack","wordle","","True"
"whale","wordle","","True"
"whamo","wordle","","True"
"whams","wordle","","True"
"whang","wordle","","True"
"whaps","wordle","","True"
"whare","wordle","","True"
"wharf","curated+wordle","5","True"
"whata","wordle","","True"
"whats","wordle","","True"
"whaup","wordle","","True"
"whaur","wordle","","True"
"wheal","wordle","","True"
"whear","wordle","","True"
"wheat","curated+wordle","38","True"
"wheel","curated+wordle","21","True"
"wheen","wordle","","True"
"wheep","wordle","","True"
"wheft","wordle","","True"
"whelk","wordle","","True"
"whelm","wordle","","True"
"whelp","wordle","","True"
"whens","wordle","","True"
"where","curated+wordle","977","True"
"whets","wordle","","True"
"whews","wordle","","True"
"wheys","wordle","","True"
"which","curated+wordle","4842","True"
"whids","wordle","","True"
"whiff","curated+wordle","5","True"
"whift","wordle","","True"
"whigs","wordle","","True"
"while","curated+wordle","768","True"
"whilk","wordle","","True"
"whims","wordle","","True"
"whine","wordle","","True"
"whins","wordle","","True"
"whiny","wordle","","True"
"whios","wordle","","True"
"whips","wordle","","True"
"whipt","wordle","","True"
"whirl","wordle","","True"
"whirr","wordle","","True"
"whirs","wordle","","True"
"whish","wordle","","True"
"whisk","wordle","","True"
"whiss","wordle","","True"
"whist","wordle","","True"
"white","curated+wordle","353","True"
"whits","wordle","","True"
"whity","wordle","","True"
"whizz","wordle","","True"
"whole","curated+wordle","744","True"
"whomp","wordle","","True"
"whoof","wordle","","True"
"whoop","wordle","","True"
"whoot","wordle","","True"
"whops","wordle","","True"
"whorl","wordle","","True"
"whort","wordle","","True"
"whose","curated+wordle","188","True"
"whoso","wordle","","True"
"whows","wordle","","True"
"whump","wordle","","True"
"whups","wordle","","True"
"whyda","wordle","","True"
"wicca","wordle","","True"
"wicks","wordle","","True"
"wicky","wordle","","True"
"widdy","wordle","","True"
"widen","wordle","","True"
"wider","curated+wordle","17","True"
"wides","wordle","","True"
"widow","wordle","","True"
"width","curated+wordle","6","True"
"wield","wordle","","True"
"wiels","wordle","","True"
"wifed","wordle","","True"
"wifes","wordle","","True"
"wifey","wordle","","True"
"wifie","wordle","","True"
"wifty","wordle","","True"
"wigan","wordle","","True"
"wigga","wordle","","True"
"wiggy","wordle","","True"
"wight","wordle","","True"
"wikis","wordle","","True"
"wilco","wordle","","True"
"wilds","wordle","","True"
"wiled","wordle","","True"
"wiles","wordle","","True"
"wilga","wordle","","True"
"wilis","wordle","","True"
"wilja","wordle","","True"
"wills","wordle","","True"
"willy","wordle","","True"
"wilts","wordle","","True"
"wimps","wordle","","True"
"wimpy","wordle","","True"
"wince","wordle","","True"
"winch","wordle","","True"
"winds","wordle","","True"
"windy","wordle","","True"
"wined","wordle","","True"
"wines","wordle","","True"
"winey","wordle","","True"
"winge","wordle","","True"
"wings","wordle","","True"
"wingy","wordle","","True"
"winks","wordle","","True"
"winna","wordle","","True"
"winns","wordle","","True"
"winos","wordle","","True"
"winze","wordle","","True"
"wiped","curated+wordle","18","True"
"wiper","wordle","","True"
"wipes","wordle","","True"
"wired","curated+wordle","4","True"
"wirer","wordle","","True"
"wires","wordle","","True"
"wirra","wordle","","True"
"wised","wordle","","True"
"wiser","wordle","","True"
"wises","wordle","","True"
"wisha","wordle","","True"
"wisht","wordle","","True"
"wisps","wordle","","True"
"wispy","wordle","","True"
"wists","wordle","","True"
"witan","wordle","","True"
"witch","wordle","","True"
"wited","wordle","","True"
"wites","wordle","","True"
"withe","wordle","","True"
"withs","wordle","","True"
"withy","wordle","","True"
"witty","wordle","","True"
"wived","wordle","","True"
"wiver","wordle","","True"
"wives","wordle","","True"
"wizen","wordle","","True"
"wizes","wordle","","True"
"woads","wordle","","True"
"woald","wordle","","True"
"wocks","wordle","","True"
"wodge","wordle","","True"
"woful","wordle","","True"
"wojus","wordle","","True"
"woken","wordle","","True"
"woker","wordle","","True"
"wokka","wordle","","True"
"wolds","wordle","","True"
"wolfs","wordle","","True"
"wolly","wordle","","True"
"wolve","wordle","","True"
"woman","curated+wordle","325","True"
"wombs","wordle","","True"
"womby","wordle","","True"
"women","curated+wordle","390","True"
"womyn","wordle","","True"
"wonga","wordle","","True"
"wongi","wordle","","True"
"wonks","wordle","","True"
"wonky","wordle","","True"
"wonts","wordle","","True"
"woods","wordle","","True"
"woody","wordle","","True"
"wooed","wordle","","True"
"wooer","wordle","","True"
"woofs","wordle","","True"
"woofy","wordle","","True"
"woold","wordle","","True"
"wools","wordle","","True"
"wooly","wordle","","True"
"woons","wordle","","True"
"woops","wordle","","True"
"woopy","wordle","","True"
"woose","wordle","","True"
"woosh","wordle","","True"
"wootz","wordle","","True"
"woozy","wordle","","True"
"words","curated+wordle","460","True"
"wordy","wordle","","True"
"works","wordle","","True"
"world","curated+wordle","362","True"
"worms","wordle","","True"
"wormy","wordle","","True"
"worry","wordle","","True"
"worse","curated+wordle","66","True"
"worst","wordle","","True"
"worth","curated+wordle","70","True"
"worts","wordle","","True"
"would","curated+wordle","1953","True"
"wound","curated+wordle","304","True"
"woven","wordle","","True"
"wowed","wordle","","True"
"wowee","wordle","","True"
"woxen","wordle","","True"
"wrack","wordle","","True"
"wrang","wordle","","True"
"wraps","wordle","","True"
"wrapt","wordle","","True"
"wrast","wordle","","True"
"wrate","wordle","","True"
"wrath","curated+wordle","17","True"
"wrawl","wordle","","True"
"wreak","wordle","","True"
"wreck","curated+wordle","5","True"
"wrens","wordle","","True"
"wrest","wordle","","True"
"wrick","wordle","","True"
"wried","wordle","","True"
"wrier","wordle","","True"
"wries","wordle","","True"
"wring","wordle","","True"
"wrist","wordle","","True"
"write","curated+wordle","86","True"
"writs","wordle","","True"
"wroke","wordle","","True"
"wrong","curated+wordle","103","True"
"wroot","wordle","","True"
"wrote","curated+wordle","149","True"
"wroth","wordle","","True"
"wrung","wordle","","True"
"wryer","wordle","","True"
"wryly","wordle","","True"
"wuddy","wordle","","True"
"wudus","wordle","","True"
"wulls","wordle","","True"
"wurst","wordle","","True"
"wuses","wordle","","True"
"wushu","wordle","","True"
"wussy","wordle","","True"
"wuxia","wordle","","True"
"wyled","wordle","","True"
"wyles","wordle","","True"
"wynds","wordle","","True"
"wynns","wordle","","True"
"wyted","wordle","","True"
"wytes","wordle","","True"
"xebec","wordle","","True"
"xenia","wordle","","True"
"xenic","wordle","","True"
"xenon","wordle","","True"
"xeric","wordle","","True"
"xerox","wordle","","True"
"xerus","wordle","","True"
"xoana","wordle","","True"
"xrays","wordle","","True"
"xylan","wordle","","True"
"xylem","wordle","","True"
"xylic","wordle","","True"
"xylol","wordle","","True"
"xylyl","wordle","","True"
"xysti","wordle","","True"
"xysts","wordle","","True"
"yaars","wordle","","True"
"yabas","wordle","","True"
"yabba","wordle","","True"
"yabby","wordle","","True"
"yacca","wordle","","True"
"yacht","wordle","","True"
"yacka","wordle","","True"
"yacks","wordle","","True"
"yaffs","wordle","","True"
"yager","wordle","","True"
"yages","wordle","","True"
"yagis","wordle","","True"
"yahoo","wordle","","True"
"yaird","wordle","","True"
"yakka","wordle","","True"
"yakow","wordle","","True"
"yales","wordle","","True"
"yamen","wordle","","True"
"yampy","wordle","","True"
"yamun","wordle","","True"
"yangs","wordle","","True"
"yanks","wordle","","True"
"yapok","wordle","","True"
"yapon","wordle","","True"
"yapps","wordle","","True"
"yappy","wordle","","True"
"yarak","wordle","","True"
"yarco","wordle","","True"
"yards","curated+wordle","34","True"
"yarer","wordle","","True"
"yarfa","wordle","","True"
"yarks","wordle","","True"
"yarns","wordle","","True"
"yarrs","wordle","","True"
"yarta","wordle","","True"
"yarto","wordle","","True"
"yates","wordle","","True"
"yauds","wordle","","True"
"yauld","wordle","","True"
"yaups","wordle","","True"
"yawed","wordle","","True"
"yawey","wordle","","True"
"yawls","wordle","","True"
"yawns","wordle","","True"
"yawny","wordle","","True"
"yawps","wordle","","True"
"ybore","wordle","","True"
"yclad","wordle","","True"
"ycled","wordle","","True"
"ycond","wordle","","True"
"ydrad","wordle","","True"
"ydred","wordle","","True"
"yeads","wordle","","True"
"yeahs","wordle","","True"
"yealm","wordle","","True"
"yeans","wordle","","True"
"yeard","wordle","","True"
"yearn","wordle","","True"
"years","curated+wordle","571","True"
"yeast","wordle","","True"
"yecch","wordle","","True"
"yechs","wordle","","True"
"yechy","wordle","","True"
"yedes","wordle","","True"
"yeeds","wordle","","True"
"yeesh","wordle","","True"
"yeggs","wordle","","True"
"yelks","wordle","","True"
"yells","wordle","","True"
"yelms","wordle","","True"
"yelps","wordle","","True"
"yelts","wordle","","True"
"yenta","wordle","","True"
"yente","wordle","","True"
"yerba","wordle","","True"
"yerds","wordle","","True"
"yerks","wordle","","True"
"yeses","wordle","","True"
"yesks","wordle","","True"
"yests","wordle","","True"
"yesty","wordle","","True"
"yetis","wordle","","True"
"yetts","wordle","","True"
"yeuks","wordle","","True"
"yeuky","wordle","","True"
"yeven","wordle","","True"
"yeves","wordle","","True"
"yewen","wordle","","True"
"yexed","wordle","","True"
"yexes","wordle","","True"
"yfere","wordle","","True"
"yield","curated+wordle","36","True"
"yiked","wordle","","True"
"yikes","wordle","","True"
"yills","wordle","","True"
"yince","wordle","","True"
"yipes","wordle","","True"
"yippy","wordle","","True"
"yirds","wordle","","True"
"yirks","wordle","","True"
"yirrs","wordle","","True"
"yirth","wordle","","True"
"yites","wordle","","True"
"yitie","wordle","","True"
"ylems","wordle","","True"
"ylike","wordle","","True"
"ylkes","wordle","","True"
"ymolt","wordle","","True"
"ympes","wordle","","True"
"yobbo","wordle","","True"
"yobby","wordle","","True"
"yocks","wordle","","True"
"yodel","wordle","","True"
"yodhs","wordle","","True"
"yodle","wordle","","True"
"yogas","wordle","","True"
"yogee","wordle","","True"
"yoghs","wordle","","True"
"yogic","wordle","","True"
"yogin","wordle","","True"
"yogis","wordle","","True"
"yoick","wordle","","True"
"yojan","wordle","","True"
"yoked","wordle","","True"
"yokel","wordle","","True"
"yoker","wordle","","True"
"yokes","wordle","","True"
"yokul","wordle","","True"
"yolks","wordle","","True"
"yolky","wordle","","True"
"yomim","wordle","","True"
"yomps","wordle","","True"
"yonic","wordle","","True"
"yonis","wordle","","True"
"yonks","wordle","","True"
"yoofs","wordle","","True"
"yoops","wordle","","True"
"yores","wordle","","True"
"yorks","wordle","","True"
"yorps","wordle","","True"
"youks","wordle","","True"
"young","curated+wordle","627","True"
"yourn","wordle","","True"
"yours","wordle","","True"
"yourt","wordle","","True"
"youse","wordle","","True"
"youth","curated+wordle","67","True"
"yowed","wordle","","True"
"yowes","wordle","","True"
"yowie","wordle","","True"
"yowls","wordle","","True"
"yowza","wordle","","True"
"yrapt","wordle","","True"
"yrent","wordle","","True"
"yrivd","wordle","","True"
"yrneh","wordle","","True"
"ysame","wordle","","True"
"ytost","wordle","","True"
"yuans","wordle","","True"
"yucas","wordle","","True"
"yucca","wordle","","True"
"yucch","wordle","","True"
"yucko","wordle","","True"
"yucks","wordle","","True"
"yucky","wordle","","True"
"yufts","wordle","","True"
"yugas","wordle","","True"
"yuked","wordle","","True"
"yukes","wordle","","True"
"yukky","wordle","","True"
"yukos","wordle","","True"
"yulan","wordle","","True"
"yules","wordle","","True"
"yummo","wordle","","True"
"yummy","wordle","","True"
"yumps","wordle","","True"
"yupon","wordle","","True"
"yuppy","wordle","","True"
"yurta","wordle","","True"
"yurts","wordle","","True"
"yuzus","wordle","","True"
"zabra","wordle","","True"
"zacks","wordle","","True"
"zaida","wordle","","True"
"zaidy","wordle","","True"
"zaire","wordle","","True"
"zakat","wordle","","True"
"zaman","wordle","","True"
"zambo","wordle","","True"
"zamia","wordle","","True"
"zanja","wordle","","True"
"zante","wordle","","True"
"zanza","wordle","","True"
"zanze","wordle","","True"
"zappy","wordle","","True"
"zarfs","wordle","","True"
"zaris","wordle","","True"
"zatis","wordle","","True"
"zaxes","wordle","","True"
"zayin","wordle","","True"
"zazen","wordle","","True"
"zeals","wordle","","True"
"zebec","wordle","","True"
"zebra","wordle","","True"
"zebub","wordle","","True"
"zebus","wordle","","True"
"zedas","wordle","","True"
"zeins","wordle","","True"
"zendo","wordle","","True"
"zerda","wordle","","True"
"zerks","wordle","","True"
"zeros","wordle","","True"
"zests","wordle","","True"
"zesty","wordle","","True"
"zetas","wordle","","True"
"zexes","wordle","","True"
"zezes","wordle","","True"
"zhomo","wordle","","True"
"zibet","wordle","","True"
"ziffs","wordle","","True"
"zigan","wordle","","True"
"zilas","wordle","","True"
"zilch","wordle","","True"
"zilla","wordle","","True"
"zills","wordle","","True"
"zimbi","wordle","","True"
"zimbs","wordle","","True"
"zinco","wordle","","True"
"zincs","wordle","","True"
"zincy","wordle","","True"
"zineb","wordle","","True"
"zines","wordle","","True"
"zings","wordle","","True"
"zingy","wordle","","True"
"zinke","wordle","","True"
"zinky","wordle","","True"
"zippo","wordle","","True"
"zippy","wordle","","True"
"ziram","wordle","","True"
"zitis","wordle","","True"
"zizel","wordle","","True"
"zizit","wordle","","True"
"zlote","wordle","","True"
"zloty","wordle","","True"
"zoaea","wordle","","True"
"zobos","wordle","","True"
"zobus","wordle","","True"
"zocco","wordle","","True"
"zoeae","wordle","","True"
"zoeal","wordle","","True"
"zoeas","wordle","","True"
"zoism","wordle","","True"
"zoist","wordle","","True"
"zombi","wordle","","True"
"zonae","wordle","","True"
"zonal","wordle","","True"
"zonda","wordle","","True"
"zoned","wordle","","True"
"zoner","wordle","","True"
"zones","wordle","","True"
"zonks","wordle","","True"
"zooea","wordle","","True"
"zooey","wordle","","True"
"zooid","wordle","","True"
"zooks","wordle","","True"
"zooms","wordle","","True"
"zoons","wordle","","True"
"zooty","wordle","","True"
"zoppa","wordle","","True"
"zoppo","wordle","","True"
"zoril","wordle","","True"
"zoris","wordle","","True"
"zorro","wordle","","True"
"zouks","wordle","","True"
"zowee","wordle","","True"
"zowie","wordle","","True"
"zulus","wordle","","True"
"zupan","wordle","","True"
"zupas","wordle","","True"
"zuppa","wordle","","True"
"zurfs","wordle","","True"
"zuzim","wordle","","True"
"zygal","wordle","","True"
"zygon","wordle","","True"
"zymes","wordle","","True"
"zymic","wordle","","True"
